# Blender 4.5.0
# www.blender.org
mtllib tripo_convert_80cfebc9-5225-4433-9270-bcd9caad85d5.mtl
o tripo_node_80cfebc9-5225-4433-9270-bcd9caad85d5
v 0.000011 0.427032 0.057529
v 0.000016 -0.078148 -0.125580
v 0.000049 -0.084061 0.126953
v 0.000058 0.494232 -0.022097
v 0.000077 -0.069321 0.135468
v 0.000113 0.083885 0.100685
v 0.000300 0.241882 -0.125885
v 0.000309 -0.110176 0.105057
v 0.000328 -0.009758 -0.099960
v 0.000378 0.493744 0.008666
v 0.000396 -0.016195 0.156021
v 0.000434 0.146362 0.136337
v 0.000437 0.419983 -0.054958
v 0.000445 -0.455078 0.057125
v 0.000507 -0.497009 0.079475
v 0.000517 0.469696 0.048000
v 0.000538 -0.083389 -0.126633
v 0.000739 0.128433 -0.132614
v 0.000769 -0.447113 0.061943
v 0.000771 0.212769 0.127533
v 0.000774 0.106155 -0.147202
v 0.000809 0.133392 -0.121819
v 0.000809 -0.080254 0.125412
v 0.000914 0.477875 0.039368
v 0.000958 0.317261 -0.071075
v 0.001051 -0.340240 -0.040108
v 0.001066 0.130981 -0.094223
v 0.001080 -0.279327 -0.033211
v 0.001149 -0.237640 -0.021519
v 0.001205 -0.393402 0.046299
v 0.001249 -0.011392 0.099365
v 0.001276 0.319153 0.065926
v 0.001342 0.036930 -0.115700
v 0.001400 0.335449 0.029949
v 0.001458 -0.142685 -0.001607
v 0.001476 0.420471 -0.059368
v 0.001479 0.016424 -0.164078
v 0.001499 0.268585 0.121979
v 0.001611 -0.080757 -0.102760
v 0.001624 0.105408 -0.109863
v 0.001631 -0.440399 -0.077095
v 0.001652 -0.467255 0.091827
v 0.001713 0.389526 0.045387
v 0.001924 0.327484 0.059765
v 0.001961 -0.078438 -0.138168
v 0.002078 0.336060 -0.030649
v 0.002266 -0.450562 0.085777
v 0.002284 -0.060646 0.151062
v 0.002294 0.162979 0.135788
v 0.002303 0.019930 -0.102669
v 0.002323 0.015541 0.098419
v 0.002396 -0.033138 -0.135849
v 0.002503 0.013660 0.121124
v 0.002514 -0.495941 -0.074211
v 0.002517 0.303284 -0.097000
v 0.002570 0.483429 0.033134
v 0.002594 0.091835 -0.093658
v 0.002672 0.178177 -0.132126
v 0.002805 -0.236618 0.021955
v 0.002836 0.125305 0.131134
v 0.002883 -0.025545 -0.154495
v 0.002972 0.128464 0.117584
v 0.002980 0.387634 -0.041340
v 0.003022 0.453400 -0.058594
v 0.003112 0.394958 -0.045490
v 0.003163 -0.050110 -0.154343
v 0.003343 0.490326 0.000576
v 0.003349 0.023634 -0.161697
v 0.003371 -0.065750 -0.147736
v 0.003406 0.135483 0.094795
v 0.003462 0.414276 -0.059822
v 0.003490 0.023838 0.161377
v 0.003528 0.112831 0.116264
v 0.003550 0.284668 -0.112968
v 0.003575 0.488434 -0.022221
v 0.003603 0.486115 0.019657
v 0.003613 0.042244 0.114037
v 0.003637 -0.073906 0.139679
v 0.003661 0.387787 -0.035595
v 0.003716 -0.450134 -0.064728
v 0.003740 0.459869 0.049870
v 0.003792 0.339478 -0.047440
v 0.003803 -0.214615 0.014945
v 0.003806 -0.366516 -0.043991
v 0.003821 0.471771 -0.039806
v 0.003862 0.399597 0.045464
v 0.004013 0.103188 0.114006
v 0.004263 -0.389038 -0.089928
v 0.004265 0.086609 -0.103844
v 0.004331 -0.406250 0.050171
v 0.004462 0.300201 0.099716
v 0.004505 0.381592 -0.033199
v 0.004611 -0.068298 -0.142136
v 0.004698 -0.060738 -0.141678
v 0.004702 0.432770 -0.061981
v 0.004745 -0.451630 -0.076492
v 0.004761 -0.456177 0.063324
v 0.004786 -0.375793 -0.098579
v 0.004875 0.413940 -0.051071
v 0.004879 0.123787 -0.123001
v 0.004908 0.409424 0.048283
v 0.004942 0.123589 -0.100281
v 0.005021 -0.089890 0.120979
v 0.005205 -0.041946 0.137619
v 0.005252 0.339447 0.026026
v 0.005318 0.422333 0.059380
v 0.005332 0.114716 -0.137863
v 0.005341 -0.064690 0.146393
v 0.005362 -0.449097 0.075027
v 0.005426 0.070564 0.109741
v 0.005546 0.115234 0.132294
v 0.005604 0.464630 -0.052727
v 0.005669 -0.031136 0.154312
v 0.005674 -0.407776 -0.058594
v 0.005711 0.322998 -0.055141
v 0.005803 0.124130 0.105560
v 0.005815 0.386688 0.035500
v 0.005846 0.363495 -0.027977
v 0.005870 0.147095 -0.130051
v 0.005888 0.097740 0.144119
v 0.005889 -0.014906 0.124329
v 0.005889 -0.065453 0.100502
v 0.005911 0.159470 -0.122887
v 0.005960 0.130035 -0.111313
v 0.005973 0.048882 0.110748
v 0.005999 -0.085831 -0.128723
v 0.006003 0.110786 -0.125534
v 0.006055 0.241608 0.123489
v 0.006094 0.004690 0.120979
v 0.006133 0.013824 -0.122574
v 0.006151 -0.311676 -0.097664
v 0.006168 -0.084824 -0.122833
v 0.006193 0.479553 0.031487
v 0.006200 0.121033 -0.113716
v 0.006255 0.119720 0.117996
v 0.006260 -0.280670 -0.098114
v 0.006326 -0.022703 0.094406
v 0.006343 0.064972 0.149109
v 0.006432 -0.093140 -0.113640
v 0.006520 0.157990 0.121429
v 0.006538 -0.401184 -0.071815
v 0.006629 -0.060406 0.142349
v 0.006703 -0.000040 0.157684
v 0.006708 0.071747 -0.111458
v 0.006755 0.430511 -0.057041
v 0.006779 -0.081612 0.127502
v 0.006886 -0.003040 -0.157837
v 0.006932 0.442871 -0.056236
v 0.006950 0.351807 0.024504
v 0.006973 -0.087440 0.115807
v 0.006989 0.443176 0.054836
v 0.007054 -0.146439 0.004313
v 0.007057 0.089630 0.093147
v 0.007107 -0.028009 -0.131500
v 0.007246 0.082489 -0.147598
v 0.007278 0.050282 -0.110939
v 0.007295 -0.093536 0.113609
v 0.007331 -0.184006 0.010159
v 0.007421 -0.232681 -0.102592
v 0.007432 -0.076492 -0.137360
v 0.007434 0.421539 -0.059444
v 0.007556 0.321960 0.053577
v 0.007707 0.060650 0.098557
v 0.007720 -0.061821 -0.144684
v 0.007746 0.188873 0.121132
v 0.007793 0.095810 -0.112274
v 0.007915 -0.388672 0.080894
v 0.007952 -0.401215 0.059994
v 0.007955 0.000546 0.099594
v 0.007977 0.014569 0.159393
v 0.008105 -0.360535 0.097557
v 0.008192 0.134613 0.112068
v 0.008235 0.152023 0.092606
v 0.008263 0.471313 -0.043922
v 0.008286 0.033909 -0.103645
v 0.008432 0.014227 -0.159134
v 0.008532 -0.076965 0.139664
v 0.008595 0.059120 -0.098946
v 0.008613 0.471954 0.039822
v 0.008635 0.209320 -0.118027
v 0.008667 -0.031250 0.133209
v 0.008706 -0.062099 0.147339
v 0.008784 0.093002 0.112198
v 0.008942 0.481354 -0.034882
v 0.008959 0.147751 -0.100807
v 0.008998 -0.087051 0.131012
v 0.009034 -0.059452 -0.150772
v 0.009089 0.459717 0.048180
v 0.009116 -0.160553 -0.007281
v 0.009133 -0.270599 0.036915
v 0.009143 0.457367 -0.052650
v 0.009152 0.144073 0.120697
v 0.009193 -0.382050 -0.053734
v 0.009201 0.151672 0.104034
v 0.009221 0.059410 -0.112450
v 0.009233 -0.067619 -0.138779
v 0.009302 0.142441 0.099754
v 0.009356 0.489716 -0.022243
v 0.009459 -0.144913 -0.004077
v 0.009488 -0.055004 0.153275
v 0.009571 0.154938 -0.092606
v 0.009642 -0.187378 -0.011253
v 0.009695 0.084572 -0.116081
v 0.009723 -0.498383 0.093658
v 0.009749 0.024986 0.104126
v 0.009753 0.060833 -0.147827
v 0.009793 0.389130 0.039600
v 0.009936 -0.070183 0.136719
v 0.009960 0.305969 0.082985
v 0.010028 -0.022264 -0.093903
v 0.010144 0.036823 -0.156128
v 0.010169 0.140244 -0.110008
v 0.010225 0.040947 0.155579
v 0.010233 -0.015574 -0.156052
v 0.010246 -0.497528 -0.100937
v 0.010251 0.094368 -0.132782
v 0.010333 -0.011758 -0.119194
v 0.010335 0.333252 0.034462
v 0.010380 0.403473 -0.042385
v 0.010398 0.004062 -0.098824
v 0.010501 -0.079994 -0.140320
v 0.010527 0.039776 0.103729
v 0.010547 0.428314 -0.058903
v 0.010617 0.019079 -0.160660
v 0.010718 0.188690 -0.114609
v 0.010723 -0.487640 -0.105858
v 0.010727 0.420441 0.056633
v 0.010842 -0.090118 -0.125549
v 0.010902 -0.081551 0.124557
v 0.010977 0.018486 -0.116623
v 0.011022 0.099937 0.128021
v 0.011038 0.002602 -0.120293
v 0.011071 0.448914 -0.058220
v 0.011072 -0.087952 0.114990
v 0.011111 0.335663 -0.021622
v 0.011120 0.483368 0.030741
v 0.011138 -0.010736 0.118561
v 0.011176 0.081299 0.119873
v 0.011184 0.125076 0.091400
v 0.011189 -0.292419 0.041771
v 0.011189 -0.354919 0.050079
v 0.011292 0.371674 0.030983
v 0.011298 0.329407 0.049828
v 0.011299 0.097145 -0.122887
v 0.011375 0.489288 0.015384
v 0.011404 -0.089340 -0.115181
v 0.011408 -0.011745 0.092766
v 0.011422 0.217117 0.117058
v 0.011498 0.030281 -0.116936
v 0.011767 -0.373657 0.056961
v 0.011914 -0.055870 -0.137054
v 0.011961 0.276672 0.111061
v 0.011981 -0.091934 0.120964
v 0.011994 0.466797 -0.042480
v 0.012184 -0.472778 -0.095856
v 0.012249 -0.060207 0.138626
v 0.012259 0.131775 -0.091431
v 0.012398 -0.464539 -0.062767
v 0.012451 -0.494049 0.069328
v 0.012482 -0.297852 -0.043213
v 0.012492 -0.460754 0.084045
v 0.012502 0.435669 0.057808
v 0.012579 -0.079597 -0.127441
v 0.012769 0.324982 -0.049961
v 0.012833 0.335510 0.040611
v 0.012857 0.441559 0.059338
v 0.012956 -0.060921 -0.138779
v 0.012959 0.168564 0.108063
v 0.013019 -0.053608 0.136307
v 0.013049 0.305328 -0.076797
v 0.013284 -0.133377 0.102852
v 0.013288 -0.090279 0.117371
v 0.013366 -0.348602 -0.093277
v 0.013383 0.419830 0.052406
v 0.013427 0.407837 0.049225
v 0.013459 -0.027102 -0.120804
v 0.013586 0.024548 0.116348
v 0.013592 0.019209 0.158554
v 0.013617 -0.066933 0.147995
v 0.013651 0.025349 0.149734
v 0.013688 0.328247 0.022211
v 0.013779 -0.369904 0.075912
v 0.013849 0.171448 -0.103714
v 0.013966 0.018461 0.117805
v 0.013981 0.072723 0.137253
v 0.014032 -0.320770 0.093407
v 0.014136 0.269501 -0.111794
v 0.014224 -0.472656 0.061211
v 0.014317 0.325500 -0.020903
v 0.014716 -0.029959 0.120667
v 0.014824 0.034885 0.153976
v 0.014830 -0.077988 0.141556
v 0.014858 0.358643 0.022598
v 0.014915 0.188049 0.106102
v 0.014971 0.022289 -0.103561
v 0.014994 -0.141296 0.002072
v 0.015026 0.328949 -0.028147
v 0.015072 0.492249 -0.002604
v 0.015079 0.330261 -0.043503
v 0.015091 -0.015602 0.154694
v 0.015099 -0.367035 -0.067711
v 0.015103 -0.356903 0.088623
v 0.015213 0.232285 -0.118004
v 0.015224 -0.083336 0.133774
v 0.015267 0.171936 0.096550
v 0.015356 0.072021 -0.129471
v 0.015487 -0.080475 -0.138214
v 0.015631 0.437439 -0.060265
v 0.015749 0.350555 -0.017649
v 0.015892 -0.320129 0.049118
v 0.015917 0.384399 -0.035862
v 0.016050 0.025002 -0.148529
v 0.016071 -0.458954 0.069817
v 0.016083 -0.043919 -0.153397
v 0.016174 -0.022150 -0.152512
v 0.016218 -0.081612 -0.130112
v 0.016245 0.103203 -0.089821
v 0.016283 0.045815 -0.117668
v 0.016287 0.252167 -0.118866
v 0.016371 -0.067528 -0.136703
v 0.016378 -0.060402 -0.097321
v 0.016478 0.063034 -0.139679
v 0.016596 -0.054447 0.152863
v 0.016613 0.048412 0.117012
v 0.016647 -0.068123 -0.145889
v 0.016655 -0.077950 0.132599
v 0.016739 0.317474 -0.045097
v 0.016787 0.436005 0.064056
v 0.016848 0.322784 0.046112
v 0.016932 0.292572 -0.093552
v 0.016960 -0.066307 0.137909
v 0.016964 0.016136 -0.098328
v 0.016966 -0.056389 -0.152405
v 0.016991 0.174820 -0.092064
v 0.017006 0.015337 0.124489
v 0.017054 0.062820 -0.123276
v 0.017288 0.168732 0.090553
v 0.017288 0.462769 -0.051899
v 0.017298 0.037361 0.119446
v 0.017336 -0.184540 -0.100761
v 0.017488 -0.488953 -0.063576
v 0.017525 0.015863 -0.123985
v 0.017578 -0.326813 -0.052719
v 0.017616 0.470917 0.041763
v 0.017693 0.293518 0.090584
v 0.017715 -0.002446 0.153900
v 0.017719 0.249619 0.118240
v 0.017729 0.016865 0.098549
v 0.017733 0.004796 -0.152771
v 0.017736 -0.009931 -0.098709
v 0.018009 0.081856 -0.094070
v 0.018106 0.338470 0.011606
v 0.018240 0.475555 -0.035477
v 0.018284 -0.466370 0.064445
v 0.018597 0.057655 0.125992
v 0.018623 0.045330 0.149506
v 0.018715 0.427887 -0.055035
v 0.018724 0.465698 -0.044632
v 0.018761 0.330292 -0.031742
v 0.018774 -0.256287 -0.039951
v 0.018829 0.454590 -0.058449
v 0.018856 -0.067108 -0.141342
v 0.018866 0.457733 0.050026
v 0.018871 0.489349 -0.026381
v 0.018919 0.107788 0.088829
v 0.018934 0.327393 -0.009038
v 0.018993 0.434631 0.055305
v 0.019030 0.040943 -0.150070
v 0.019041 0.198486 0.092094
v 0.019051 -0.049381 0.095566
v 0.019257 0.060009 -0.098282
v 0.019276 -0.088188 0.117889
v 0.019339 0.411194 -0.045715
v 0.019356 -0.467987 -0.089546
v 0.019375 -0.013063 -0.091965
v 0.019400 -0.231613 0.032364
v 0.019430 0.002906 -0.122032
v 0.019440 0.191452 -0.098549
v 0.019455 -0.014542 -0.150192
v 0.019520 -0.088799 -0.118248
v 0.019545 0.400940 0.042164
v 0.019564 -0.063255 0.144119
v 0.019604 -0.461273 -0.070679
v 0.019609 0.319244 0.006207
v 0.019726 0.200348 -0.092529
v 0.019768 0.017467 -0.152985
v 0.019827 -0.061291 -0.140579
v 0.019838 0.041668 0.101944
v 0.019865 -0.088104 0.099617
v 0.019873 -0.004880 0.120682
v 0.020008 -0.042778 -0.131210
v 0.020046 -0.061497 0.138733
v 0.020140 0.282288 0.096970
v 0.020197 0.465668 -0.037525
v 0.020203 -0.120377 -0.100281
v 0.020220 -0.023409 0.116234
v 0.020277 0.014376 0.150589
v 0.020344 0.050800 0.139816
v 0.020361 -0.039841 0.127853
v 0.020401 0.040916 -0.128540
v 0.020401 0.203445 0.105141
v 0.020412 0.052235 -0.131454
v 0.020529 0.205521 0.096924
v 0.020573 0.039562 0.130035
v 0.020573 0.482208 0.025406
v 0.020691 -0.082214 -0.120445
v 0.020754 0.326569 0.037548
v 0.020849 0.487549 0.011440
v 0.020861 0.317627 0.037518
v 0.020887 -0.080391 0.127945
v 0.021000 -0.311676 -0.088921
v 0.021011 -0.080116 -0.129715
v 0.021027 0.259674 -0.103973
v 0.021076 0.446014 0.053886
v 0.021191 -0.010438 -0.119461
v 0.021267 0.315338 -0.003239
v 0.021326 0.257690 0.106003
v 0.021353 -0.039265 -0.123917
v 0.021547 -0.462830 -0.079971
v 0.021551 -0.088097 0.114700
v 0.021574 0.039474 -0.139786
v 0.021629 0.004191 0.096359
v 0.021711 -0.160736 -0.009858
v 0.021730 -0.143280 0.006818
v 0.021786 -0.490540 0.109474
v 0.021811 0.025919 -0.121727
v 0.021814 0.033497 0.140121
v 0.021872 0.225845 -0.101921
v 0.021982 0.420441 0.052349
v 0.022020 -0.333496 -0.083099
v 0.022047 0.231781 0.114990
v 0.022106 -0.273346 0.089622
v 0.022123 0.165207 -0.086853
v 0.022255 0.234497 0.106270
v 0.022257 0.387756 0.037373
v 0.022282 0.084473 0.093269
v 0.022345 -0.065117 0.136673
v 0.022362 -0.326172 0.085571
v 0.022373 -0.011773 -0.151855
v 0.022436 0.238083 -0.114723
v 0.022436 -0.053223 0.149323
v 0.022476 -0.039387 0.120476
v 0.022512 0.357635 -0.019213
v 0.022610 -0.014097 0.147690
v 0.022621 -0.059956 0.134933
v 0.022676 0.342163 -0.004036
v 0.022690 0.134140 0.084183
v 0.022831 0.212341 -0.107124
v 0.022858 0.309845 0.042858
v 0.022913 -0.208481 -0.026182
v 0.022964 -0.062199 0.142395
v 0.022993 -0.172852 0.098343
v 0.023066 0.024529 0.123985
v 0.023090 0.033020 -0.101349
v 0.023121 -0.052200 0.132629
v 0.023136 0.291809 -0.080421
v 0.023188 0.493347 -0.009001
v 0.023298 0.351959 0.012016
v 0.023342 -0.067383 -0.140900
v 0.023479 -0.150803 -0.098656
v 0.023584 -0.065453 -0.134827
v 0.023617 0.218063 0.107841
v 0.023619 0.228546 -0.090576
v 0.023659 -0.054512 -0.148346
v 0.023874 -0.087151 0.125519
v 0.023880 0.015420 0.131409
v 0.023907 0.259033 0.091927
v 0.023930 0.013417 -0.144363
v 0.023983 0.466034 0.039738
v 0.024012 0.016571 -0.131592
v 0.024071 0.326172 0.027433
v 0.024086 0.442291 -0.055473
v 0.024105 -0.171051 0.014362
v 0.024160 0.274933 -0.092834
v 0.024181 -0.039577 0.149307
v 0.024191 -0.002484 0.147720
v 0.024271 0.025103 -0.136627
v 0.024315 0.460663 -0.051395
v 0.024420 -0.059315 -0.134674
v 0.024431 -0.493927 -0.109947
v 0.024464 -0.077560 0.124741
v 0.024464 -0.086609 -0.116211
v 0.024466 0.251129 -0.089561
v 0.024490 0.363037 -0.025553
v 0.024593 0.029436 0.128250
v 0.024609 0.020386 0.145447
v 0.024651 -0.009054 0.095627
v 0.024776 0.244858 0.095901
v 0.024811 0.446503 0.049862
v 0.024857 -0.042171 -0.116516
v 0.024902 -0.078941 -0.136108
v 0.025021 -0.076584 0.137512
v 0.025028 0.452881 -0.055237
v 0.025103 0.026373 -0.128860
v 0.025190 -0.316803 0.064072
v 0.025198 -0.137100 -0.006512
v 0.025213 -0.323608 0.075638
v 0.025347 0.372009 0.031487
v 0.025396 -0.049343 -0.132034
v 0.025450 0.011070 0.140793
v 0.025476 0.233643 0.090073
v 0.025597 -0.011252 0.123962
v 0.025614 -0.012471 0.148422
v 0.025633 0.471588 -0.031076
v 0.025660 0.317780 -0.010844
v 0.025660 -0.257904 0.046543
v 0.025732 0.316345 0.008358
v 0.025787 -0.086113 -0.126953
v 0.025812 0.023832 0.134201
v 0.025818 -0.496185 0.108887
v 0.025824 -0.041435 0.127411
v 0.025841 -0.022512 -0.145508
v 0.025854 0.206589 -0.091110
v 0.026020 -0.271393 -0.087708
v 0.026096 -0.000663 -0.094940
v 0.026167 -0.044441 0.114799
v 0.026289 -0.084846 0.118042
v 0.026299 -0.065300 0.133224
v 0.026457 0.304657 -0.044342
v 0.026512 -0.041443 -0.128387
v 0.026518 -0.483032 0.104988
v 0.026794 -0.045441 -0.123314
v 0.026875 -0.004638 -0.126953
v 0.026930 -0.088692 0.120384
v 0.026943 -0.034035 -0.114517
v 0.026960 0.489777 0.015571
v 0.026993 -0.044239 -0.147995
v 0.027039 -0.064697 0.143188
v 0.027040 -0.465881 0.079819
v 0.027048 0.484100 -0.022921
v 0.027092 -0.046291 0.124069
v 0.027138 0.389130 0.042034
v 0.027201 0.319763 -0.027174
v 0.027218 0.404175 0.046089
v 0.027319 -0.009348 -0.143188
v 0.027414 0.462555 0.044682
v 0.027458 0.479309 0.033848
v 0.027473 -0.075859 -0.127899
v 0.027760 -0.485596 -0.107803
v 0.027775 -0.485809 0.062569
v 0.027901 -0.304260 -0.064156
v 0.027981 0.388092 0.037018
v 0.028151 0.460205 -0.039143
v 0.028181 -0.001413 0.130035
v 0.028223 -0.498779 0.103851
v 0.028244 -0.085213 -0.122017
v 0.028282 -0.026239 0.141785
v 0.028305 -0.024372 -0.117287
v 0.028364 -0.131943 -0.001437
v 0.028397 0.215134 0.090309
v 0.028521 -0.217529 0.091583
v 0.028538 -0.280823 -0.056103
v 0.028603 -0.025713 0.086426
v 0.028610 0.371490 -0.030321
v 0.028730 -0.008430 -0.134247
v 0.028749 0.349426 -0.001517
v 0.028793 -0.010088 0.139267
v 0.028797 -0.213623 -0.091599
v 0.028906 -0.056774 0.117500
v 0.028980 -0.046989 0.133301
v 0.029112 0.361359 0.023548
v 0.029112 0.478821 -0.021818
v 0.029135 -0.080994 0.132462
v 0.029535 -0.013772 0.089844
v 0.029646 -0.077950 -0.135605
v 0.029720 0.454102 -0.047188
v 0.029753 0.314056 0.022106
v 0.029823 0.289612 0.064514
v 0.029858 0.024017 0.097694
v 0.029888 -0.293213 -0.082596
v 0.030024 -0.279022 0.058155
v 0.030031 -0.009443 0.129822
v 0.030085 0.309235 -0.023113
v 0.030094 -0.291473 0.082184
v 0.030109 0.311920 -0.000139
v 0.030237 -0.013547 -0.083481
v 0.030241 -0.059948 -0.117729
v 0.030254 -0.061756 -0.143127
v 0.030317 -0.053734 0.146622
v 0.030390 0.436127 0.050659
v 0.030483 -0.047062 -0.133698
v 0.030497 0.020660 -0.096855
v 0.030523 -0.128998 0.006123
v 0.030731 -0.036118 0.129257
v 0.030735 -0.042332 0.113495
v 0.030764 0.258148 0.088570
v 0.030773 0.100266 -0.090439
v 0.030773 -0.024496 0.120384
v 0.030827 -0.056969 -0.113144
v 0.030966 -0.065811 0.134827
v 0.031273 -0.497467 -0.067741
v 0.031342 0.244934 -0.088455
v 0.031376 0.458832 -0.032936
v 0.031384 -0.033844 -0.129684
v 0.031395 -0.041676 -0.126480
v 0.031502 -0.064720 -0.135513
v 0.031551 0.273254 -0.084846
v 0.031570 0.181213 -0.078606
v 0.031624 -0.044037 0.139221
v 0.031685 -0.056870 0.123634
v 0.031731 -0.042648 -0.139160
v 0.031891 0.315765 -0.011131
v 0.032082 0.272278 0.085075
v 0.032093 0.468231 0.044258
v 0.032104 -0.499207 0.077034
v 0.032127 -0.031218 -0.086044
v 0.032158 0.140854 -0.079544
v 0.032169 -0.011412 -0.091911
v 0.032276 -0.239639 -0.046726
v 0.032280 -0.497925 -0.106361
v 0.032364 -0.042591 0.126007
v 0.032486 0.403717 0.045746
v 0.032646 -0.288818 -0.074615
v 0.032867 -0.056992 -0.123985
v 0.033176 -0.029188 0.125229
v 0.033195 0.198242 0.079803
v 0.033268 0.075027 0.085922
v 0.033306 0.308136 -0.013428
v 0.033314 0.403961 -0.037933
v 0.033432 -0.188370 0.027756
v 0.033459 0.015127 0.091202
v 0.033474 0.312042 0.005191
v 0.033543 0.351379 0.007146
v 0.033607 0.449646 0.050354
v 0.033878 0.134018 0.080406
v 0.033882 -0.013517 0.081642
v 0.033974 -0.090721 -0.095306
v 0.034252 -0.499268 -0.082130
v 0.034313 0.419037 -0.044285
v 0.034355 0.478943 0.028477
v 0.034588 0.010386 -0.090073
v 0.034626 0.083298 -0.085426
v 0.034702 -0.036842 -0.121544
v 0.034828 0.482239 -0.007596
v 0.034935 0.044022 0.089470
v 0.035027 0.484375 0.006310
v 0.035065 0.166916 0.076019
v 0.035095 -0.158066 -0.018646
v 0.035225 -0.064133 0.111542
v 0.035271 0.477783 -0.025719
v 0.035332 0.304291 -0.001461
v 0.035412 -0.065697 -0.112274
v 0.035454 0.459839 0.044342
v 0.036190 -0.068161 0.117355
v 0.036312 -0.053921 -0.113602
v 0.036453 -0.482452 -0.063492
v 0.036514 -0.247955 -0.082253
v 0.036549 -0.497284 0.067299
v 0.036648 0.399689 0.037254
v 0.036781 -0.121574 0.093895
v 0.036907 0.419067 0.047245
v 0.037033 0.352570 -0.012025
v 0.037201 -0.266449 0.071297
v 0.037270 0.388000 0.033775
v 0.037415 0.483093 -0.013424
v 0.037525 0.467438 -0.030056
v 0.037525 -0.223190 0.046799
v 0.037544 -0.063583 0.122559
v 0.037560 -0.260773 -0.065147
v 0.037743 0.454529 -0.039764
v 0.037746 -0.055378 -0.121147
v 0.037941 -0.492462 0.112030
v 0.038002 -0.052040 0.087578
v 0.038021 -0.248444 0.059006
v 0.038067 -0.053341 0.119293
v 0.038250 0.001714 0.087135
v 0.038666 -0.249420 0.078888
v 0.038818 0.444794 -0.045422
v 0.038918 0.447113 0.047348
v 0.038994 -0.067650 -0.119080
v 0.039059 0.434235 -0.046413
v 0.039078 0.249680 -0.082512
v 0.039200 -0.473175 0.070694
v 0.039238 0.297180 -0.007489
v 0.039257 -0.188965 -0.034409
v 0.039272 0.118408 0.085716
v 0.039288 -0.086609 0.091980
v 0.039318 0.218887 -0.079575
v 0.039337 -0.060974 0.114464
v 0.039669 -0.499268 0.088402
v 0.039925 -0.115868 0.003019
v 0.039948 0.294556 0.019020
v 0.040085 -0.056629 -0.086876
v 0.040115 -0.067261 -0.112701
v 0.040524 0.363007 -0.021637
v 0.040577 -0.484894 0.103310
v 0.040680 -0.218002 0.082382
v 0.041180 -0.068367 0.117004
v 0.041477 0.390381 -0.033150
v 0.041527 -0.480438 0.064552
v 0.041618 0.061226 -0.080803
v 0.041714 -0.227722 -0.055134
v 0.041817 -0.162170 -0.087120
v 0.041866 -0.475342 -0.068520
v 0.041965 0.033413 -0.084831
v 0.042015 0.348938 -0.001425
v 0.042053 -0.161636 0.027145
v 0.042187 -0.489044 0.111076
v 0.042225 0.099091 0.084190
v 0.042313 0.412262 0.041931
v 0.042370 0.466217 0.035465
v 0.042599 0.277252 -0.053818
v 0.042660 -0.021803 -0.078316
v 0.042683 0.131546 -0.081406
v 0.042797 -0.113846 -0.090637
v 0.042805 -0.130280 -0.017223
v 0.042976 -0.490814 -0.111160
v 0.043270 0.222488 0.076721
v 0.043278 0.481750 -0.017815
v 0.043369 -0.012973 0.083908
v 0.043541 0.264465 -0.068062
v 0.043610 -0.231277 -0.070290
v 0.043667 -0.485687 -0.102829
v 0.043678 -0.493256 -0.063690
v 0.043766 0.370117 0.023840
v 0.043812 0.420593 -0.038910
v 0.044029 -0.026785 0.077621
v 0.044239 -0.129730 0.019026
v 0.044323 0.457397 -0.030226
v 0.044361 -0.194931 -0.081108
v 0.044411 0.433990 0.044125
v 0.044621 0.404938 -0.031754
v 0.044769 -0.495392 -0.110542
v 0.044773 -0.175873 0.082893
v 0.044880 0.285004 -0.028078
v 0.045029 -0.480682 -0.091240
v 0.045052 0.472290 0.022551
v 0.045246 -0.496613 0.108521
v 0.045277 0.476257 0.008567
v 0.045433 0.240356 0.076164
v 0.045433 -0.014520 -0.080215
v 0.045570 0.451691 0.036613
v 0.045574 -0.498077 -0.094673
v 0.045597 0.352295 0.011949
v 0.045700 0.104805 -0.082443
v 0.045723 -0.189682 -0.044235
v 0.045734 -0.218552 0.063141
v 0.045944 0.451935 -0.028381
v 0.045975 -0.186218 0.043179
v 0.046013 0.391296 0.031218
v 0.046085 -0.088409 -0.086723
v 0.046391 -0.016100 -0.072281
v 0.046909 -0.201935 0.073677
v 0.047050 0.413818 -0.034569
v 0.047119 0.018063 0.079834
v 0.047215 -0.103806 0.015144
v 0.047573 0.276123 0.041718
v 0.047623 0.012403 -0.079216
v 0.047642 0.352417 -0.011823
v 0.047863 -0.116035 0.085365
v 0.047867 0.481628 0.000957
v 0.047928 0.433502 -0.040981
v 0.047981 -0.200439 -0.056942
v 0.048027 -0.065750 0.081627
v 0.048084 0.447113 -0.035446
v 0.048145 0.474304 -0.021433
v 0.048161 0.151047 0.076134
v 0.048225 0.405060 0.029068
v 0.048431 0.258484 0.064018
v 0.048546 0.181015 -0.070732
v 0.048901 -0.125610 -0.083656
v 0.048927 0.435699 -0.032497
v 0.048981 0.465759 0.021854
v 0.049068 0.201996 0.069046
v 0.049404 -0.477295 -0.074669
v 0.049534 -0.088989 0.013675
v 0.049576 0.422485 0.040825
v 0.049606 -0.497650 -0.068916
v 0.049953 -0.044708 -0.073257
v 0.050011 -0.494202 0.103142
v 0.050167 0.377014 -0.023018
v 0.050251 -0.106644 -0.010007
v 0.050350 -0.490540 0.064148
v 0.050407 -0.183395 -0.066429
v 0.050491 -0.181290 0.053020
v 0.050579 -0.035797 0.068581
v 0.050953 -0.143295 -0.031780
v 0.051105 -0.480469 0.080284
v 0.051174 -0.152252 0.075478
v 0.051193 -0.499176 0.074196
v 0.051220 0.358307 -0.011917
v 0.051361 0.480225 -0.006866
v 0.051506 0.405579 -0.011656
v 0.051735 -0.154861 -0.072929
v 0.051769 -0.014864 0.049255
v 0.051872 -0.158936 -0.042835
v 0.052010 0.409790 -0.024393
v 0.052044 0.240921 -0.067657
v 0.052223 0.404480 0.011577
v 0.052349 -0.014973 0.056641
v 0.052361 -0.496185 0.093597
v 0.052589 -0.481567 -0.086540
v 0.052589 -0.496460 0.068298
v 0.052700 -0.168015 0.061317
v 0.052753 -0.495209 -0.103699
v 0.052830 -0.487305 -0.098488
v 0.053009 0.350006 0.005055
v 0.053028 0.473053 0.016996
v 0.053047 0.447815 -0.023170
v 0.053188 -0.016323 0.066391
v 0.053200 0.369476 0.015234
v 0.053200 -0.006496 -0.072433
v 0.053322 0.127106 0.077095
v 0.053329 -0.077538 0.010314
v 0.053455 -0.485748 0.094795
v 0.053478 0.390442 -0.022390
v 0.053535 0.348816 -0.002627
v 0.053654 -0.072029 0.072220
v 0.053677 -0.160614 -0.053669
v 0.053806 0.462646 -0.027458
v 0.054062 0.392944 0.021397
v 0.054123 0.218094 -0.066330
v 0.054382 0.398346 -0.017588
v 0.054443 -0.107735 0.071838
v 0.054588 0.149246 -0.074455
v 0.054806 0.040058 0.073906
v 0.054867 0.410583 -0.012538
v 0.055012 0.473755 -0.008236
v 0.055054 0.449951 0.035339
v 0.055077 -0.138046 0.039898
v 0.055290 0.042545 -0.073296
v 0.055294 -0.493683 0.098083
v 0.055405 -0.024864 -0.056030
v 0.055492 0.083725 -0.068275
v 0.055542 -0.004018 0.069092
v 0.055630 -0.134628 0.060299
v 0.055645 0.452209 -0.025667
v 0.055660 -0.488678 0.099976
v 0.055706 -0.016331 -0.057121
v 0.055847 0.427155 -0.028248
v 0.055889 0.411499 0.013766
v 0.055912 -0.484161 0.089294
v 0.055992 0.419800 0.038864
v 0.056137 -0.053082 0.023401
v 0.056171 -0.484009 -0.082413
v 0.056221 -0.497253 -0.110527
v 0.056293 0.427185 0.038818
v 0.056358 -0.496796 -0.082817
v 0.056778 0.476959 0.009472
v 0.056789 -0.111725 0.029848
v 0.056973 0.024578 -0.072708
v 0.056973 -0.047184 0.048424
v 0.057072 -0.114700 -0.061958
v 0.057083 0.420685 0.031799
v 0.057095 -0.496124 0.082191
v 0.057117 0.042603 0.079948
v 0.057137 0.042278 -0.079369
v 0.057163 0.270111 -0.010116
v 0.057178 -0.495392 0.110565
v 0.057186 -0.122551 -0.033493
v 0.057331 0.463928 0.025076
v 0.057331 -0.073654 -0.063011
v 0.057339 0.070076 0.067299
v 0.057346 -0.086845 0.057369
v 0.057407 0.227036 0.063683
v 0.057457 0.096199 0.067444
v 0.057472 -0.051228 0.014803
v 0.057632 0.439880 0.038982
v 0.057655 -0.494690 -0.094345
v 0.057716 0.467529 -0.023283
v 0.057800 -0.491364 0.100822
v 0.057968 -0.487244 -0.095673
v 0.058060 0.367828 -0.005096
v 0.058159 -0.023926 0.026258
v 0.058258 0.190613 0.066185
v 0.058277 0.407745 -0.005298
v 0.058319 0.366058 0.004253
v 0.058327 -0.101768 -0.029104
v 0.058453 -0.489807 -0.103561
v 0.058529 -0.086578 -0.002040
v 0.058556 0.021776 0.072006
v 0.058575 0.130875 -0.069931
v 0.058704 -0.012738 -0.033802
v 0.058903 -0.018984 0.043736
v 0.059219 -0.496002 0.073296
v 0.059341 -0.107552 0.044426
v 0.059406 0.159592 0.069695
v 0.059410 0.388885 -0.008678
v 0.059414 -0.073769 0.029385
v 0.059505 -0.493317 -0.100777
v 0.059505 -0.493317 -0.100777
v 0.059536 0.405670 0.004694
v 0.059555 -0.491669 0.093102
v 0.059559 0.266205 0.013474
v 0.059566 0.381592 -0.007718
v 0.059658 0.037319 0.077934
v 0.059872 -0.015781 -0.061920
v 0.059875 -0.495605 -0.076027
v 0.059944 -0.039337 -0.032330
v 0.059948 0.046642 0.072472
v 0.060066 -0.492584 0.101044
v 0.060162 -0.109917 -0.042866
v 0.060184 -0.490509 0.104172
v 0.060276 -0.015165 0.018017
v 0.060379 -0.489624 0.082169
v 0.060413 0.380463 0.001655
v 0.060448 -0.036366 0.034088
v 0.060635 0.398071 -0.006454
v 0.060680 -0.493774 0.089745
v 0.060764 -0.490326 -0.082458
v 0.060822 0.420593 -0.026419
v 0.060909 0.472717 -0.013998
v 0.060947 0.393402 0.008006
v 0.061054 -0.492065 -0.093361
v 0.061188 0.470062 0.003937
v 0.061344 -0.013362 0.031050
v 0.061619 -0.061661 0.041378
v 0.061646 -0.016264 0.040287
v 0.061825 0.099823 -0.062683
v 0.061901 0.010509 0.060635
v 0.061970 0.254761 -0.032585
v 0.061996 -0.494293 0.079849
v 0.062023 0.123764 0.062576
v 0.062031 -0.062218 -0.017006
v 0.062092 0.221390 -0.059364
v 0.062180 0.406921 -0.000613
v 0.062183 0.190964 -0.063675
v 0.062206 -0.490997 -0.068085
v 0.062222 -0.064819 0.003941
v 0.062256 -0.017799 -0.044704
v 0.062275 0.384155 0.008548
v 0.062305 -0.029514 -0.045937
v 0.062485 -0.078682 -0.011820
v 0.062496 -0.493591 -0.087929
v 0.062538 -0.081123 -0.034554
v 0.062630 0.049477 0.077919
v 0.062859 0.418701 -0.017218
v 0.062881 -0.494476 -0.108154
v 0.062973 -0.027018 -0.014347
v 0.063026 -0.486237 0.068947
v 0.063110 0.434357 0.034382
v 0.063118 0.443115 -0.015659
v 0.063156 0.451111 0.030960
v 0.063194 -0.496094 0.105530
v 0.063652 0.415558 0.006733
v 0.063660 -0.071960 -0.048077
v 0.063766 0.462067 0.016993
v 0.063843 -0.491882 0.068504
v 0.063858 -0.494202 0.085976
v 0.063896 0.159973 -0.063324
v 0.063965 0.235611 0.050026
v 0.064095 -0.014978 -0.030966
v 0.064232 -0.483124 0.073555
v 0.064323 0.415283 -0.001168
v 0.064575 0.057526 0.065445
v 0.064728 0.238449 -0.045303
v 0.064774 0.426941 -0.012691
v 0.064964 -0.496643 -0.103569
v 0.064987 0.435577 0.024916
v 0.065018 -0.496063 0.096077
v 0.065208 -0.029383 0.007587
v 0.065361 0.012931 -0.059841
v 0.065384 0.043591 -0.074066
v 0.065765 -0.491333 -0.101738
v 0.065956 0.055897 -0.075180
v 0.065987 0.443970 0.027285
v 0.065987 0.465149 -0.014557
v 0.065987 -0.490875 0.094528
v 0.066010 0.245773 0.031651
v 0.066032 0.456909 -0.019924
v 0.066124 0.163010 0.058243
v 0.066162 -0.013510 -0.009717
v 0.066338 -0.032063 -0.000886
v 0.066513 -0.489166 -0.096634
v 0.066536 0.208755 0.055058
v 0.066574 -0.013517 0.009407
v 0.066589 0.059105 -0.067078
v 0.066818 -0.008553 0.050156
v 0.066910 0.109169 0.055283
v 0.067062 -0.488800 0.085152
v 0.067268 -0.497681 -0.099365
v 0.067307 0.449280 -0.018896
v 0.067352 -0.007111 -0.049152
v 0.067398 0.030123 -0.066528
v 0.067429 0.221664 -0.048962
v 0.067688 -0.486267 0.079445
v 0.068054 0.383209 -0.000598
v 0.068077 0.017109 0.061108
v 0.068085 -0.487152 -0.080490
v 0.068169 -0.490265 0.099373
v 0.068214 -0.494385 -0.092331
v 0.068314 0.128372 -0.051659
v 0.068390 -0.497864 0.077545
v 0.068451 0.428589 0.001544
v 0.068504 0.394379 -0.000702
v 0.068695 -0.491272 0.093323
v 0.069130 -0.491821 -0.085670
v 0.069321 0.429596 0.010715
v 0.069473 0.459564 0.012648
v 0.069504 0.186050 -0.050304
v 0.069611 -0.489227 -0.092049
v 0.069687 0.385223 -0.004579
v 0.069702 0.465973 -0.000011
v 0.069748 0.243454 0.004017
v 0.069954 0.045460 0.065407
v 0.070000 0.241272 -0.018574
v 0.070160 -0.496216 0.102280
v 0.070381 0.075058 0.057316
v 0.070396 -0.498688 -0.076424
v 0.070572 0.053204 0.071991
v 0.070648 -0.492279 0.083542
v 0.070709 -0.485474 -0.074768
v 0.070908 0.070976 0.063004
v 0.070915 0.125977 0.046806
v 0.070976 0.080666 -0.056931
v 0.071152 0.457489 -0.002452
v 0.071228 0.460327 -0.016926
v 0.071373 -0.488617 0.090866
v 0.071594 0.008105 -0.040470
v 0.071609 0.116241 -0.049805
v 0.071754 0.219498 0.033005
v 0.071815 -0.496765 0.071075
v 0.071831 0.116798 0.050011
v 0.071877 -0.017311 -0.033909
v 0.071877 -0.495819 -0.096062
v 0.072166 -0.495880 -0.101288
v 0.072235 0.057785 -0.070488
v 0.072243 0.387299 0.002939
v 0.072266 0.222824 -0.030605
v 0.072266 -0.496277 0.090881
v 0.072311 0.069641 0.069016
v 0.072342 -0.496307 -0.081848
v 0.072510 0.419952 0.012567
v 0.072731 0.122360 -0.052887
v 0.072784 0.446350 0.004398
v 0.072876 0.452087 0.012348
v 0.072960 0.012488 0.043247
v 0.073013 0.055710 -0.062881
v 0.073044 -0.017483 0.014471
v 0.073112 0.096367 -0.050758
v 0.073158 0.094330 0.052341
v 0.073471 0.172241 0.039158
v 0.073586 0.124840 0.051632
v 0.073784 0.075699 -0.066940
v 0.074142 0.087502 0.062653
v 0.074150 -0.497192 -0.071686
v 0.074448 -0.494720 0.098289
v 0.074715 0.218582 -0.006999
v 0.074776 -0.496979 0.082153
v 0.074928 0.100456 -0.057293
v 0.074928 0.111488 0.055546
v 0.074951 0.446350 -0.007964
v 0.074966 0.434723 -0.002909
v 0.075111 0.012932 -0.031845
v 0.075287 -0.489838 -0.088356
v 0.075317 0.016375 -0.047596
v 0.075760 -0.497131 -0.089851
v 0.075958 0.454071 -0.005925
v 0.076195 0.025837 -0.053764
v 0.076294 0.134415 0.035984
v 0.076332 0.188553 -0.027464
v 0.076561 -0.004551 0.027735
v 0.076622 0.072510 0.063522
v 0.076721 0.128845 -0.036465
v 0.076836 0.194199 0.018448
v 0.076912 -0.498993 0.076683
v 0.076942 0.155136 -0.033573
v 0.077141 -0.017675 0.021292
v 0.077148 0.439545 0.002141
v 0.077499 0.024134 -0.039078
v 0.077522 0.077522 -0.057766
v 0.077530 0.097008 0.060303
v 0.077583 0.120598 0.048092
v 0.077667 0.023117 0.036598
v 0.077675 -0.494415 -0.087029
v 0.077766 0.027540 0.050629
v 0.077980 0.065498 0.053825
v 0.078026 0.047325 -0.053818
v 0.078156 0.105515 -0.055820
v 0.078835 0.102882 0.051262
v 0.078918 0.119644 -0.043804
v 0.079063 0.010921 0.024635
v 0.079178 -0.003272 -0.021059
v 0.079399 0.106430 -0.044685
v 0.079407 0.168015 -0.005482
v 0.079460 -0.493988 -0.093239
v 0.079506 0.125397 0.033497
v 0.079506 -0.017689 -0.006570
v 0.079552 -0.492859 0.094276
v 0.079567 0.160019 0.024178
v 0.079628 0.011129 -0.024536
v 0.080009 -0.491486 0.070770
v 0.080025 -0.491852 -0.071938
v 0.080170 -0.491760 0.083832
v 0.080551 -0.493591 0.089867
v 0.080795 0.143112 -0.021530
v 0.082001 0.132645 0.003166
v 0.082138 -0.496277 0.081406
v 0.082184 -0.000629 0.003303
v 0.082428 -0.490845 -0.082458
v 0.082626 0.126953 0.018620
v 0.082695 0.125046 -0.003855
v 0.082985 -0.496124 -0.078415
v 0.083092 0.124809 -0.019024
v 0.083267 0.036926 -0.043785
v 0.083374 0.035812 0.034760
v 0.083557 -0.493958 0.074059
v 0.083832 0.011900 0.013445
v 0.084000 0.018705 -0.000173
v 0.084480 -0.488831 0.076134
v 0.084518 -0.490540 0.079979
v 0.084671 0.115051 -0.022730
v 0.084702 0.012203 -0.013891
v 0.084862 0.072647 0.032871
v 0.085060 0.024519 -0.030571
v 0.085129 -0.490356 -0.077568
v 0.085335 0.105606 0.021730
v 0.085602 0.124260 0.001517
v 0.086227 0.017673 0.022213
v 0.086456 0.062737 -0.031071
v 0.087761 0.104507 -0.003956
v 0.089340 0.034897 0.020050
v 0.090096 0.028399 0.008836
v 0.090332 0.034081 -0.008213
v 0.090744 0.060352 -0.015079
v 0.090851 0.030844 -0.021437
v 0.091568 0.056324 0.007432
v -0.000020 -0.012228 -0.094154
v -0.000033 -0.013667 -0.129379
v -0.000109 0.182083 0.134964
v -0.000212 -0.431763 0.084335
v -0.000262 -0.389038 0.099861
v -0.000308 0.496948 -0.009091
v -0.000384 -0.441803 0.083389
v -0.000399 -0.344513 0.039421
v -0.000438 0.406158 0.054958
v -0.000589 0.118599 0.096458
v -0.000655 -0.069427 -0.135910
v -0.000810 0.031311 0.116959
v -0.000848 0.339020 0.035892
v -0.000872 -0.430481 -0.084663
v -0.000920 -0.446594 -0.086075
v -0.000996 0.043530 0.157990
v -0.001038 0.154709 0.142166
v -0.001066 0.347198 -0.028988
v -0.001103 0.415741 -0.063744
v -0.001116 -0.012406 0.120811
v -0.001135 0.482666 -0.033424
v -0.001149 0.362305 0.028734
v -0.001196 -0.047020 0.153900
v -0.001205 -0.056618 0.140442
v -0.001229 -0.081612 0.135620
v -0.001400 -0.416901 -0.045921
v -0.001406 -0.176620 -0.108101
v -0.001458 -0.419037 0.053070
v -0.001505 0.109810 0.106804
v -0.001518 -0.360504 -0.103806
v -0.001651 0.411896 -0.059464
v -0.001705 0.110962 -0.105186
v -0.001770 -0.402863 -0.044018
v -0.001795 -0.479309 -0.097694
v -0.001815 -0.427155 -0.070152
v -0.001822 0.126434 0.142227
v -0.001848 0.267914 -0.122902
v -0.001875 -0.404694 0.083885
v -0.001929 -0.063881 -0.148392
v -0.001934 -0.060913 -0.140717
v -0.002007 -0.000787 -0.121902
v -0.002018 0.017609 0.163971
v -0.002088 -0.465271 0.056625
v -0.002106 -0.455505 -0.084549
v -0.002126 0.483673 0.042130
v -0.002157 -0.437256 0.067879
v -0.002162 -0.072723 0.144562
v -0.002162 -0.232498 0.107132
v -0.002235 -0.011861 0.130341
v -0.002247 -0.011321 0.093414
v -0.002259 0.072800 0.093040
v -0.002275 0.017988 0.115044
v -0.002308 0.438202 0.057735
v -0.002334 0.117691 0.150391
v -0.002374 -0.183426 0.108109
v -0.002379 0.388763 0.035950
v -0.002396 -0.426819 0.069855
v -0.002568 0.489960 0.025930
v -0.002691 -0.383301 0.104919
v -0.002739 0.065468 -0.093536
v -0.002783 0.013083 -0.160294
v -0.002900 0.136642 0.129364
v -0.002912 0.062382 0.107040
v -0.002964 0.337860 0.042618
v -0.003151 0.119926 -0.149368
v -0.003224 -0.310883 0.102356
v -0.003411 0.423004 -0.055801
v -0.003648 -0.079597 0.119835
v -0.003659 0.002548 0.122971
v -0.003672 -0.079330 -0.137726
v -0.003675 0.393982 0.045258
v -0.003679 0.448700 0.057194
v -0.003703 0.141708 -0.134369
v -0.003749 -0.435364 -0.063423
v -0.004091 -0.082985 -0.118004
v -0.004123 0.458527 -0.058811
v -0.004128 -0.017143 -0.155197
v -0.004153 -0.052650 -0.139160
v -0.004170 -0.085266 0.125778
v -0.004202 0.155228 -0.143463
v -0.004223 0.473572 -0.042267
v -0.004244 -0.052303 -0.151703
v -0.004294 -0.063728 0.143082
v -0.004305 -0.136627 -0.107300
v -0.004323 -0.057289 0.149445
v -0.004329 0.339783 -0.040005
v -0.004383 -0.458191 -0.054947
v -0.004404 0.403564 0.050663
v -0.004457 -0.487152 0.061356
v -0.004539 -0.001800 -0.157471
v -0.004543 0.453918 0.068153
v -0.004794 -0.454193 0.083176
v -0.004837 0.384521 -0.033428
v -0.004854 0.208878 -0.132614
v -0.004876 -0.421265 -0.062874
v -0.005076 0.288940 0.115715
v -0.005089 0.413574 0.055126
v -0.005207 -0.014409 -0.127579
v -0.005207 -0.076057 0.128754
v -0.005224 0.348572 0.029743
v -0.005250 -0.021683 -0.096046
v -0.005287 -0.084312 0.117424
v -0.005334 -0.171982 -0.009850
v -0.005374 0.365326 -0.029577
v -0.005376 -0.410919 -0.080925
v -0.005467 -0.489563 -0.062935
v -0.005484 0.113106 -0.095741
v -0.005510 0.077690 -0.100365
v -0.005518 -0.418060 0.070290
v -0.005526 0.478699 0.038010
v -0.005603 0.173904 0.140854
v -0.005603 0.377899 0.030802
v -0.005614 0.407349 -0.055431
v -0.005616 -0.057606 -0.146729
v -0.005684 -0.073608 0.139771
v -0.005716 0.089531 0.153549
v -0.005735 0.174728 -0.140335
v -0.005808 -0.028839 0.135452
v -0.005813 -0.057228 0.144943
v -0.005817 0.016022 -0.097572
v -0.005892 0.474335 -0.036713
v -0.006012 0.404816 0.057076
v -0.006037 -0.072441 0.102112
v -0.006169 0.496613 -0.000229
v -0.006194 0.490631 -0.027884
v -0.006196 0.430725 -0.060268
v -0.006203 -0.001822 0.156723
v -0.006233 0.425354 0.058506
v -0.006239 -0.469635 -0.055939
v -0.006335 0.467712 -0.052364
v -0.006448 -0.441650 -0.049950
v -0.006462 -0.074883 -0.135483
v -0.006476 -0.084747 -0.124641
v -0.006487 -0.208908 0.012622
v -0.006488 0.405548 -0.051491
v -0.006510 0.050091 -0.158936
v -0.006513 0.326355 -0.064735
v -0.006580 0.408783 0.049717
v -0.006606 0.120644 0.093353
v -0.006606 0.120644 0.093353
v -0.006671 -0.058323 -0.142487
v -0.006680 0.096519 0.099327
v -0.006687 -0.459686 0.053936
v -0.006734 0.396912 -0.042522
v -0.006748 -0.432983 0.093605
v -0.006793 -0.081902 0.129730
v -0.006855 -0.449493 0.051510
v -0.007051 0.020203 -0.115425
v -0.007052 -0.052624 -0.100182
v -0.007061 -0.036301 0.098778
v -0.007079 0.083054 -0.154892
v -0.007128 -0.137802 0.001005
v -0.007130 0.396973 -0.048122
v -0.007177 -0.448761 0.090424
v -0.007333 0.012311 -0.119431
v -0.007411 -0.423157 -0.078613
v -0.007417 0.388702 0.038033
v -0.007453 0.337860 -0.058376
v -0.007578 0.450256 0.056023
v -0.007648 -0.359283 0.106438
v -0.007677 0.093323 -0.097801
v -0.007736 0.325012 0.064148
v -0.007762 0.470764 0.045776
v -0.007800 -0.429260 -0.049778
v -0.007804 -0.081520 -0.121567
v -0.007816 -0.207993 -0.108994
v -0.007883 -0.429626 0.049404
v -0.007927 0.383850 -0.037014
v -0.007974 -0.014856 0.128510
v -0.008041 -0.394989 -0.107101
v -0.008068 0.094292 0.093025
v -0.008093 0.137238 -0.135223
v -0.008200 -0.440155 0.046772
v -0.008204 0.495850 -0.014713
v -0.008206 -0.270874 0.026247
v -0.008413 -0.428894 0.038933
v -0.008438 -0.013030 0.096123
v -0.008451 0.377350 0.036758
v -0.008475 0.443726 -0.060379
v -0.008603 0.104309 -0.093353
v -0.008605 -0.055862 0.140869
v -0.008637 -0.139099 0.107788
v -0.008728 0.345093 0.051430
v -0.008732 -0.249420 -0.108116
v -0.008759 -0.145004 0.007573
v -0.008882 0.008422 -0.097260
v -0.008972 -0.036755 -0.152176
v -0.008985 -0.066437 0.138977
v -0.008991 0.064720 -0.104889
v -0.009014 0.313904 0.088577
v -0.009038 0.340820 0.057365
v -0.009052 -0.029995 -0.135437
v -0.009111 -0.068466 -0.140305
v -0.009359 0.451721 0.060852
v -0.009372 0.460266 0.056881
v -0.009407 0.031631 0.099579
v -0.009467 0.399231 0.043736
v -0.009493 -0.228683 -0.014809
v -0.009561 -0.475464 0.056404
v -0.009563 0.449982 -0.057285
v -0.009837 -0.107307 0.104233
v -0.009896 -0.429108 -0.037952
v -0.009904 -0.422028 0.084908
v -0.009957 0.035683 -0.160095
v -0.010090 -0.019880 0.095314
v -0.010094 -0.071487 -0.130768
v -0.010098 0.010900 0.156143
v -0.010107 0.372284 -0.035801
v -0.010127 -0.490814 0.099022
v -0.010184 -0.015475 -0.134369
v -0.010353 0.302246 0.105957
v -0.010373 0.477448 -0.031034
v -0.010396 0.126465 0.149506
v -0.010433 0.484009 0.025337
v -0.010483 0.412384 0.057934
v -0.010523 -0.016760 0.153091
v -0.010618 -0.406097 0.036022
v -0.010681 -0.074760 0.128143
v -0.010797 0.225235 0.132568
v -0.010805 -0.033947 0.151123
v -0.010907 0.431061 0.063683
v -0.010985 0.344116 0.048386
v -0.010986 -0.062313 -0.137955
v -0.010987 0.408142 -0.049660
v -0.011062 0.114677 0.154175
v -0.011228 0.134369 -0.142105
v -0.011333 0.489868 -0.021891
v -0.011335 0.491211 0.008959
v -0.011384 -0.059113 -0.147736
v -0.011413 0.312347 -0.092865
v -0.011438 0.493134 -0.007521
v -0.011460 -0.096748 -0.102570
v -0.011690 0.342651 0.032982
v -0.011783 -0.173187 0.012501
v -0.011795 -0.283203 0.106171
v -0.011922 0.009260 0.127457
v -0.011931 -0.047752 0.139389
v -0.011952 -0.069534 0.126633
v -0.012020 -0.492493 -0.097595
v -0.012028 -0.013824 -0.128021
v -0.012133 -0.006056 0.127609
v -0.012165 -0.064621 0.136398
v -0.012169 -0.051270 0.150284
v -0.012180 -0.054497 -0.140869
v -0.012212 0.103371 -0.096542
v -0.012214 -0.494507 0.067627
v -0.012228 0.343689 -0.032284
v -0.012462 -0.064751 0.145325
v -0.012472 0.451111 0.054058
v -0.012563 0.255432 0.128250
v -0.012625 -0.311432 -0.031719
v -0.012662 -0.448517 -0.043980
v -0.012677 0.063721 0.089455
v -0.012691 0.473175 -0.047836
v -0.012705 -0.428192 -0.100426
v -0.012733 0.426758 0.063171
v -0.012761 0.048668 -0.107506
v -0.012912 -0.478394 0.095009
v -0.012963 0.369415 0.039776
v -0.012966 0.376617 0.030052
v -0.012971 0.011957 0.119606
v -0.012993 -0.312439 -0.106140
v -0.013023 -0.385162 -0.033699
v -0.013062 -0.016184 0.136703
v -0.013089 0.020628 0.116737
v -0.013280 -0.456573 -0.093857
v -0.013293 0.404144 -0.053337
v -0.013336 0.329071 0.067467
v -0.013429 -0.460785 0.045311
v -0.013598 0.417450 -0.052471
v -0.013625 0.426483 0.058037
v -0.013671 -0.461151 -0.046009
v -0.013839 0.416412 -0.058445
v -0.013863 0.128860 -0.149338
v -0.013865 -0.252350 0.019085
v -0.013873 -0.324036 0.032288
v -0.013887 -0.007288 -0.152084
v -0.013918 -0.000919 -0.129639
v -0.013970 -0.362671 -0.108315
v -0.013974 -0.067749 -0.129288
v -0.014005 0.013302 -0.160141
v -0.014071 0.370422 -0.040089
v -0.014108 0.409363 0.051292
v -0.014152 -0.072098 0.137970
v -0.014157 0.032478 -0.116386
v -0.014209 0.148895 0.146088
v -0.014247 0.009724 -0.129028
v -0.014344 0.397736 -0.056854
v -0.014440 0.278107 0.123627
v -0.014441 0.046345 0.108818
v -0.014483 -0.456909 0.091873
v -0.014547 -0.074287 -0.133423
v -0.014599 -0.190613 0.108910
v -0.014610 0.032013 0.160614
v -0.014671 -0.025145 -0.138123
v -0.014680 -0.028692 -0.095055
v -0.014705 0.402405 0.056564
v -0.014716 -0.243851 0.109474
v -0.014786 -0.069885 -0.141449
v -0.014857 -0.029425 0.138519
v -0.014884 -0.061260 -0.139450
v -0.014912 0.482880 -0.029587
v -0.014966 0.021580 -0.162094
v -0.014976 0.095123 0.095306
v -0.014983 0.288727 -0.119568
v -0.014984 0.439941 0.052681
v -0.015008 0.369385 -0.035099
v -0.015018 0.071785 0.100967
v -0.015110 0.431885 -0.055027
v -0.015186 0.465973 -0.055370
v -0.015277 -0.070602 -0.123299
v -0.015291 -0.416168 -0.095795
v -0.015292 0.114754 0.092133
v -0.015450 0.138199 0.143097
v -0.015505 0.005108 0.095901
v -0.015512 0.352264 0.029280
v -0.015515 -0.014089 0.131607
v -0.015515 -0.037586 -0.145218
v -0.015701 0.437317 -0.058548
v -0.015770 -0.062141 0.139999
v -0.015835 -0.041145 0.144852
v -0.015842 0.352875 -0.029657
v -0.015848 -0.016293 0.147522
v -0.015865 -0.354706 -0.032627
v -0.015894 -0.461243 -0.088219
v -0.015902 0.105202 -0.092712
v -0.015930 -0.001683 0.150146
v -0.015930 -0.074905 -0.123680
v -0.016003 -0.072891 0.121574
v -0.016146 -0.403656 0.110733
v -0.016155 0.343811 -0.047573
v -0.016247 -0.075386 0.127731
v -0.016327 -0.149338 -0.011771
v -0.016382 0.023159 -0.098610
v -0.016466 -0.136536 -0.007432
v -0.016499 -0.062214 -0.144043
v -0.016506 0.374786 -0.028015
v -0.016527 -0.178360 -0.108307
v -0.016598 0.104439 0.092529
v -0.016605 0.475861 0.037437
v -0.016628 -0.067017 0.142014
v -0.016678 0.375793 0.033222
v -0.016754 0.463898 0.045856
v -0.016804 0.011690 0.157486
v -0.016884 0.244019 -0.130692
v -0.016907 -0.435760 0.034134
v -0.016977 0.380463 0.036526
v -0.017027 0.123299 -0.091743
v -0.017050 0.091728 -0.090897
v -0.017054 0.059395 0.160187
v -0.017076 0.373688 -0.035820
v -0.017090 0.381409 -0.036228
v -0.017092 -0.415680 0.101524
v -0.017145 0.347412 -0.053616
v -0.017279 -0.436676 -0.034645
v -0.017284 0.301056 -0.109329
v -0.017342 0.448822 0.049137
v -0.017408 0.494812 -0.013543
v -0.017435 0.053780 -0.090134
v -0.017454 -0.006391 0.133652
v -0.017456 0.009667 -0.151169
v -0.017462 0.011541 -0.121506
v -0.017530 0.018747 0.095932
v -0.017578 -0.070229 0.131134
v -0.017582 -0.015476 -0.138062
v -0.017584 0.494293 0.003510
v -0.017588 -0.069031 -0.133652
v -0.017601 0.024673 0.161926
v -0.017706 0.324341 -0.071182
v -0.017738 -0.278870 -0.023722
v -0.017843 -0.495056 0.093987
v -0.017897 -0.463470 0.052704
v -0.017923 0.030077 0.117737
v -0.017950 -0.141541 -0.105019
v -0.017981 -0.419830 -0.032921
v -0.018003 -0.202744 0.016314
v -0.018009 -0.009302 -0.145172
v -0.018106 0.342865 0.046768
v -0.018295 0.417847 0.051498
v -0.018419 -0.136475 0.103897
v -0.018536 -0.330231 0.107666
v -0.018625 0.008555 0.131638
v -0.018635 -0.230301 -0.017397
v -0.018709 0.415375 -0.051010
v -0.018734 -0.437134 0.101555
v -0.018784 -0.376862 0.031693
v -0.018852 -0.009756 -0.097206
v -0.018938 0.338318 0.062283
v -0.019024 0.373871 -0.031399
v -0.019039 0.451630 -0.059387
v -0.019060 -0.396851 -0.111305
v -0.019218 0.335480 -0.064674
v -0.019272 -0.229355 0.017725
v -0.019299 -0.013456 0.139709
v -0.019333 0.404114 0.048038
v -0.019348 0.076591 -0.099472
v -0.019371 0.121330 -0.153854
v -0.019381 0.162979 0.146317
v -0.019461 0.364197 -0.026318
v -0.019676 0.087952 0.088318
v -0.019707 -0.450806 0.038963
v -0.019716 0.394073 -0.041821
v -0.019716 -0.445770 -0.098351
v -0.019783 0.099915 -0.093224
v -0.019789 -0.002741 0.142273
v -0.019855 0.477020 -0.026628
v -0.019888 0.487152 -0.023260
v -0.019949 0.112038 -0.092270
v -0.020042 0.144272 -0.146652
v -0.020046 0.346008 0.039112
v -0.020258 -0.001913 -0.138397
v -0.020287 -0.415436 0.031967
v -0.020430 0.468323 -0.049198
v -0.020454 0.022560 -0.120140
v -0.020512 -0.463806 -0.052498
v -0.020710 -0.201065 -0.018221
v -0.020945 -0.036030 0.093674
v -0.020960 0.368774 0.031441
v -0.021067 0.009818 0.125458
v -0.021095 0.361847 0.025213
v -0.021269 -0.374603 0.109276
v -0.021290 0.008054 0.144608
v -0.021389 0.092186 -0.157089
v -0.021664 0.368835 0.025101
v -0.021671 0.441650 0.054844
v -0.022057 0.023104 0.121132
v -0.022219 -0.419464 0.110573
v -0.022427 0.193039 -0.140167
v -0.022480 0.043736 -0.112465
v -0.022717 -0.013201 -0.091553
v -0.022724 -0.417908 -0.110634
v -0.022802 0.007879 -0.140076
v -0.022852 -0.497528 -0.085197
v -0.022879 -0.327576 -0.029423
v -0.022882 -0.283600 -0.108467
v -0.022886 0.486359 0.023951
v -0.023476 0.123383 0.094498
v -0.023495 0.433929 0.052879
v -0.023516 0.197601 0.139328
v -0.023693 -0.261902 -0.021149
v -0.023846 -0.125626 0.005790
v -0.023859 0.367493 -0.021406
v -0.023926 0.377014 0.036701
v -0.024002 0.128952 0.151871
v -0.024038 0.429810 -0.053501
v -0.024075 0.016552 -0.154495
v -0.024208 0.473877 -0.036720
v -0.024275 -0.011871 0.094009
v -0.024340 0.416443 0.051769
v -0.024418 0.018494 0.154129
v -0.024454 0.457367 -0.055470
v -0.024542 -0.365997 -0.108788
v -0.024561 0.096184 0.156418
v -0.024574 0.048431 0.158981
v -0.024652 0.009662 -0.148788
v -0.025057 0.432617 -0.061466
v -0.025059 0.069733 -0.158966
v -0.025082 0.324463 0.070679
v -0.025240 0.366943 -0.027634
v -0.025303 0.348846 0.055820
v -0.025311 0.154175 -0.148361
v -0.025358 0.276062 -0.125275
v -0.025358 0.458435 -0.050995
v -0.025385 0.292450 0.117653
v -0.025553 0.045162 0.113297
v -0.025581 0.464874 0.047363
v -0.025629 0.379425 -0.035690
v -0.025660 -0.291656 0.024807
v -0.025675 -0.390808 -0.030472
v -0.025694 -0.474670 -0.091408
v -0.026066 0.132446 0.089195
v -0.026066 0.347382 -0.026955
v -0.026093 -0.457428 -0.038601
v -0.026205 -0.452728 0.098206
v -0.026295 -0.439087 0.033974
v -0.026300 -0.253662 -0.108589
v -0.026360 0.009024 0.141022
v -0.026360 0.405060 0.045895
v -0.026365 0.060352 -0.105255
v -0.026394 0.426086 -0.058205
v -0.026449 0.291931 -0.118584
v -0.026463 -0.260529 0.021490
v -0.026543 -0.171616 0.103943
v -0.026577 0.008522 -0.133957
v -0.026670 -0.460724 -0.096901
v -0.026703 0.493896 0.004195
v -0.026981 0.269226 0.126892
v -0.027077 -0.431885 -0.032898
v -0.027180 0.022449 0.142532
v -0.027191 0.022614 -0.141830
v -0.027260 -0.467224 -0.040058
v -0.027273 0.119949 -0.088043
v -0.027277 0.363831 0.017923
v -0.027294 0.021025 -0.127884
v -0.027319 -0.178711 -0.105042
v -0.027374 0.319244 -0.081520
v -0.027407 0.491577 -0.007277
v -0.027555 -0.353088 0.030102
v -0.027733 0.368958 -0.017109
v -0.027742 -0.204269 0.024794
v -0.027838 0.016273 0.134567
v -0.027933 0.017807 -0.091187
v -0.027966 0.348053 -0.033226
v -0.027975 0.140427 0.150101
v -0.027977 -0.466400 0.040489
v -0.027987 0.363770 0.033878
v -0.028011 0.029726 -0.155731
v -0.028044 0.110764 0.088104
v -0.028044 0.347443 0.025860
v -0.028175 0.442688 -0.053810
v -0.028219 0.366364 0.026083
v -0.028269 -0.097633 0.095154
v -0.028290 0.047714 -0.157272
v -0.028313 -0.064880 -0.093475
v -0.028421 0.012987 -0.141983
v -0.028564 0.138351 -0.150787
v -0.028608 -0.110733 -0.000370
v -0.028654 0.241821 0.131622
v -0.028698 -0.213379 -0.107048
v -0.028709 0.366638 -0.033726
v -0.028860 -0.219971 -0.024755
v -0.028959 0.106010 -0.093964
v -0.029089 0.308899 -0.100716
v -0.029161 -0.272827 0.108055
v -0.029184 -0.461487 0.096321
v -0.029226 0.433258 -0.059498
v -0.029259 -0.465973 0.047970
v -0.029263 0.366791 -0.025251
v -0.029287 -0.434967 0.105553
v -0.029367 0.328888 0.069984
v -0.029385 0.352966 -0.018742
v -0.029476 0.484436 -0.009603
v -0.029526 -0.406799 -0.110535
v -0.029615 -0.498047 0.078659
v -0.029654 0.432190 -0.054226
v -0.029659 -0.415344 0.110641
v -0.029701 -0.206039 -0.027948
v -0.029772 0.003213 -0.091942
v -0.029812 0.070099 0.104652
v -0.029957 0.308075 0.101242
v -0.029987 -0.296844 -0.025385
v -0.030094 -0.485657 -0.056183
v -0.030117 0.432312 0.051743
v -0.030128 -0.458344 0.038246
v -0.030304 0.444031 0.057285
v -0.030306 -0.444611 -0.102013
v -0.030334 0.350891 0.050518
v -0.030363 0.369598 0.015025
v -0.030476 -0.161026 -0.098419
v -0.030512 0.236954 -0.132263
v -0.030525 0.039394 0.154678
v -0.030533 0.318329 0.081558
v -0.030684 0.083199 -0.100998
v -0.030716 0.083694 -0.081032
v -0.030745 -0.324036 0.028061
v -0.030787 0.358704 -0.012798
v -0.030964 0.105148 0.095589
v -0.031031 0.326385 -0.070526
v -0.031319 0.466797 -0.045555
v -0.031357 0.351776 0.015720
v -0.031551 -0.360809 -0.030462
v -0.031601 0.401215 -0.044464
v -0.032036 0.406403 -0.048729
v -0.032139 -0.462402 -0.090065
v -0.032143 -0.005278 0.092293
v -0.032154 -0.329407 -0.028448
v -0.032166 -0.378052 0.107689
v -0.032276 0.391602 0.037453
v -0.032352 0.138138 0.085274
v -0.032425 0.432953 0.062538
v -0.032425 -0.410461 -0.031387
v -0.032463 0.025293 0.092545
v -0.032482 0.356323 0.007103
v -0.032539 -0.013343 0.086334
v -0.032593 -0.474640 0.055340
v -0.032715 0.358765 0.000693
v -0.032944 0.347565 0.039570
v -0.032974 0.352997 -0.006659
v -0.033001 -0.493744 -0.058994
v -0.033031 -0.314484 -0.107483
v -0.033043 -0.399811 0.031464
v -0.033070 -0.061928 0.092102
v -0.033134 0.428070 -0.049599
v -0.033142 -0.225937 0.105721
v -0.033173 -0.326691 0.107437
v -0.033222 0.057060 0.085861
v -0.033260 -0.426422 -0.108292
v -0.033325 0.427368 -0.060608
v -0.033501 0.135223 -0.093063
v -0.033539 0.453796 -0.050514
v -0.033611 -0.473175 -0.055317
v -0.033634 -0.464844 0.087990
v -0.033737 0.031944 0.133347
v -0.033825 0.376740 -0.032410
v -0.033901 -0.259308 -0.023655
v -0.033924 0.170090 0.144485
v -0.034309 0.398407 0.040028
v -0.034382 -0.390839 -0.106537
v -0.034393 0.344116 -0.058224
v -0.034512 0.376923 0.029434
v -0.034523 -0.201096 0.104073
v -0.034542 0.149033 -0.082947
v -0.034592 0.126831 -0.098381
v -0.034634 0.346497 0.011346
v -0.034645 0.378143 -0.023258
v -0.034737 -0.143585 0.091454
v -0.034744 0.473633 -0.026939
v -0.034805 0.470703 0.037766
v -0.034847 0.037395 -0.144196
v -0.035007 -0.131393 0.016907
v -0.035011 -0.491760 0.057194
v -0.035034 0.049179 0.123169
v -0.035038 0.479675 -0.015768
v -0.035141 0.346893 0.044609
v -0.035240 0.033752 -0.133240
v -0.035366 0.298187 -0.110840
v -0.035385 0.483093 0.021053
v -0.035408 0.365265 -0.015379
v -0.035660 0.109322 -0.082932
v -0.035748 0.059898 -0.112854
v -0.035789 0.037140 0.142410
v -0.035801 0.435333 0.056408
v -0.035889 -0.383636 -0.032249
v -0.036163 0.359558 0.011710
v -0.036171 0.100685 0.152756
v -0.036221 0.354950 -0.002284
v -0.036285 -0.467377 -0.048584
v -0.036289 -0.107124 -0.091522
v -0.036308 0.412842 0.048477
v -0.036350 0.346649 -0.042870
v -0.036354 -0.150757 0.021339
v -0.036484 0.346802 -0.008665
v -0.036495 0.343475 0.058231
v -0.036526 0.050995 -0.125000
v -0.036541 0.105835 0.081131
v -0.036564 0.470367 -0.039566
v -0.036572 0.276001 -0.124443
v -0.036572 0.438232 0.046394
v -0.036686 0.352509 -0.009147
v -0.037159 0.396606 0.043262
v -0.037254 0.135803 -0.150223
v -0.037449 0.096527 0.077042
v -0.037487 -0.019779 -0.085777
v -0.037754 -0.107254 -0.005100
v -0.037895 0.455505 0.043941
v -0.037899 0.351318 -0.045040
v -0.038010 -0.368683 0.032757
v -0.038025 0.051636 0.143188
v -0.038074 0.377960 0.018044
v -0.038174 -0.435944 0.103973
v -0.038464 -0.141037 -0.088882
v -0.038483 -0.169266 0.090485
v -0.038578 0.071014 0.150864
v -0.038628 0.483246 0.006791
v -0.038666 -0.455261 0.096916
v -0.038670 0.395050 -0.037933
v -0.038719 -0.183777 -0.027784
v -0.038879 0.408844 -0.043293
v -0.038879 0.472534 0.029568
v -0.038887 -0.485382 -0.089264
v -0.038898 -0.451996 -0.038761
v -0.038921 0.408691 0.039860
v -0.038933 0.312988 -0.086342
v -0.038933 0.461609 0.036236
v -0.039078 -0.011114 -0.089630
v -0.039200 0.396027 -0.044521
v -0.039299 0.367157 0.002915
v -0.039318 0.141586 0.149200
v -0.039341 -0.463928 0.090988
v -0.039375 -0.165253 -0.023899
v -0.039619 0.300018 0.106636
v -0.039764 -0.232193 0.030174
v -0.039841 0.053116 -0.137207
v -0.039913 0.361053 -0.004047
v -0.039974 -0.497711 -0.072029
v -0.040085 0.457428 -0.046711
v -0.040371 0.037151 -0.088791
v -0.040478 0.151978 -0.087502
v -0.040493 0.416718 0.045277
v -0.040550 0.431732 -0.050804
v -0.040634 0.436523 0.038513
v -0.040730 -0.468079 -0.042877
v -0.040752 0.326447 0.068855
v -0.040813 0.286957 -0.119385
v -0.040844 0.418640 -0.046329
v -0.040932 0.209900 0.134247
v -0.041084 -0.419281 0.102806
v -0.041115 0.165909 0.079178
v -0.041157 -0.241943 -0.102592
v -0.041210 0.348755 -0.034817
v -0.041237 -0.194061 0.095627
v -0.041325 0.175797 -0.140244
v -0.041458 0.067276 -0.146576
v -0.041492 -0.189362 0.036797
v -0.041500 -0.463501 -0.093567
v -0.041561 -0.270172 0.027159
v -0.041580 -0.237976 -0.029957
v -0.041790 -0.173294 0.027260
v -0.041885 -0.426361 -0.102982
v -0.042072 -0.446930 0.038906
v -0.042099 0.320496 0.069107
v -0.042126 0.282623 0.119865
v -0.042171 -0.205429 -0.098724
v -0.042183 -0.444977 -0.099670
v -0.042377 -0.277740 -0.103645
v -0.042473 0.352081 -0.049774
v -0.042492 0.374359 0.011234
v -0.042782 -0.186615 -0.037006
v -0.042786 -0.421478 -0.036232
v -0.043053 0.310883 0.085106
v -0.043072 0.350677 0.006331
v -0.043133 -0.492004 -0.086464
v -0.043224 0.320923 -0.069275
v -0.043270 0.254150 0.126785
v -0.043270 0.392944 -0.029837
v -0.043491 0.232773 -0.129852
v -0.043594 0.097412 -0.149429
v -0.043633 -0.303589 0.029722
v -0.043686 0.123436 0.101646
v -0.043800 -0.256409 0.101746
v -0.043869 0.097237 0.104179
v -0.043896 -0.125595 -0.020941
v -0.043926 0.437439 0.042355
v -0.044064 0.443939 -0.048550
v -0.044067 0.164169 0.084312
v -0.044258 -0.382385 0.101097
v -0.044411 -0.467682 -0.058086
v -0.044464 -0.488525 0.087326
v -0.044533 -0.199371 0.041645
v -0.044678 0.405212 0.032310
v -0.044773 -0.019127 0.082451
v -0.045101 -0.096718 0.005054
v -0.045181 -0.468201 0.044579
v -0.045193 0.352234 -0.015984
v -0.045349 0.350708 0.023346
v -0.045357 0.455963 0.038738
v -0.045368 0.076797 0.112701
v -0.045376 0.478088 -0.005588
v -0.045380 0.149673 0.094971
v -0.045418 -0.304688 -0.030849
v -0.045650 0.478027 0.017725
v -0.045670 0.376160 -0.005371
v -0.045727 -0.011324 0.086586
v -0.045753 -0.175430 -0.083122
v -0.045773 -0.497742 0.071182
v -0.045807 -0.469696 0.058147
v -0.045933 0.353149 0.046757
v -0.046040 -0.474030 0.084404
v -0.046082 -0.338623 0.103577
v -0.046093 -0.495880 -0.081757
v -0.046188 -0.494354 -0.059067
v -0.046207 0.073685 -0.114899
v -0.046227 0.447815 -0.043583
v -0.046318 0.016029 0.083542
v -0.046337 0.100502 -0.106003
v -0.046375 0.429993 0.036655
v -0.046406 -0.313385 -0.103500
v -0.046455 -0.306885 0.103348
v -0.046497 0.023409 -0.084862
v -0.046535 -0.219788 0.098778
v -0.046589 0.158066 0.141083
v -0.046616 0.074577 0.140411
v -0.046623 0.418945 0.034065
v -0.046623 0.425568 -0.046177
v -0.046844 -0.350403 -0.036255
v -0.046852 0.458527 -0.043495
v -0.046867 -0.495026 0.082413
v -0.046947 0.464966 -0.033440
v -0.046997 -0.191391 -0.045586
v -0.047054 -0.464935 0.090736
v -0.047070 -0.162415 0.081322
v -0.047440 0.427460 0.042618
v -0.047462 -0.013917 -0.079170
v -0.047535 -0.358826 -0.101410
v -0.047638 -0.484253 0.055672
v -0.047703 0.137695 0.102371
v -0.047726 0.410217 -0.040314
v -0.047783 0.337189 -0.056870
v -0.048000 0.067924 -0.080078
v -0.048077 0.475464 -0.018126
v -0.048439 0.003758 -0.082611
v -0.048603 -0.494385 0.060619
v -0.048668 -0.486633 -0.055809
v -0.048870 -0.265839 -0.032661
v -0.048939 0.295715 -0.101685
v -0.048965 0.464691 0.031456
v -0.049057 -0.071907 -0.087723
v -0.049137 0.114113 0.145721
v -0.049255 0.074249 -0.124817
v -0.049355 -0.131607 0.084106
v -0.049541 -0.334442 0.035652
v -0.049545 -0.450958 0.093163
v -0.049793 0.352478 0.037621
v -0.049911 0.320068 0.066620
v -0.050014 0.175446 -0.087364
v -0.050041 0.468018 -0.021271
v -0.050167 0.090408 0.073151
v -0.050171 0.469482 0.018398
v -0.050213 0.164719 0.073631
v -0.050232 -0.189453 0.079216
v -0.050289 -0.432709 0.040737
v -0.050316 0.125839 0.074036
v -0.050369 0.388855 -0.014534
v -0.050404 0.346802 0.032555
v -0.050461 0.407257 -0.032417
v -0.050472 0.416443 0.035683
v -0.050514 0.459534 0.028797
v -0.050545 0.036537 0.084526
v -0.050655 0.442963 0.039589
v -0.050720 0.077271 0.125458
v -0.050739 -0.397614 -0.043194
v -0.050892 -0.035889 -0.082939
v -0.050953 0.297058 0.097031
v -0.051044 -0.474152 -0.081360
v -0.051064 0.131577 -0.142395
v -0.051262 0.419556 0.030537
v -0.051342 0.280121 -0.115349
v -0.051353 0.271393 0.118706
v -0.051418 -0.466125 -0.083855
v -0.051506 0.399597 0.016890
v -0.051655 0.307861 -0.072891
v -0.051689 -0.397217 -0.094322
v -0.051800 0.167526 0.096924
v -0.051910 0.335938 0.054462
v -0.051968 0.442169 0.033951
v -0.052105 0.421936 -0.039074
v -0.052120 -0.162430 -0.049789
v -0.052170 -0.166428 0.052849
v -0.052338 -0.425873 -0.092735
v -0.052341 0.147537 -0.101814
v -0.052406 -0.496216 -0.069916
v -0.052505 -0.045750 0.083824
v -0.052631 0.126373 -0.105019
v -0.053001 0.310974 0.063087
v -0.053001 0.420074 -0.033676
v -0.053074 -0.016376 0.076042
v -0.053131 0.065651 0.079025
v -0.053131 0.105957 -0.069183
v -0.053185 -0.195969 -0.049068
v -0.053234 -0.096893 -0.015829
v -0.053299 -0.282562 0.095764
v -0.053322 0.249557 -0.121826
v -0.053459 0.351593 0.004732
v -0.053471 0.187561 0.081154
v -0.053513 0.168167 -0.099358
v -0.053539 -0.291718 0.035355
v -0.053562 -0.102425 0.020441
v -0.053608 0.108963 0.111389
v -0.053612 -0.154556 -0.033688
v -0.053745 0.188766 -0.078918
v -0.053844 0.430969 -0.035564
v -0.053864 -0.374664 0.043369
v -0.053970 -0.273468 -0.094521
v -0.053993 0.088142 -0.132202
v -0.054073 0.007557 0.077568
v -0.054092 -0.075821 0.000553
v -0.054142 0.101418 -0.139816
v -0.054241 0.203735 -0.127899
v -0.054264 -0.093819 0.085495
v -0.054283 -0.212097 -0.079865
v -0.054386 0.472931 0.007393
v -0.054390 0.455658 -0.026182
v -0.054443 0.194412 0.128372
v -0.054611 0.349823 -0.012315
v -0.054630 -0.409119 0.046547
v -0.054649 -0.467224 0.077850
v -0.054665 0.099953 -0.118256
v -0.054707 -0.154770 0.039158
v -0.054798 0.404938 -0.032688
v -0.054878 -0.475464 -0.059669
v -0.054897 -0.447021 -0.045303
v -0.054924 0.346130 -0.025038
v -0.054935 0.413239 0.021549
v -0.055214 0.439697 -0.040443
v -0.055222 0.229126 0.124008
v -0.055382 0.102188 0.137207
v -0.055500 -0.168396 -0.075455
v -0.055515 0.159515 -0.070450
v -0.055550 -0.238708 0.091057
v -0.055595 -0.012022 -0.078796
v -0.055668 0.429199 0.033466
v -0.055714 0.181030 -0.072243
v -0.055820 -0.113350 0.027882
v -0.055874 0.454895 -0.030720
v -0.055885 0.318909 -0.061211
v -0.056011 -0.242554 0.043755
v -0.056038 -0.450806 -0.088539
v -0.056072 -0.221832 -0.045315
v -0.056282 -0.216507 0.078133
v -0.056370 0.052353 -0.079315
v -0.056580 0.301880 0.069290
v -0.056580 -0.469452 -0.050148
v -0.056583 -0.232758 -0.089012
v -0.056854 0.294861 -0.088715
v -0.056862 -0.493256 -0.073730
v -0.056873 -0.418243 0.088936
v -0.056938 0.192139 0.094383
v -0.056946 0.103394 0.120979
v -0.056950 -0.324646 0.097183
v -0.057018 -0.468506 -0.060337
v -0.057087 -0.487305 0.060631
v -0.057152 -0.326294 -0.097054
v -0.057152 -0.488373 -0.062115
v -0.057194 -0.282959 -0.039238
v -0.057228 0.119354 -0.109009
v -0.057274 -0.492340 0.070015
v -0.057335 0.276825 0.109543
v -0.057373 -0.203278 -0.068932
v -0.057461 0.130341 0.136627
v -0.057461 0.420319 0.030779
v -0.057507 -0.212250 0.048229
v -0.057514 -0.249619 -0.046303
v -0.057518 0.447479 -0.035950
v -0.057560 -0.162216 0.074791
v -0.057785 -0.486847 0.077271
v -0.057838 -0.474365 0.061813
v -0.057846 0.124870 0.108406
v -0.057854 0.469025 -0.014444
v -0.057919 -0.115242 -0.082504
v -0.057953 -0.468201 0.065445
v -0.058071 -0.156281 -0.062099
v -0.058186 0.411438 0.027613
v -0.058315 0.135757 -0.069305
v -0.058365 -0.474060 0.074944
v -0.058384 -0.469238 0.053493
v -0.058445 0.352570 -0.026722
v -0.058544 0.465607 -0.005324
v -0.058697 0.305328 -0.059631
v -0.058701 -0.467316 0.077141
v -0.058712 0.421387 -0.025930
v -0.058746 -0.138397 0.059059
v -0.058800 -0.175308 0.059883
v -0.058922 -0.455170 0.049061
v -0.058929 0.198273 -0.097366
v -0.058933 0.426575 0.013247
v -0.058949 -0.135834 0.033527
v -0.059006 -0.074249 -0.005995
v -0.059010 0.435822 -0.026924
v -0.059181 -0.085098 0.081490
v -0.059238 0.459473 0.021608
v -0.059261 0.402771 0.003659
v -0.059353 -0.085503 -0.081032
v -0.059353 -0.208588 0.065079
v -0.059563 -0.035625 0.073235
v -0.059765 0.455017 0.003834
v -0.059830 -0.483307 -0.074921
v -0.059925 -0.328217 -0.042553
v -0.059944 0.163361 -0.126663
v -0.059956 0.226471 -0.117760
v -0.059959 -0.468109 -0.071655
v -0.059963 0.234024 0.112732
v -0.060078 -0.109863 -0.030594
v -0.060085 0.407104 -0.017458
v -0.060265 -0.395020 0.090065
v -0.060314 0.417480 0.010093
v -0.060341 0.410126 0.017838
v -0.060356 0.426300 -0.033241
v -0.060467 0.115036 -0.126190
v -0.060490 -0.021292 -0.066147
v -0.060635 -0.188538 0.064369
v -0.060638 0.287567 0.090042
v -0.060677 0.355255 -0.033951
v -0.060684 0.159866 0.126114
v -0.060707 0.351318 0.021933
v -0.060715 0.005520 -0.070885
v -0.060715 -0.175644 -0.065315
v -0.060741 0.457733 0.012440
v -0.060837 -0.150497 -0.073517
v -0.060844 0.346222 -0.003535
v -0.060848 0.026054 -0.073891
v -0.060883 -0.213150 -0.056431
v -0.060894 -0.451843 0.083855
v -0.060905 -0.013955 -0.064659
v -0.060940 -0.262268 -0.085304
v -0.060944 -0.478149 0.066277
v -0.060959 -0.071884 0.008821
v -0.060970 -0.122025 0.078400
v -0.061005 0.404877 -0.006081
v -0.061039 0.193314 0.105873
v -0.061092 0.347778 -0.039558
v -0.061100 0.435883 0.007273
v -0.061111 -0.477997 -0.066063
v -0.061142 0.347015 0.011296
v -0.061153 -0.013288 0.071648
v -0.061184 0.214493 0.103081
v -0.061253 -0.013962 0.061947
v -0.061291 -0.294189 0.044384
v -0.061298 0.433807 -0.034428
v -0.061409 -0.485718 -0.069504
v -0.061531 -0.147476 0.070580
v -0.061539 -0.125885 -0.052639
v -0.061546 -0.053936 -0.073013
v -0.061550 -0.131042 -0.069557
v -0.061550 -0.459229 -0.075562
v -0.061615 -0.229584 0.059189
v -0.061626 0.194748 0.073723
v -0.061695 0.131729 -0.130066
v -0.061924 -0.119461 -0.078293
v -0.062000 -0.341370 0.045002
v -0.062031 0.205658 0.117226
v -0.062084 -0.359985 0.093529
v -0.062096 -0.265076 0.052486
v -0.062191 -0.105598 0.069344
v -0.062214 0.278290 -0.098137
v -0.062237 -0.428436 -0.054359
v -0.062275 0.226883 -0.102859
v -0.062313 0.157990 -0.108566
v -0.062538 -0.455902 -0.054192
v -0.062546 -0.235397 -0.067856
v -0.062561 -0.468903 -0.057571
v -0.062576 0.289612 -0.073547
v -0.062584 0.258636 0.105873
v -0.062653 -0.265503 0.081573
v -0.062668 0.316833 0.054298
v -0.062691 -0.051105 -0.000295
v -0.062721 0.152679 0.109566
v -0.062721 -0.095734 -0.066429
v -0.062744 -0.236282 0.073845
v -0.062775 0.199203 -0.116272
v -0.062904 0.075150 0.069160
v -0.062958 0.418243 -0.001709
v -0.062973 0.210831 0.083214
v -0.063004 0.453766 -0.015884
v -0.063141 0.444550 0.026491
v -0.063141 -0.261627 -0.057362
v -0.063194 0.430206 0.015585
v -0.063255 -0.468903 0.060192
v -0.063293 0.265778 -0.103279
v -0.063309 0.421875 0.004939
v -0.063309 0.424805 -0.029148
v -0.063332 -0.461548 0.056702
v -0.063461 0.214386 -0.086754
v -0.063583 0.134277 0.125732
v -0.063766 0.126495 0.119423
v -0.063789 -0.298737 -0.048916
v -0.063820 -0.322174 -0.087021
v -0.063866 0.178284 0.115181
v -0.063866 -0.059158 0.069000
v -0.063919 0.110023 0.061153
v -0.063927 0.031483 0.071861
v -0.064003 -0.256836 -0.076462
v -0.064011 0.081696 -0.067139
v -0.064095 0.247986 -0.103027
v -0.064095 -0.125412 -0.038399
v -0.064102 0.169495 -0.113930
v -0.064194 -0.456909 0.070236
v -0.064209 0.055210 -0.070381
v -0.064209 -0.254578 0.067863
v -0.064331 0.421936 0.024595
v -0.064453 0.132080 -0.114723
v -0.064674 -0.083321 0.063843
v -0.064903 0.284882 0.070961
v -0.065178 0.434967 -0.015726
v -0.065231 -0.325653 0.083717
v -0.065300 0.354370 0.030041
v -0.065300 0.445740 0.002981
v -0.065536 -0.446106 0.060898
v -0.065681 0.294373 -0.050644
v -0.065872 0.143723 0.116859
v -0.065872 0.304718 0.053558
v -0.065910 -0.107811 0.052143
v -0.065926 0.001412 0.065285
v -0.065964 -0.430664 0.058182
v -0.066109 -0.118652 0.040363
v -0.066132 0.244064 0.096901
v -0.066193 0.404083 0.019238
v -0.066208 0.404327 -0.006694
v -0.066246 0.457214 -0.011644
v -0.066376 -0.375366 -0.089325
v -0.066399 0.351135 -0.005265
v -0.066414 0.201874 -0.069534
v -0.066872 0.425415 -0.005220
v -0.066925 -0.300201 0.057243
v -0.067093 0.219788 0.083763
v -0.067131 -0.007823 -0.066734
v -0.067146 0.419373 0.003681
v -0.067200 -0.082207 -0.029495
v -0.067230 -0.293152 -0.068398
v -0.067245 -0.026600 -0.004232
v -0.067299 -0.036831 0.007257
v -0.067352 0.339813 0.034100
v -0.067398 -0.028082 0.056812
v -0.067490 0.329742 -0.038456
v -0.067604 0.292725 0.047112
v -0.067612 -0.095184 -0.054226
v -0.067635 0.269623 0.091537
v -0.067650 -0.014703 0.003748
v -0.067734 -0.361816 -0.053268
v -0.067749 -0.401093 -0.056072
v -0.067787 0.021660 0.061565
v -0.067902 -0.339752 0.055592
v -0.067940 -0.308594 0.068420
v -0.068077 0.021185 -0.061016
v -0.068176 -0.319611 -0.060287
v -0.068192 -0.387970 0.054596
v -0.068298 -0.076485 0.027866
v -0.068321 -0.421936 -0.081215
v -0.068474 -0.015728 0.047771
v -0.068512 -0.013910 -0.044983
v -0.068710 0.274750 -0.068520
v -0.068764 -0.341827 -0.076790
v -0.068794 -0.107285 -0.044956
v -0.068817 -0.070343 -0.059444
v -0.068970 -0.021116 -0.049835
v -0.069000 0.306122 -0.050003
v -0.069077 -0.052380 -0.018436
v -0.069229 0.269989 -0.000549
v -0.069267 0.355225 0.009894
v -0.069313 -0.014536 -0.019453
v -0.069351 0.263672 -0.008680
v -0.069748 0.153732 0.059765
v -0.069786 0.057560 0.062309
v -0.070030 0.274139 -0.019438
v -0.070084 0.436768 -0.004731
v -0.070396 -0.014818 0.033417
v -0.070419 -0.439819 -0.078438
v -0.070549 0.230560 0.004194
v -0.070557 0.273834 0.018309
v -0.070595 0.283142 -0.035892
v -0.070602 -0.357574 0.071594
v -0.070694 0.190552 0.060921
v -0.070770 0.260284 0.071274
v -0.070816 -0.095116 -0.040363
v -0.070992 0.355988 -0.008253
v -0.070999 -0.436249 -0.068413
v -0.071007 0.236771 -0.083107
v -0.071022 0.002290 -0.056618
v -0.071228 -0.041042 -0.054848
v -0.071243 0.261230 -0.086052
v -0.071243 -0.027264 0.029430
v -0.071381 -0.365784 -0.066574
v -0.071861 -0.030466 -0.034153
v -0.071899 0.276886 0.042931
v -0.071938 -0.013554 -0.056484
v -0.072174 -0.087929 0.041969
v -0.072235 0.015770 0.048298
v -0.072235 -0.419373 0.078766
v -0.072243 0.183411 -0.008244
v -0.072250 -0.389313 0.082184
v -0.072266 0.353638 -0.020969
v -0.072296 -0.435425 0.077560
v -0.072311 0.227890 -0.067871
v -0.072327 0.209808 0.062531
v -0.072357 0.244614 0.082916
v -0.072479 0.230606 0.067299
v -0.072525 -0.075470 0.051300
v -0.072586 0.280548 0.031864
v -0.072838 -0.033768 0.043152
v -0.072845 -0.434814 0.072227
v -0.072876 0.201965 -0.060257
v -0.073044 0.250763 -0.065651
v -0.073227 -0.383331 0.066925
v -0.073288 -0.083092 -0.047554
v -0.073410 0.114243 -0.054684
v -0.073433 -0.051315 0.051712
v -0.073433 -0.385773 -0.079338
v -0.073563 -0.015409 -0.012725
v -0.073631 0.161087 0.008561
v -0.073662 -0.011892 0.053562
v -0.073898 0.265259 -0.040852
v -0.073914 -0.055668 0.037586
v -0.074104 0.038891 -0.057693
v -0.074173 0.018171 -0.040482
v -0.074173 -0.068222 -0.041576
v -0.074280 0.230057 -0.022432
v -0.074326 -0.413696 0.065804
v -0.074402 -0.420593 -0.077385
v -0.074509 0.198578 0.019403
v -0.074783 0.151337 -0.054913
v -0.074890 0.256470 0.033718
v -0.075012 -0.059326 -0.048691
v -0.075134 0.001522 0.042568
v -0.075417 -0.407471 -0.068703
v -0.075615 0.053967 -0.050407
v -0.075821 -0.421906 0.073914
v -0.075829 0.127548 -0.010278
v -0.075905 0.354462 0.000580
v -0.075966 0.242523 0.053902
v -0.075974 0.351715 0.014277
v -0.076309 0.000419 -0.035088
v -0.076691 0.121727 0.012170
v -0.076912 0.006186 -0.009573
v -0.076927 0.271637 -0.011540
v -0.077034 0.119995 0.050667
v -0.077057 0.055069 0.044914
v -0.077110 0.278564 -0.027510
v -0.077118 0.087975 -0.049034
v -0.077179 0.002110 0.022881
v -0.077225 -0.014621 0.030716
v -0.077332 0.178879 0.051495
v -0.077629 0.287415 -0.035748
v -0.077652 0.269501 0.004299
v -0.077705 0.020222 -0.012178
v -0.077766 -0.012731 -0.038914
v -0.077805 0.186890 -0.031887
v -0.077858 0.219635 0.036308
v -0.077942 0.209656 -0.049809
v -0.078285 0.222031 -0.040672
v -0.078300 0.343994 -0.013237
v -0.078362 0.178894 -0.046886
v -0.078438 0.209457 0.047127
v -0.078506 0.286011 0.034378
v -0.078896 0.173553 0.038433
v -0.078949 0.326691 0.021305
v -0.079071 0.023542 0.021513
v -0.079086 0.300385 0.036186
v -0.079132 0.032520 0.047459
v -0.079170 -0.014385 -0.003157
v -0.079361 0.130112 -0.030394
v -0.079376 0.092659 0.044159
v -0.079781 0.034401 -0.044422
v -0.079926 0.146011 -0.041901
v -0.080086 0.097725 0.024054
v -0.080200 0.134689 0.038517
v -0.080284 0.057003 -0.031429
v -0.080315 0.116592 -0.044315
v -0.080780 0.085388 -0.029844
v -0.081139 0.061016 0.022398
v -0.081299 0.063187 -0.001074
v -0.081764 0.304626 -0.029144
v -0.082695 0.272888 0.011986
v -0.083054 0.035797 0.028383
v -0.083206 0.038250 -0.024828
v -0.083488 0.028572 -0.009402
v -0.083946 0.328522 0.002932
v -0.084366 0.319092 -0.013406
v -0.084435 0.036873 0.003911
v -0.087120 0.272339 -0.000052
v -0.087692 0.289490 0.022459
v -0.087776 0.277222 -0.011540
v -0.088730 0.278931 0.013106
v -0.089478 0.301300 0.014914
v -0.090103 0.287262 -0.015852
v -0.090744 0.277313 0.002865
v -0.091797 0.301178 -0.005833
v -0.093277 0.287872 0.002170
vt 0.843750 0.235352
vt 0.826172 0.240723
vt 0.832275 0.225830
vt 0.838867 0.242676
vt 0.845703 0.251465
vt 0.832520 0.258057
vt 0.821289 0.250732
vt 0.823975 0.266846
vt 0.825684 0.222168
vt 0.825195 0.203369
vt 0.808838 0.260254
vt 0.813965 0.271729
vt 0.814453 0.250732
vt 0.817383 0.239990
vt 0.811035 0.200684
vt 0.800049 0.159424
vt 0.799072 0.267822
vt 0.811035 0.281250
vt 0.799805 0.259277
vt 0.797607 0.280273
vt 0.803711 0.248779
vt 0.786865 0.260986
vt 0.787354 0.269043
vt 0.789307 0.288818
vt 0.787354 0.250000
vt 0.800049 0.239746
vt 0.777588 0.264893
vt 0.800537 0.232422
vt 0.778320 0.274902
vt 0.770752 0.289551
vt 0.777100 0.293213
vt 0.774902 0.303467
vt 0.807861 0.222656
vt 0.785400 0.213867
vt 0.781006 0.187988
vt 0.789551 0.235596
vt 0.768799 0.216309
vt 0.779541 0.236084
vt 0.774902 0.250000
vt 0.763184 0.190918
vt 0.764893 0.234619
vt 0.779053 0.259033
vt 0.764648 0.256592
vt 0.760010 0.245361
vt 0.750244 0.215820
vt 0.750977 0.246338
vt 0.749023 0.195801
vt 0.743408 0.226562
vt 0.739502 0.205322
vt 0.739746 0.233887
vt 0.727783 0.225830
vt 0.731445 0.213623
vt 0.715820 0.204102
vt 0.722656 0.202637
vt 0.734863 0.194824
vt 0.725098 0.190186
vt 0.710938 0.195312
vt 0.716064 0.180420
vt 0.709961 0.180176
vt 0.721436 0.175293
vt 0.745605 0.180420
vt 0.732422 0.185791
vt 0.732422 0.178955
vt 0.728027 0.170410
vt 0.741211 0.171387
vt 0.749023 0.165283
vt 0.760498 0.169434
vt 0.758301 0.158203
vt 0.770020 0.166016
vt 0.769775 0.146729
vt 0.792969 0.170410
vt 0.768555 0.136230
vt 0.728271 0.981689
vt 0.717041 0.987061
vt 0.720703 0.976562
vt 0.733887 0.983398
vt 0.731445 0.968262
vt 0.728516 0.963623
vt 0.701416 0.978516
vt 0.694824 0.986816
vt 0.721924 0.958740
vt 0.728516 0.949219
vt 0.718018 0.944336
vt 0.717041 0.966309
vt 0.673340 0.976318
vt 0.702393 0.966553
vt 0.707275 0.958496
vt 0.689697 0.967285
vt 0.649414 0.985840
vt 0.638672 0.974609
vt 0.618652 0.990723
vt 0.668213 0.964844
vt 0.642334 0.961426
vt 0.624268 0.974365
vt 0.665283 0.951172
vt 0.692871 0.947998
vt 0.642578 0.945801
vt 0.625000 0.938477
vt 0.667480 0.938721
vt 0.699707 0.936279
vt 0.715820 0.935547
vt 0.628662 0.927490
vt 0.640869 0.934326
vt 0.702393 0.925781
vt 0.722412 0.923584
vt 0.678467 0.926270
vt 0.652588 0.927002
vt 0.715576 0.915771
vt 0.726318 0.909912
vt 0.711670 0.910400
vt 0.683105 0.913086
vt 0.652100 0.909424
vt 0.633789 0.913086
vt 0.665283 0.899902
vt 0.657471 0.897705
vt 0.640869 0.897217
vt 0.650146 0.891846
vt 0.645264 0.886719
vt 0.145996 0.967773
vt 0.125732 0.966553
vt 0.142334 0.954102
vt 0.125000 0.953613
vt 0.130859 0.973633
vt 0.139160 0.943604
vt 0.120850 0.942871
vt 0.136719 0.936279
vt 0.160889 0.952148
vt 0.156006 0.935303
vt 0.159180 0.924072
vt 0.147217 0.921387
vt 0.162354 0.913574
vt 0.175049 0.908936
vt 0.176758 0.910645
vt 0.172119 0.926025
vt 0.175293 0.938477
vt 0.178711 0.916016
vt 0.184082 0.929443
vt 0.179443 0.905273
vt 0.177734 0.898682
vt 0.180420 0.893311
vt 0.183105 0.897949
vt 0.182129 0.909424
vt 0.186035 0.898682
vt 0.185303 0.908936
vt 0.185791 0.919434
vt 0.186035 0.924316
vt 0.186768 0.919434
vt 0.189697 0.923828
vt 0.197510 0.926025
vt 0.196289 0.920166
vt 0.197021 0.908691
vt 0.202393 0.911621
vt 0.211914 0.904541
vt 0.207275 0.911621
vt 0.208984 0.916748
vt 0.204102 0.920166
vt 0.206055 0.929688
vt 0.190918 0.936279
vt 0.198486 0.938232
vt 0.198242 0.944824
vt 0.187500 0.946777
vt 0.201904 0.940918
vt 0.210938 0.944092
vt 0.216797 0.948975
vt 0.229492 0.946533
vt 0.201660 0.951416
vt 0.188721 0.954834
vt 0.173096 0.969482
vt 0.199707 0.960938
vt 0.233887 0.951660
vt 0.237549 0.949951
vt 0.243164 0.955566
vt 0.226807 0.953857
vt 0.214111 0.954590
vt 0.237061 0.958008
vt 0.239746 0.960693
vt 0.223145 0.958008
vt 0.205566 0.961426
vt 0.204590 0.964111
vt 0.202393 0.966553
vt 0.205566 0.966553
vt 0.214111 0.978760
vt 0.188721 0.962891
vt 0.208008 0.976562
vt 0.214111 0.984863
vt 0.209717 0.982422
vt 0.199951 0.970215
vt 0.200439 0.978027
vt 0.187988 0.970947
vt 0.179443 0.981201
vt 0.182861 0.986572
vt 0.162109 0.983887
vt 0.146484 0.979004
vt 0.143555 0.990234
vt 0.143066 0.980713
vt 0.131836 0.983643
vt 0.762207 0.343018
vt 0.758057 0.339111
vt 0.761963 0.333252
vt 0.761719 0.322754
vt 0.764160 0.324219
vt 0.763184 0.312012
vt 0.759033 0.320801
vt 0.767334 0.317383
vt 0.760986 0.309326
vt 0.763916 0.299561
vt 0.767822 0.306641
vt 0.770752 0.316406
vt 0.754883 0.298828
vt 0.759521 0.292480
vt 0.753418 0.290527
vt 0.759033 0.275391
vt 0.764648 0.286377
vt 0.771729 0.275879
vt 0.768311 0.269775
vt 0.379639 0.535400
vt 0.355713 0.542480
vt 0.353271 0.531982
vt 0.332764 0.549805
vt 0.346191 0.555176
vt 0.326416 0.534668
vt 0.337158 0.521484
vt 0.373047 0.513672
vt 0.359863 0.502686
vt 0.288574 0.525879
vt 0.301025 0.544678
vt 0.320312 0.563965
vt 0.262695 0.542725
vt 0.252930 0.527588
vt 0.277344 0.560059
vt 0.252930 0.558350
vt 0.270020 0.509277
vt 0.262695 0.577637
vt 0.301514 0.509521
vt 0.332275 0.499756
vt 0.290283 0.497314
vt 0.286865 0.573975
vt 0.354492 0.492920
vt 0.378662 0.489990
vt 0.360352 0.483887
vt 0.344971 0.486084
vt 0.314453 0.490723
vt 0.336182 0.479736
vt 0.360840 0.472412
vt 0.299316 0.483643
vt 0.347900 0.462891
vt 0.361328 0.458984
vt 0.361816 0.441650
vt 0.350586 0.439941
vt 0.367920 0.429688
vt 0.363037 0.427002
vt 0.335205 0.458252
vt 0.341553 0.441162
vt 0.353516 0.420898
vt 0.337646 0.418701
vt 0.319336 0.466553
vt 0.320312 0.452881
vt 0.317627 0.447998
vt 0.298340 0.456543
vt 0.311768 0.439697
vt 0.296875 0.470703
vt 0.280762 0.483398
vt 0.280273 0.463623
vt 0.267334 0.494385
vt 0.251465 0.488525
vt 0.257812 0.480469
vt 0.271240 0.465332
vt 0.250488 0.470215
vt 0.287354 0.450684
vt 0.258301 0.454102
vt 0.239014 0.458008
vt 0.269531 0.445068
vt 0.247314 0.442871
vt 0.282227 0.435059
vt 0.305664 0.415527
vt 0.338623 0.396729
vt 0.327881 0.385498
vt 0.284668 0.418213
vt 0.263428 0.428711
vt 0.283691 0.404053
vt 0.254150 0.422363
vt 0.234619 0.426270
vt 0.236084 0.398193
vt 0.259521 0.399170
vt 0.273193 0.375977
vt 0.252686 0.372070
vt 0.280762 0.347412
vt 0.296631 0.360840
vt 0.308838 0.378906
vt 0.313965 0.352051
vt 0.326416 0.360596
vt 0.355225 0.557129
vt 0.363037 0.547363
vt 0.366211 0.558594
vt 0.366943 0.568359
vt 0.355713 0.575195
vt 0.366943 0.579102
vt 0.361328 0.587158
vt 0.355713 0.593262
vt 0.363525 0.598145
vt 0.345215 0.572266
vt 0.338135 0.567139
vt 0.330078 0.573242
vt 0.345459 0.587646
vt 0.313232 0.571045
vt 0.306641 0.585938
vt 0.332520 0.587402
vt 0.339355 0.603271
vt 0.282471 0.591553
vt 0.322510 0.601074
vt 0.307373 0.600586
vt 0.316895 0.611572
vt 0.348145 0.606934
vt 0.339111 0.613525
vt 0.355957 0.613525
vt 0.368896 0.606934
vt 0.372559 0.615723
vt 0.362793 0.624512
vt 0.320801 0.616455
vt 0.350830 0.635254
vt 0.295898 0.606934
vt 0.288818 0.617432
vt 0.281494 0.607666
vt 0.266846 0.599365
vt 0.246094 0.596924
vt 0.251221 0.614258
vt 0.270264 0.614014
vt 0.261230 0.625244
vt 0.267822 0.629883
vt 0.252930 0.629639
vt 0.295166 0.620361
vt 0.282227 0.630127
vt 0.252441 0.638428
vt 0.263428 0.655762
vt 0.296631 0.639648
vt 0.277832 0.650635
vt 0.273926 0.668457
vt 0.322266 0.642578
vt 0.294189 0.658447
vt 0.350342 0.645996
vt 0.249023 0.664307
vt 0.302734 0.667236
vt 0.333496 0.656738
vt 0.358398 0.658691
vt 0.349365 0.668701
vt 0.325928 0.668701
vt 0.322021 0.680664
vt 0.350586 0.684570
vt 0.340088 0.706543
vt 0.287354 0.678955
vt 0.313721 0.699951
vt 0.321289 0.716553
vt 0.343506 0.724121
vt 0.334717 0.736816
vt 0.341797 0.749268
vt 0.311035 0.741943
vt 0.295166 0.717529
vt 0.271729 0.735840
vt 0.279297 0.700928
vt 0.261230 0.728516
vt 0.254883 0.743652
vt 0.257080 0.699707
vt 0.266602 0.683105
vt 0.765137 0.952148
vt 0.763184 0.951416
vt 0.766113 0.948242
vt 0.754395 0.950195
vt 0.756348 0.945068
vt 0.746582 0.946289
vt 0.744873 0.948242
vt 0.739258 0.942871
vt 0.744141 0.943604
vt 0.749756 0.940918
vt 0.759521 0.938965
vt 0.765137 0.938965
vt 0.762939 0.936035
vt 0.781494 0.949707
vt 0.786377 0.933105
vt 0.792236 0.913086
vt 0.775146 0.956055
vt 0.765869 0.963379
vt 0.802002 0.927002
vt 0.766357 0.920166
vt 0.762207 0.928711
vt 0.753418 0.920166
vt 0.786865 0.903320
vt 0.749512 0.921143
vt 0.799561 0.896240
vt 0.794434 0.886475
vt 0.811523 0.901611
vt 0.818359 0.911865
vt 0.819824 0.932373
vt 0.749512 0.914307
vt 0.754639 0.915039
vt 0.742188 0.912598
vt 0.743408 0.909180
vt 0.744141 0.905029
vt 0.738281 0.909912
vt 0.808105 0.941162
vt 0.819824 0.941406
vt 0.794678 0.952881
vt 0.814453 0.947266
vt 0.788330 0.963867
vt 0.805664 0.951660
vt 0.803955 0.976562
vt 0.780518 0.965332
vt 0.818115 0.954590
vt 0.812256 0.962646
vt 0.832520 0.962646
vt 0.831299 0.952393
vt 0.851807 0.954590
vt 0.822998 0.950195
vt 0.823242 0.947021
vt 0.830322 0.950439
vt 0.830811 0.945801
vt 0.772217 0.966064
vt 0.758057 0.979004
vt 0.754883 0.975098
vt 0.750488 0.986572
vt 0.751465 0.987305
vt 0.748535 0.992188
vt 0.752441 0.988037
vt 0.766602 0.978027
vt 0.776367 0.968750
vt 0.767578 0.983398
vt 0.784424 0.971680
vt 0.790039 0.972168
vt 0.781982 0.989502
vt 0.791260 0.983887
vt 0.790283 0.991943
vt 0.790283 1.000000
vt 0.794678 0.988770
vt 0.792969 0.991699
vt 0.796875 0.991455
vt 0.802734 0.993652
vt 0.819092 0.993408
vt 0.807861 0.989502
vt 0.813477 0.981201
vt 0.821777 0.987793
vt 0.824463 0.982178
vt 0.827148 0.991455
vt 0.829102 0.986084
vt 0.828369 0.977539
vt 0.836426 0.984619
vt 0.841064 0.987549
vt 0.847900 0.981445
vt 0.840088 0.978516
vt 0.836426 0.969727
vt 0.853516 0.973877
vt 0.844482 0.964355
vt 0.868896 0.966797
vt 0.869385 0.980957
vt 0.865234 0.992188
vt 0.883301 0.990234
vt 0.876465 0.994629
vt 0.893311 0.986084
vt 0.888428 0.972656
vt 0.907959 0.984619
vt 0.908691 0.971191
vt 0.888184 0.962646
vt 0.900391 0.961426
vt 0.874268 0.961914
vt 0.861084 0.956787
vt 0.870117 0.946045
vt 0.869385 0.955322
vt 0.663818 0.386230
vt 0.644531 0.378174
vt 0.666992 0.363770
vt 0.646973 0.355469
vt 0.642334 0.393799
vt 0.655762 0.406250
vt 0.682129 0.402588
vt 0.675537 0.420410
vt 0.648438 0.422607
vt 0.666260 0.433350
vt 0.633789 0.407471
vt 0.623535 0.390625
vt 0.623291 0.371338
vt 0.676758 0.443604
vt 0.663818 0.446533
vt 0.641113 0.437988
vt 0.662842 0.455078
vt 0.682861 0.454834
vt 0.648193 0.455322
vt 0.676025 0.476562
vt 0.656250 0.483154
vt 0.627686 0.439453
vt 0.623779 0.465088
vt 0.628906 0.494385
vt 0.654297 0.517578
vt 0.621338 0.424316
vt 0.610352 0.437500
vt 0.594727 0.471436
vt 0.627197 0.522949
vt 0.642090 0.542725
vt 0.610840 0.537842
vt 0.600098 0.503662
vt 0.585938 0.523926
vt 0.581055 0.516357
vt 0.584229 0.490234
vt 0.576904 0.507812
vt 0.584717 0.473633
vt 0.571045 0.485107
vt 0.581543 0.453857
vt 0.579590 0.465332
vt 0.573486 0.474365
vt 0.586914 0.441406
vt 0.575439 0.446533
vt 0.572266 0.460205
vt 0.562012 0.468750
vt 0.558838 0.442627
vt 0.577637 0.435303
vt 0.572266 0.430420
vt 0.598877 0.420410
vt 0.573486 0.416504
vt 0.560791 0.430664
vt 0.616943 0.409912
vt 0.601562 0.396973
vt 0.582031 0.405762
vt 0.605957 0.384521
vt 0.582764 0.390869
vt 0.566895 0.399170
vt 0.567627 0.415039
vt 0.595459 0.374756
vt 0.562988 0.404297
vt 0.548096 0.419189
vt 0.548096 0.433105
vt 0.542480 0.403564
vt 0.560303 0.393555
vt 0.561768 0.384033
vt 0.551758 0.447754
vt 0.531738 0.422119
vt 0.541260 0.433105
vt 0.556152 0.472900
vt 0.548096 0.449463
vt 0.522461 0.423584
vt 0.512695 0.411377
vt 0.532959 0.435303
vt 0.541992 0.447510
vt 0.549316 0.460205
vt 0.529541 0.440674
vt 0.535156 0.452148
vt 0.546631 0.467041
vt 0.516602 0.427979
vt 0.510010 0.437744
vt 0.505127 0.418457
vt 0.495361 0.423096
vt 0.490967 0.410156
vt 0.481445 0.404541
vt 0.476074 0.410645
vt 0.478027 0.419678
vt 0.482422 0.426514
vt 0.491699 0.434326
vt 0.495850 0.401123
vt 0.489990 0.373047
vt 0.520264 0.396484
vt 0.509033 0.376709
vt 0.545898 0.382324
vt 0.510498 0.348389
vt 0.489502 0.343018
vt 0.503418 0.331543
vt 0.532715 0.356934
vt 0.522217 0.341309
vt 0.550049 0.370850
vt 0.537842 0.347168
vt 0.519531 0.328857
vt 0.509521 0.322510
vt 0.524658 0.323242
vt 0.512451 0.316895
vt 0.522949 0.314941
vt 0.550537 0.357422
vt 0.541748 0.338867
vt 0.537109 0.323975
vt 0.525879 0.311035
vt 0.533691 0.285645
vt 0.550537 0.313477
vt 0.552002 0.340088
vt 0.566650 0.311768
vt 0.579102 0.332275
vt 0.573486 0.355469
vt 0.569336 0.374023
vt 0.590576 0.361816
vt 0.595947 0.344238
vt 0.595703 0.320068
vt 0.612061 0.357422
vt 0.613770 0.339355
vt 0.611572 0.322998
vt 0.625000 0.358643
vt 0.649170 0.329590
vt 0.980957 0.506592
vt 0.997803 0.502197
vt 0.985352 0.514160
vt 0.991699 0.513916
vt 0.980957 0.517822
vt 0.974609 0.518555
vt 0.984375 0.519287
vt 0.992920 0.526123
vt 0.982422 0.524170
vt 0.978516 0.537842
vt 0.988037 0.541748
vt 0.999023 0.551758
vt 0.057861 0.780518
vt 0.055420 0.768311
vt 0.061523 0.773682
vt 0.056641 0.758545
vt 0.052490 0.772461
vt 0.045654 0.775146
vt 0.054443 0.786865
vt 0.060547 0.783936
vt 0.065918 0.778809
vt 0.064209 0.783936
vt 0.067139 0.783203
vt 0.073975 0.774658
vt 0.043213 0.762939
vt 0.017090 0.756348
vt 0.020996 0.747314
vt 0.007324 0.747314
vt 0.027588 0.733643
vt 0.050293 0.756836
vt 0.043945 0.731934
vt 0.048340 0.726318
vt 0.063232 0.741699
vt 0.054932 0.710449
vt 0.070801 0.728516
vt 0.061768 0.759033
vt 0.077148 0.762695
vt 0.085205 0.733887
vt 0.078857 0.716797
vt 0.089844 0.718506
vt 0.083740 0.752197
vt 0.093506 0.751953
vt 0.098389 0.711182
vt 0.102539 0.743164
vt 0.091309 0.766846
vt 0.101807 0.761719
vt 0.109375 0.753174
vt 0.105713 0.772949
vt 0.096436 0.765625
vt 0.101562 0.773438
vt 0.094727 0.772461
vt 0.086670 0.776123
vt 0.085449 0.779541
vt 0.090820 0.777344
vt 0.090332 0.779785
vt 0.096680 0.779541
vt 0.098633 0.785156
vt 0.102051 0.780273
vt 0.107666 0.783203
vt 0.109131 0.771729
vt 0.112549 0.788818
vt 0.108398 0.787354
vt 0.107422 0.792725
vt 0.102051 0.784424
vt 0.103760 0.789062
vt 0.102051 0.791260
vt 0.229248 0.384521
vt 0.221680 0.375488
vt 0.235107 0.347168
vt 0.236084 0.379639
vt 0.220459 0.392334
vt 0.226562 0.416016
vt 0.201660 0.373291
vt 0.204346 0.364990
vt 0.195557 0.396973
vt 0.179932 0.381348
vt 0.212158 0.410400
vt 0.166992 0.404297
vt 0.160156 0.368164
vt 0.143799 0.384033
vt 0.197266 0.416992
vt 0.177490 0.426025
vt 0.160645 0.415283
vt 0.142578 0.408691
vt 0.169922 0.444336
vt 0.141846 0.429932
vt 0.122070 0.379639
vt 0.183105 0.438965
vt 0.202393 0.425537
vt 0.187012 0.450439
vt 0.206543 0.438477
vt 0.217041 0.423096
vt 0.222168 0.431885
vt 0.220459 0.445068
vt 0.207520 0.451904
vt 0.216064 0.459229
vt 0.196777 0.459229
vt 0.208984 0.462158
vt 0.207275 0.472168
vt 0.215088 0.472900
vt 0.197021 0.476074
vt 0.182129 0.469482
vt 0.204346 0.485840
vt 0.193604 0.496094
vt 0.218750 0.486572
vt 0.186768 0.488281
vt 0.166504 0.456543
vt 0.178223 0.482666
vt 0.144531 0.448975
vt 0.110840 0.432373
vt 0.163330 0.467285
vt 0.120117 0.457764
vt 0.160645 0.488770
vt 0.142578 0.492676
vt 0.115723 0.492432
vt 0.180420 0.506592
vt 0.160645 0.514893
vt 0.131836 0.520264
vt 0.109131 0.524414
vt 0.177490 0.523193
vt 0.147949 0.527588
vt 0.131348 0.538330
vt 0.115967 0.537842
vt 0.165283 0.526123
vt 0.160400 0.540527
vt 0.132568 0.543701
vt 0.114258 0.545410
vt 0.172852 0.530273
vt 0.156250 0.555664
vt 0.179932 0.545654
vt 0.120605 0.568115
vt 0.161133 0.571045
vt 0.124512 0.590088
vt 0.178223 0.565430
vt 0.147705 0.590576
vt 0.125244 0.606201
vt 0.103027 0.628662
vt 0.170898 0.579102
vt 0.152832 0.599854
vt 0.136230 0.612793
vt 0.163330 0.608154
vt 0.172363 0.621826
vt 0.175049 0.591309
vt 0.184570 0.609131
vt 0.188477 0.621826
vt 0.181641 0.583252
vt 0.190186 0.597412
vt 0.193604 0.612305
vt 0.195557 0.623291
vt 0.183350 0.571289
vt 0.201904 0.605957
vt 0.204346 0.625244
vt 0.190430 0.576172
vt 0.214355 0.603516
vt 0.217773 0.583496
vt 0.197266 0.563721
vt 0.184082 0.549316
vt 0.235352 0.576416
vt 0.182129 0.533936
vt 0.190918 0.544922
vt 0.217773 0.557373
vt 0.236328 0.562256
vt 0.203613 0.549805
vt 0.219482 0.550293
vt 0.233154 0.539307
vt 0.193848 0.536865
vt 0.208008 0.542236
vt 0.220215 0.539062
vt 0.238281 0.512207
vt 0.250244 0.520752
vt 0.212158 0.530518
vt 0.203125 0.533203
vt 0.191406 0.530762
vt 0.204590 0.523193
vt 0.218018 0.517334
vt 0.235107 0.496338
vt 0.192139 0.516357
vt 0.204590 0.505615
vt 0.771973 0.716797
vt 0.771729 0.722168
vt 0.753662 0.724854
vt 0.766846 0.702393
vt 0.756104 0.709229
vt 0.816162 0.706055
vt 0.782227 0.698242
vt 0.807373 0.696777
vt 0.773438 0.685303
vt 0.757568 0.700684
vt 0.812988 0.676514
vt 0.770020 0.676270
vt 0.747803 0.687012
vt 0.755615 0.672607
vt 0.836670 0.674316
vt 0.798828 0.665527
vt 0.787354 0.653320
vt 0.746094 0.661133
vt 0.790283 0.660645
vt 0.784668 0.643066
vt 0.812500 0.618408
vt 0.808838 0.640137
vt 0.829346 0.620361
vt 0.828369 0.643311
vt 0.863037 0.647949
vt 0.862305 0.662354
vt 0.852539 0.682861
vt 0.884277 0.676514
vt 0.869385 0.690186
vt 0.835938 0.710449
vt 0.812500 0.720947
vt 0.856201 0.709961
vt 0.886963 0.697266
vt 0.874023 0.718262
vt 0.827881 0.727051
vt 0.833740 0.741211
vt 0.805420 0.742676
vt 0.778564 0.734619
vt 0.757324 0.751465
vt 0.764893 0.765869
vt 0.780762 0.755859
vt 0.791016 0.764893
vt 0.771973 0.779541
vt 0.772949 0.785156
vt 0.800537 0.775635
vt 0.781738 0.789551
vt 0.816650 0.763428
vt 0.851562 0.747314
vt 0.884521 0.722900
vt 0.836426 0.770020
vt 0.857422 0.754150
vt 0.863525 0.763672
vt 0.840332 0.781250
vt 0.803467 0.788086
vt 0.794189 0.807373
vt 0.816895 0.798340
vt 0.844727 0.793457
vt 0.824951 0.812744
vt 0.850342 0.809326
vt 0.805176 0.825684
vt 0.837402 0.819580
vt 0.821533 0.831543
vt 0.933838 0.308838
vt 0.919189 0.305908
vt 0.917725 0.283691
vt 0.885254 0.281982
vt 0.876465 0.289062
vt 0.906250 0.315674
vt 0.847900 0.267822
vt 0.835693 0.283447
vt 0.859619 0.305908
vt 0.819092 0.295166
vt 0.810791 0.304688
vt 0.851807 0.326904
vt 0.877197 0.264893
vt 0.849121 0.258545
vt 0.883789 0.332764
vt 0.911133 0.354004
vt 0.879639 0.346191
vt 0.891357 0.360596
vt 0.860107 0.244385
vt 0.900635 0.271973
vt 0.881104 0.251221
vt 0.917480 0.269043
vt 0.941650 0.275391
vt 0.899170 0.261475
vt 0.935791 0.262451
vt 0.922363 0.250244
vt 0.901611 0.246582
vt 0.938965 0.248291
vt 0.955811 0.252686
vt 0.920898 0.237549
vt 0.936035 0.235840
vt 0.951904 0.240723
vt 0.949951 0.225586
vt 0.928223 0.223389
vt 0.906982 0.231201
vt 0.900391 0.221191
vt 0.876465 0.221924
vt 0.884521 0.230957
vt 0.855713 0.215576
vt 0.850586 0.202637
vt 0.862061 0.229004
vt 0.881348 0.240234
vt 0.839600 0.218994
vt 0.310059 0.096924
vt 0.295166 0.076904
vt 0.323242 0.079834
vt 0.296387 0.067139
vt 0.324463 0.069580
vt 0.269043 0.086182
vt 0.294678 0.045898
vt 0.337158 0.053711
vt 0.265137 0.057861
vt 0.259766 0.103516
vt 0.290771 0.114014
vt 0.254639 0.065674
vt 0.235596 0.072021
vt 0.280762 0.123779
vt 0.217041 0.051758
vt 0.234131 0.043945
vt 0.238770 0.031006
vt 0.236816 0.105957
vt 0.229980 0.090576
vt 0.210449 0.073486
vt 0.206787 0.102295
vt 0.237793 0.117920
vt 0.205811 0.124756
vt 0.243896 0.136719
vt 0.204346 0.089111
vt 0.189209 0.096191
vt 0.267334 0.133057
vt 0.306152 0.148193
vt 0.255615 0.156494
vt 0.284912 0.154053
vt 0.197266 0.074463
vt 0.205811 0.052002
vt 0.195068 0.065674
vt 0.187500 0.077393
vt 0.177490 0.094727
vt 0.174072 0.070801
vt 0.191650 0.059326
vt 0.210449 0.040283
vt 0.204102 0.040771
vt 0.213867 0.035156
vt 0.191406 0.041016
vt 0.182129 0.051025
vt 0.197510 0.020264
vt 0.215332 0.020264
vt 0.211670 0.011230
vt 0.221436 0.000000
vt 0.222412 0.012451
vt 0.220459 0.036133
vt 0.232666 0.002197
vt 0.258301 0.005127
vt 0.265625 0.029053
vt 0.300537 0.020264
vt 0.332031 0.036621
vt 0.294922 0.011963
vt 0.328369 0.021973
vt 0.317139 0.008301
vt 0.999512 0.425537
vt 0.995850 0.424072
vt 0.995850 0.409180
vt 0.986328 0.417480
vt 0.979492 0.383545
vt 0.984619 0.368652
vt 0.977539 0.356201
vt 0.980957 0.418701
vt 0.975098 0.410156
vt 0.979248 0.427734
vt 0.989990 0.426514
vt 0.995850 0.431885
vt 0.983398 0.427979
vt 0.990479 0.431396
vt 0.987793 0.430420
vt 0.986084 0.437744
vt 0.978271 0.434814
vt 0.975342 0.434570
vt 0.975098 0.442383
vt 0.513672 0.769043
vt 0.509277 0.786133
vt 0.496094 0.772217
vt 0.526123 0.785645
vt 0.532959 0.761719
vt 0.522217 0.821533
vt 0.519287 0.760742
vt 0.523193 0.747559
vt 0.512451 0.752686
vt 0.514648 0.743408
vt 0.502930 0.762939
vt 0.493164 0.750488
vt 0.488525 0.763916
vt 0.471680 0.757568
vt 0.471680 0.769287
vt 0.500000 0.785156
vt 0.442139 0.767822
vt 0.455322 0.749756
vt 0.480713 0.780762
vt 0.498047 0.804443
vt 0.433350 0.759766
vt 0.458252 0.775391
vt 0.457764 0.804688
vt 0.441162 0.786377
vt 0.415039 0.773193
vt 0.422363 0.745850
vt 0.417969 0.754639
vt 0.423828 0.783203
vt 0.402344 0.767822
vt 0.396729 0.754639
vt 0.399902 0.783691
vt 0.380615 0.755859
vt 0.357910 0.742188
vt 0.350830 0.754639
vt 0.349854 0.770508
vt 0.377686 0.774902
vt 0.351807 0.779785
vt 0.361816 0.789062
vt 0.383057 0.787109
vt 0.396729 0.805420
vt 0.414307 0.808838
vt 0.376221 0.811279
vt 0.355469 0.810303
vt 0.392090 0.842041
vt 0.374756 0.847168
vt 0.355957 0.858643
vt 0.335693 0.861572
vt 0.410400 0.860840
vt 0.426758 0.822754
vt 0.427979 0.853027
vt 0.438721 0.812988
vt 0.441406 0.834717
vt 0.454346 0.839844
vt 0.447021 0.864990
vt 0.458252 0.847900
vt 0.467773 0.853760
vt 0.474121 0.832031
vt 0.475830 0.810547
vt 0.478760 0.848877
vt 0.480225 0.853760
vt 0.486572 0.837158
vt 0.493164 0.855469
vt 0.510010 0.855957
vt 0.488281 0.816650
vt 0.497803 0.831543
vt 0.512695 0.844727
vt 0.518799 0.864990
vt 0.510010 0.829834
vt 0.530273 0.850098
vt 0.530029 0.833740
vt 0.979004 0.719727
vt 0.983154 0.721191
vt 0.977783 0.725586
vt 0.982422 0.718262
vt 0.982178 0.716309
vt 0.978027 0.711670
vt 0.994629 0.668945
vt 0.994385 0.676025
vt 0.988770 0.670898
vt 0.995117 0.665039
vt 0.999756 0.672363
vt 0.999756 0.685303
vt 0.989258 0.681152
vt 0.991699 0.682861
vt 0.985840 0.687988
vt 0.985352 0.652588
vt 0.983398 0.656006
vt 0.976807 0.660400
vt 0.991455 0.659424
vt 0.999756 0.658447
vt 0.990479 0.649902
vt 0.996338 0.651123
vt 0.991943 0.638916
vt 0.985107 0.635986
vt 0.985352 0.647461
vt 0.980713 0.650146
vt 0.589600 0.070068
vt 0.568604 0.080078
vt 0.567383 0.054932
vt 0.569336 0.101074
vt 0.603027 0.091064
vt 0.614258 0.050293
vt 0.583496 0.116943
vt 0.629883 0.074707
vt 0.655518 0.036865
vt 0.599854 0.113525
vt 0.594971 0.137695
vt 0.593506 0.156250
vt 0.602539 0.128174
vt 0.604248 0.157959
vt 0.617676 0.108398
vt 0.609375 0.175293
vt 0.601318 0.138916
vt 0.612305 0.127686
vt 0.607422 0.140625
vt 0.632324 0.166504
vt 0.617920 0.192627
vt 0.614258 0.197998
vt 0.642334 0.194824
vt 0.691406 0.163818
vt 0.625488 0.132080
vt 0.664551 0.141357
vt 0.709961 0.139648
vt 0.721191 0.147461
vt 0.721680 0.166748
vt 0.737061 0.148438
vt 0.738525 0.129639
vt 0.752686 0.131836
vt 0.745361 0.104248
vt 0.727051 0.127197
vt 0.732666 0.116455
vt 0.719971 0.095703
vt 0.732666 0.073486
vt 0.715332 0.111084
vt 0.702637 0.122314
vt 0.709717 0.069336
vt 0.716064 0.050049
vt 0.702393 0.099609
vt 0.662842 0.113770
vt 0.703857 0.077393
vt 0.691162 0.062500
vt 0.676758 0.089355
vt 0.688232 0.046631
vt 0.701904 0.030762
vt 0.666016 0.060059
vt 0.674561 0.067871
vt 0.667969 0.067627
vt 0.647217 0.077637
vt 0.659668 0.068848
vt 0.633301 0.094238
vt 0.640625 0.094727
vt 0.664062 0.075195
vt 0.647705 0.096680
vt 0.631104 0.111084
vt 0.664795 0.086914
vt 0.626465 0.120605
vt 0.649170 0.105225
vt 0.231934 0.930420
vt 0.221924 0.940430
vt 0.217773 0.917480
vt 0.236328 0.909912
vt 0.241455 0.920410
vt 0.232178 0.939453
vt 0.240967 0.930176
vt 0.270020 0.931885
vt 0.242432 0.902100
vt 0.261475 0.917480
vt 0.257324 0.898682
vt 0.286377 0.916260
vt 0.306641 0.936768
vt 0.331787 0.925293
vt 0.311035 0.914795
vt 0.336426 0.906250
vt 0.246338 0.885010
vt 0.305908 0.897217
vt 0.319824 0.888916
vt 0.281982 0.894531
vt 0.265137 0.883301
vt 0.288574 0.880127
vt 0.258789 0.867676
vt 0.238525 0.887695
vt 0.224609 0.900879
vt 0.222412 0.880859
vt 0.223389 0.863037
vt 0.310791 0.869385
vt 0.342529 0.885742
vt 0.272217 0.847412
vt 0.239014 0.863525
vt 0.227783 0.831543
vt 0.237061 0.823242
vt 0.245361 0.864990
vt 0.246826 0.836914
vt 0.265381 0.835938
vt 0.287354 0.837158
vt 0.313721 0.847168
vt 0.330811 0.853516
vt 0.312988 0.836670
vt 0.328125 0.828613
vt 0.985840 0.577881
vt 0.999023 0.580078
vt 0.999023 0.610840
vt 0.977539 0.595703
vt 0.024902 0.085449
vt 0.019531 0.084717
vt 0.024414 0.080322
vt 0.030518 0.078857
vt 0.031006 0.074951
vt 0.023193 0.074951
vt 0.016846 0.085449
vt 0.015137 0.082764
vt 0.035400 0.065430
vt 0.023438 0.068359
vt 0.036865 0.051270
vt 0.019775 0.064209
vt 0.051514 0.049805
vt 0.028320 0.047607
vt 0.052734 0.036377
vt 0.064453 0.031494
vt 0.054688 0.025391
vt 0.044678 0.034424
vt 0.039795 0.028564
vt 0.048096 0.016357
vt 0.025635 0.034912
vt 0.042725 0.009521
vt 0.985107 0.662842
vt 0.977783 0.686035
vt 0.973633 0.671143
vt 0.538818 0.890869
vt 0.532715 0.896973
vt 0.517334 0.872559
vt 0.544922 0.887207
vt 0.542236 0.859863
vt 0.562500 0.888672
vt 0.557129 0.884521
vt 0.552002 0.846191
vt 0.538086 0.823975
vt 0.553955 0.802002
vt 0.546143 0.912842
vt 0.523193 0.911377
vt 0.569580 0.918701
vt 0.578369 0.904785
vt 0.586914 0.928711
vt 0.595947 0.920410
vt 0.587402 0.902832
vt 0.566895 0.834473
vt 0.567627 0.796143
vt 0.583496 0.803955
vt 0.584961 0.819336
vt 0.565186 0.868896
vt 0.578125 0.853516
vt 0.589355 0.855469
vt 0.572266 0.890381
vt 0.575195 0.879150
vt 0.591064 0.895264
vt 0.601807 0.906738
vt 0.582520 0.888184
vt 0.595947 0.879150
vt 0.604980 0.878418
vt 0.605469 0.845215
vt 0.591064 0.831543
vt 0.604980 0.824951
vt 0.752930 0.333008
vt 0.753174 0.361572
vt 0.743896 0.338623
vt 0.739746 0.358154
vt 0.739502 0.319092
vt 0.748779 0.315674
vt 0.728516 0.354004
vt 0.741943 0.371094
vt 0.726562 0.326904
vt 0.734619 0.292236
vt 0.748047 0.286621
vt 0.728271 0.298584
vt 0.719971 0.341064
vt 0.736816 0.266602
vt 0.753662 0.266357
vt 0.719727 0.383057
vt 0.718262 0.309570
vt 0.719238 0.281738
vt 0.718262 0.260254
vt 0.732666 0.239502
vt 0.721436 0.241211
vt 0.708496 0.278809
vt 0.701904 0.269775
vt 0.692627 0.299072
vt 0.704102 0.323730
vt 0.712402 0.355469
vt 0.706787 0.363281
vt 0.696289 0.336182
vt 0.679688 0.317627
vt 0.696045 0.362793
vt 0.704102 0.382568
vt 0.684814 0.335938
vt 0.684082 0.347900
vt 0.697021 0.376465
vt 0.674072 0.322998
vt 0.667480 0.312012
vt 0.682617 0.283691
vt 0.656250 0.304932
vt 0.659424 0.311279
vt 0.696289 0.261230
vt 0.703613 0.242188
vt 0.664795 0.284180
vt 0.689941 0.237793
vt 0.711670 0.220703
vt 0.643799 0.307617
vt 0.645996 0.313232
vt 0.631592 0.312744
vt 0.633545 0.298096
vt 0.618164 0.309814
vt 0.609131 0.313232
vt 0.622559 0.322021
vt 0.613525 0.299805
vt 0.622803 0.282227
vt 0.602539 0.293945
vt 0.607910 0.273926
vt 0.645508 0.277832
vt 0.662354 0.264648
vt 0.647461 0.254639
vt 0.669434 0.233154
vt 0.688721 0.215332
vt 0.673340 0.211914
vt 0.655273 0.224609
vt 0.671387 0.196045
vt 0.638184 0.250977
vt 0.660156 0.196777
vt 0.625732 0.252930
vt 0.637939 0.225342
vt 0.639404 0.208740
vt 0.616943 0.234375
vt 0.608398 0.253906
vt 0.588867 0.254639
vt 0.588135 0.270264
vt 0.149902 0.003906
vt 0.164307 0.023926
vt 0.144775 0.013184
vt 0.179199 0.014893
vt 0.139648 0.022949
vt 0.175293 0.034424
vt 0.136475 0.034180
vt 0.102539 0.009766
vt 0.176758 0.056885
vt 0.101562 0.024170
vt 0.147461 0.051025
vt 0.149170 0.066650
vt 0.123047 0.039795
vt 0.102051 0.041016
vt 0.124512 0.059326
vt 0.148926 0.080566
vt 0.094727 0.054688
vt 0.080078 0.036865
vt 0.133301 0.082031
vt 0.151611 0.090088
vt 0.104004 0.090820
vt 0.119873 0.095459
vt 0.128174 0.121826
vt 0.116455 0.116211
vt 0.097168 0.113525
vt 0.112061 0.131592
vt 0.801025 0.044678
vt 0.798584 0.031738
vt 0.807129 0.042480
vt 0.812256 0.040283
vt 0.785645 0.035889
vt 0.810303 0.047363
vt 0.810547 0.052979
vt 0.831299 0.051270
vt 0.829102 0.036865
vt 0.783447 0.051758
vt 0.795410 0.059814
vt 0.772217 0.042236
vt 0.772217 0.048340
vt 0.766357 0.042480
vt 0.765625 0.056396
vt 0.776611 0.063721
vt 0.821533 0.060303
vt 0.792236 0.067139
vt 0.775879 0.076660
vt 0.812988 0.071533
vt 0.791016 0.081543
vt 0.777100 0.087646
vt 0.809814 0.078613
vt 0.801758 0.092041
vt 0.811279 0.085449
vt 0.818359 0.081299
vt 0.800293 0.097900
vt 0.816162 0.092285
vt 0.781494 0.094727
vt 0.834473 0.076416
vt 0.835449 0.065430
vt 0.794922 0.106201
vt 0.774902 0.099854
vt 0.782471 0.108154
vt 0.795654 0.113525
vt 0.811768 0.107422
vt 0.789062 0.122314
vt 0.807617 0.125732
vt 0.798584 0.135742
vt 0.791748 0.132568
vt 0.802246 0.142578
vt 0.810303 0.141113
vt 0.832275 0.100830
vt 0.819580 0.137207
vt 0.816650 0.144775
vt 0.805908 0.157227
vt 0.821045 0.150635
vt 0.833496 0.133789
vt 0.828125 0.122070
vt 0.847900 0.115234
vt 0.845703 0.122803
vt 0.843262 0.149658
vt 0.835205 0.167969
vt 0.851562 0.133545
vt 0.843018 0.170166
vt 0.866943 0.126953
vt 0.863770 0.122559
vt 0.871582 0.119873
vt 0.865723 0.137695
vt 0.860107 0.147949
vt 0.858398 0.162354
vt 0.856934 0.179443
vt 0.885254 0.153809
vt 0.883789 0.169189
vt 0.862793 0.181641
vt 0.860596 0.192383
vt 0.906738 0.167236
vt 0.907715 0.179199
vt 0.900635 0.139648
vt 0.888428 0.181885
vt 0.911133 0.187256
vt 0.888672 0.192627
vt 0.872559 0.187012
vt 0.868652 0.192139
vt 0.874268 0.197998
vt 0.888428 0.130127
vt 0.895752 0.114990
vt 0.910156 0.125732
vt 0.911621 0.106689
vt 0.898926 0.094238
vt 0.875732 0.104736
vt 0.883057 0.101562
vt 0.857666 0.109619
vt 0.864990 0.092285
vt 0.850342 0.097900
vt 0.875977 0.093018
vt 0.886230 0.089844
vt 0.836426 0.091064
vt 0.853760 0.088379
vt 0.835693 0.084717
vt 0.855469 0.078857
vt 0.856689 0.072998
vt 0.865967 0.079834
vt 0.874756 0.085449
vt 0.864746 0.069580
vt 0.875000 0.074707
vt 0.887207 0.082764
vt 0.901367 0.068115
vt 0.899414 0.086426
vt 0.869385 0.057861
vt 0.876709 0.061768
vt 0.900879 0.078369
vt 0.906494 0.087891
vt 0.909668 0.079346
vt 0.910400 0.085693
vt 0.861328 0.059326
vt 0.864502 0.048584
vt 0.842285 0.048584
vt 0.850586 0.065430
vt 0.851562 0.058105
vt 0.838135 0.058838
vt 0.836182 0.051758
vt 0.639893 0.751953
vt 0.635010 0.749268
vt 0.641846 0.739258
vt 0.632568 0.759277
vt 0.645752 0.759766
vt 0.624512 0.750488
vt 0.660400 0.740723
vt 0.631836 0.736572
vt 0.673828 0.726318
vt 0.629395 0.781738
vt 0.669189 0.740234
vt 0.636230 0.783691
vt 0.651123 0.769287
vt 0.626221 0.800781
vt 0.616699 0.772949
vt 0.638428 0.798340
vt 0.614258 0.791992
vt 0.626709 0.807373
vt 0.625732 0.815430
vt 0.652100 0.796387
vt 0.611572 0.767578
vt 0.621582 0.737061
vt 0.610596 0.750977
vt 0.630371 0.728271
vt 0.627441 0.722168
vt 0.606689 0.790527
vt 0.604980 0.773682
vt 0.647461 0.716064
vt 0.632568 0.711426
vt 0.647705 0.698975
vt 0.612549 0.822754
vt 0.596924 0.789795
vt 0.656982 0.721191
vt 0.626465 0.832031
vt 0.611572 0.838379
vt 0.646484 0.810059
vt 0.665527 0.704346
vt 0.690186 0.704346
vt 0.680420 0.691406
vt 0.659180 0.690918
vt 0.659912 0.683105
vt 0.681396 0.680664
vt 0.703857 0.688232
vt 0.710449 0.677002
vt 0.720459 0.681396
vt 0.716309 0.694824
vt 0.699951 0.671387
vt 0.713867 0.666016
vt 0.681641 0.668945
vt 0.718750 0.706055
vt 0.738037 0.696777
vt 0.735107 0.710205
vt 0.697754 0.719727
vt 0.720459 0.725342
vt 0.740723 0.720215
vt 0.685303 0.730469
vt 0.689209 0.745361
vt 0.674316 0.748779
vt 0.706299 0.733398
vt 0.705322 0.745117
vt 0.659912 0.764893
vt 0.673340 0.762695
vt 0.657471 0.780273
vt 0.663818 0.771729
vt 0.680420 0.769775
vt 0.690430 0.752930
vt 0.700684 0.762207
vt 0.670166 0.781738
vt 0.693604 0.775391
vt 0.719971 0.748535
vt 0.712158 0.768311
vt 0.738281 0.740234
vt 0.749268 0.730957
vt 0.751221 0.748535
vt 0.743652 0.762451
vt 0.732422 0.763916
vt 0.696777 0.798096
vt 0.718994 0.777832
vt 0.739990 0.781738
vt 0.747559 0.787598
vt 0.754395 0.766357
vt 0.719482 0.791016
vt 0.723877 0.801514
vt 0.716553 0.814941
vt 0.733154 0.808838
vt 0.704834 0.815674
vt 0.706787 0.799805
vt 0.696533 0.807617
vt 0.700439 0.815186
vt 0.701904 0.822021
vt 0.704834 0.833008
vt 0.710449 0.841064
vt 0.696289 0.835938
vt 0.692383 0.857178
vt 0.687988 0.817627
vt 0.682861 0.833984
vt 0.668457 0.863770
vt 0.662109 0.829346
vt 0.648926 0.865234
vt 0.644043 0.851318
vt 0.638916 0.843018
vt 0.619629 0.843506
vt 0.667725 0.815918
vt 0.678467 0.807129
vt 0.675537 0.802979
vt 0.666748 0.802246
vt 0.681641 0.789795
vt 0.668701 0.790771
vt 0.659180 0.799805
vt 0.658447 0.793945
vt 0.582275 0.241211
vt 0.562500 0.229004
vt 0.574951 0.225342
vt 0.590820 0.210693
vt 0.587646 0.233887
vt 0.583984 0.198975
vt 0.570801 0.205811
vt 0.555176 0.222900
vt 0.550537 0.238037
vt 0.577881 0.186768
vt 0.582520 0.167236
vt 0.543213 0.226074
vt 0.574219 0.155273
vt 0.538086 0.237061
vt 0.560547 0.202881
vt 0.571533 0.178223
vt 0.561279 0.179688
vt 0.575928 0.134521
vt 0.552490 0.200195
vt 0.564697 0.154785
vt 0.563965 0.135498
vt 0.556396 0.139160
vt 0.556641 0.158447
vt 0.544434 0.129395
vt 0.544189 0.143311
vt 0.547119 0.159912
vt 0.549072 0.183594
vt 0.551514 0.124268
vt 0.542969 0.206787
vt 0.555420 0.119629
vt 0.577881 0.119873
vt 0.558838 0.109131
vt 0.537354 0.108398
vt 0.534912 0.118164
vt 0.523438 0.112549
vt 0.528320 0.131104
vt 0.516602 0.124756
vt 0.512451 0.117432
vt 0.516846 0.106201
vt 0.502197 0.106934
vt 0.525146 0.148438
vt 0.494385 0.099854
vt 0.492432 0.107422
vt 0.512939 0.138916
vt 0.503174 0.127686
vt 0.498047 0.116455
vt 0.478271 0.111084
vt 0.475098 0.100342
vt 0.487061 0.128418
vt 0.457031 0.117432
vt 0.474121 0.135254
vt 0.496338 0.141113
vt 0.478760 0.145996
vt 0.455322 0.145996
vt 0.434326 0.118408
vt 0.437256 0.139648
vt 0.506348 0.144531
vt 0.413574 0.158691
vt 0.423584 0.137207
vt 0.486328 0.153320
vt 0.464600 0.156250
vt 0.442383 0.161377
vt 0.460938 0.168457
vt 0.482178 0.168213
vt 0.435303 0.180176
vt 0.408203 0.179932
vt 0.428467 0.201416
vt 0.409668 0.201904
vt 0.443848 0.199219
vt 0.430664 0.228516
vt 0.451904 0.175293
vt 0.445557 0.222900
vt 0.448486 0.234375
vt 0.439697 0.231201
vt 0.453613 0.199951
vt 0.456787 0.236084
vt 0.444824 0.242920
vt 0.451904 0.217285
vt 0.452393 0.230469
vt 0.462646 0.228271
vt 0.462402 0.217529
vt 0.469482 0.235840
vt 0.479492 0.225098
vt 0.481689 0.235352
vt 0.490234 0.232422
vt 0.476318 0.218506
vt 0.490479 0.219727
vt 0.514404 0.243408
vt 0.512451 0.218994
vt 0.482666 0.211670
vt 0.471924 0.210938
vt 0.463867 0.202393
vt 0.469238 0.200195
vt 0.462402 0.184570
vt 0.479004 0.190674
vt 0.477539 0.178223
vt 0.495605 0.207031
vt 0.489502 0.190186
vt 0.504395 0.174561
vt 0.504150 0.156494
vt 0.511230 0.154785
vt 0.510254 0.193359
vt 0.509033 0.208984
vt 0.515137 0.171143
vt 0.522217 0.165283
vt 0.521484 0.186523
vt 0.524414 0.200684
vt 0.531494 0.185791
vt 0.533936 0.153320
vt 0.530518 0.169922
vt 0.538818 0.166992
vt 0.539307 0.187988
vt 0.532959 0.203857
vt 0.529053 0.232422
vt 0.541260 0.245605
vt 0.900146 0.206543
vt 0.920410 0.188232
vt 0.916260 0.204834
vt 0.940918 0.187988
vt 0.928223 0.206543
vt 0.930908 0.174316
vt 0.922363 0.172363
vt 0.939697 0.159668
vt 0.956055 0.164795
vt 0.961670 0.148926
vt 0.981201 0.156250
vt 0.962158 0.180664
vt 0.945557 0.198242
vt 0.932129 0.216309
vt 0.941650 0.214600
vt 0.960205 0.197510
vt 0.951172 0.219238
vt 0.995117 0.139404
vt 1.000000 0.148438
vt 0.985840 0.169678
vt 0.971191 0.182617
vt 0.969971 0.208008
vt 0.961670 0.224121
vt 0.978516 0.194092
vt 0.994873 0.182861
vt 0.974609 0.214355
vt 0.986328 0.209229
vt 0.980713 0.218018
vt 0.996826 0.209229
vt 0.978271 0.227539
vt 0.983643 0.230713
vt 0.989258 0.229004
vt 0.979004 0.572998
vt 0.974609 0.587158
vt 0.976074 0.564941
vt 0.981689 0.565674
vt 1.000000 0.570801
vt 0.978760 0.553223
vt 0.987305 0.560059
vt 0.979248 0.545166
vt 0.545898 0.480713
vt 0.534424 0.472168
vt 0.547363 0.474854
vt 0.560059 0.486816
vt 0.536621 0.463623
vt 0.520508 0.452393
vt 0.526855 0.466064
vt 0.525391 0.480469
vt 0.511963 0.484375
vt 0.516113 0.467529
vt 0.535156 0.484619
vt 0.530518 0.492676
vt 0.547607 0.497070
vt 0.537842 0.502197
vt 0.527588 0.504639
vt 0.541016 0.512939
vt 0.534668 0.513916
vt 0.526123 0.520996
vt 0.546387 0.512207
vt 0.528076 0.527100
vt 0.536377 0.522949
vt 0.532227 0.530762
vt 0.559570 0.505615
vt 0.568604 0.503906
vt 0.572754 0.513184
vt 0.564209 0.512939
vt 0.557617 0.517334
vt 0.971924 0.628174
vt 0.977295 0.634766
vt 0.973389 0.654541
vt 0.504883 0.475342
vt 0.510986 0.469482
vt 0.507324 0.464111
vt 0.509033 0.455811
vt 0.504639 0.469727
vt 0.506836 0.473145
vt 0.500977 0.474854
vt 0.500488 0.478516
vt 0.496094 0.475830
vt 0.501221 0.467285
vt 0.494385 0.475586
vt 0.499268 0.459473
vt 0.497314 0.463867
vt 0.490723 0.473633
vt 0.491699 0.461426
vt 0.488770 0.466064
vt 0.488281 0.457275
vt 0.487549 0.460205
vt 0.485840 0.463135
vt 0.479980 0.473145
vt 0.503662 0.451416
vt 0.486328 0.453613
vt 0.497314 0.444580
vt 0.478027 0.445557
vt 0.573242 0.517334
vt 0.593750 0.548340
vt 0.580322 0.553467
vt 0.560303 0.530273
vt 0.564209 0.569092
vt 0.580811 0.565674
vt 0.571533 0.586182
vt 0.593750 0.562012
vt 0.605225 0.549072
vt 0.613770 0.562988
vt 0.583008 0.577881
vt 0.602539 0.571289
vt 0.618652 0.564697
vt 0.623535 0.576172
vt 0.580078 0.589844
vt 0.564941 0.605713
vt 0.604736 0.582275
vt 0.623047 0.594971
vt 0.572754 0.615723
vt 0.556641 0.622070
vt 0.595215 0.604248
vt 0.616699 0.615234
vt 0.635986 0.621582
vt 0.589844 0.636475
vt 0.562500 0.635010
vt 0.551025 0.642822
vt 0.566895 0.656982
vt 0.621338 0.641602
vt 0.635986 0.652344
vt 0.615234 0.655029
vt 0.627930 0.659912
vt 0.592285 0.656982
vt 0.575439 0.673584
vt 0.599854 0.663818
vt 0.578857 0.680176
vt 0.569580 0.694336
vt 0.572754 0.698975
vt 0.606445 0.669434
vt 0.631348 0.667969
vt 0.581787 0.685303
vt 0.585449 0.700928
vt 0.607422 0.677979
vt 0.631592 0.676270
vt 0.592285 0.687012
vt 0.619629 0.683350
vt 0.636475 0.685791
vt 0.613037 0.692871
vt 0.611572 0.702637
vt 0.620361 0.711182
vt 0.590576 0.706055
vt 0.579346 0.710205
vt 0.584473 0.713867
vt 0.587402 0.720459
vt 0.596680 0.713379
vt 0.611084 0.712158
vt 0.591553 0.727295
vt 0.582275 0.733887
vt 0.601074 0.718506
vt 0.595459 0.728271
vt 0.610352 0.716797
vt 0.616455 0.717285
vt 0.614014 0.725830
vt 0.600830 0.726807
vt 0.610596 0.740723
vt 0.596436 0.740234
vt 0.591309 0.733154
vt 0.588867 0.732666
vt 0.589111 0.739746
vt 0.588135 0.741943
vt 0.589355 0.746582
vt 0.105957 0.327393
vt 0.123535 0.339600
vt 0.098877 0.339355
vt 0.093018 0.312012
vt 0.116943 0.311279
vt 0.078613 0.325684
vt 0.063477 0.315186
vt 0.049072 0.323486
vt 0.051514 0.331055
vt 0.065430 0.330078
vt 0.053711 0.339111
vt 0.078613 0.333984
vt 0.061768 0.341064
vt 0.075928 0.364746
vt 0.074219 0.338623
vt 0.043457 0.378174
vt 0.093750 0.352539
vt 0.107178 0.357666
vt 0.117432 0.339600
vt 0.090820 0.386963
vt 0.073975 0.405518
vt 0.043701 0.416016
vt 0.079346 0.426270
vt 0.095947 0.403076
vt 0.111328 0.389893
vt 0.098633 0.432861
vt 0.105713 0.411377
vt 0.122559 0.416992
vt 0.753906 0.559082
vt 0.755615 0.565186
vt 0.749756 0.568115
vt 0.754639 0.575684
vt 0.748535 0.583496
vt 0.764404 0.600586
vt 0.747559 0.561035
vt 0.763184 0.609375
vt 0.780273 0.630127
vt 0.775879 0.635742
vt 0.761963 0.626709
vt 0.744873 0.608887
vt 0.738037 0.579834
vt 0.748047 0.630615
vt 0.763916 0.645508
vt 0.751465 0.647705
vt 0.719971 0.612061
vt 0.734619 0.631104
vt 0.741455 0.646240
vt 0.727051 0.638916
vt 0.741943 0.657959
vt 0.734863 0.664062
vt 0.706055 0.617920
vt 0.714844 0.646240
vt 0.716064 0.657471
vt 0.702148 0.639160
vt 0.703125 0.628418
vt 0.687988 0.626221
vt 0.682129 0.605957
vt 0.666748 0.607666
vt 0.688965 0.602539
vt 0.696533 0.598633
vt 0.688232 0.580322
vt 0.703125 0.591797
vt 0.717773 0.595215
vt 0.695557 0.571045
vt 0.722900 0.564453
vt 0.678467 0.573975
vt 0.674316 0.559570
vt 0.661133 0.574219
vt 0.651611 0.565186
vt 0.664062 0.596191
vt 0.640625 0.578369
vt 0.643311 0.595215
vt 0.648926 0.611328
vt 0.632324 0.600830
vt 0.678223 0.551758
vt 0.659180 0.554199
vt 0.716309 0.548584
vt 0.676025 0.539062
vt 0.654541 0.535400
vt 0.705811 0.528076
vt 0.669434 0.516113
vt 0.688232 0.506836
vt 0.736084 0.556152
vt 0.738770 0.545166
vt 0.755127 0.548584
vt 0.744141 0.532471
vt 0.760986 0.548340
vt 0.724121 0.515625
vt 0.780762 0.527100
vt 0.773438 0.540527
vt 0.763184 0.531738
vt 0.757324 0.516846
vt 0.770996 0.514893
vt 0.789551 0.511963
vt 0.781982 0.508057
vt 0.748779 0.506836
vt 0.750000 0.497803
vt 0.781982 0.489990
vt 0.726318 0.505859
vt 0.753662 0.482422
vt 0.774414 0.471680
vt 0.733887 0.487061
vt 0.727539 0.474121
vt 0.720459 0.495117
vt 0.699463 0.484619
vt 0.696289 0.471191
vt 0.700928 0.498047
vt 0.682617 0.488770
vt 0.483887 0.956543
vt 0.458496 0.957275
vt 0.480469 0.949219
vt 0.456299 0.938721
vt 0.434082 0.956543
vt 0.483643 0.923828
vt 0.502441 0.938232
vt 0.467773 0.913086
vt 0.493896 0.910645
vt 0.432861 0.926758
vt 0.481201 0.905273
vt 0.505127 0.904297
vt 0.492676 0.896240
vt 0.458008 0.907715
vt 0.465576 0.893555
vt 0.487549 0.879150
vt 0.439209 0.905029
vt 0.446777 0.882568
vt 0.474609 0.867188
vt 0.507324 0.862305
vt 0.425049 0.874023
vt 0.416260 0.895996
vt 0.420898 0.913330
vt 0.404297 0.880859
vt 0.405518 0.867920
vt 0.393799 0.855957
vt 0.409668 0.899414
vt 0.402100 0.886719
vt 0.396729 0.869629
vt 0.385742 0.884521
vt 0.414795 0.919434
vt 0.409424 0.908936
vt 0.404541 0.897461
vt 0.390869 0.902344
vt 0.394043 0.907471
vt 0.419922 0.943848
vt 0.423828 0.966064
vt 0.416504 0.950684
vt 0.406982 0.927002
vt 0.394775 0.932373
vt 0.413086 0.961426
vt 0.392578 0.957764
vt 0.281494 0.827393
vt 0.273193 0.826172
vt 0.270996 0.814697
vt 0.262451 0.817139
vt 0.278564 0.815918
vt 0.286377 0.822998
vt 0.268066 0.800781
vt 0.262451 0.800781
vt 0.253662 0.806396
vt 0.254883 0.796387
vt 0.264160 0.789551
vt 0.241699 0.804932
vt 0.248047 0.818359
vt 0.241699 0.789795
vt 0.249756 0.780518
vt 0.265137 0.782471
vt 0.255371 0.771729
vt 0.267090 0.771240
vt 0.247559 0.768799
vt 0.233643 0.795898
vt 0.232422 0.816162
vt 0.238525 0.778809
vt 0.226074 0.809814
vt 0.237305 0.767578
vt 0.252930 0.758789
vt 0.230469 0.788818
vt 0.238770 0.752441
vt 0.224609 0.821533
vt 0.227539 0.765381
vt 0.225342 0.787109
vt 0.219971 0.812256
vt 0.223145 0.827637
vt 0.216064 0.796631
vt 0.211670 0.813477
vt 0.213623 0.825195
vt 0.203125 0.824219
vt 0.219971 0.776367
vt 0.212891 0.771240
vt 0.234375 0.746338
vt 0.208252 0.804443
vt 0.180908 0.816406
vt 0.207275 0.778320
vt 0.176025 0.841309
vt 0.145264 0.848633
vt 0.158447 0.865234
vt 0.150391 0.830566
vt 0.193604 0.788330
vt 0.161621 0.798828
vt 0.142334 0.793457
vt 0.132080 0.828613
vt 0.179443 0.758789
vt 0.163086 0.765625
vt 0.142334 0.771240
vt 0.121826 0.798584
vt 0.122070 0.778076
vt 0.117188 0.770020
vt 0.158447 0.752441
vt 0.140381 0.759521
vt 0.117188 0.761963
vt 0.124756 0.749512
vt 0.133789 0.740234
vt 0.117432 0.734375
vt 0.107178 0.739014
vt 0.134277 0.720703
vt 0.110352 0.714600
vt 0.116455 0.697510
vt 0.148926 0.732178
vt 0.171631 0.739746
vt 0.155518 0.713135
vt 0.146484 0.698486
vt 0.111572 0.678955
vt 0.197021 0.751709
vt 0.170654 0.716797
vt 0.162354 0.703857
vt 0.150635 0.687500
vt 0.116699 0.663818
vt 0.143555 0.660645
vt 0.164795 0.689941
vt 0.175537 0.700195
vt 0.185303 0.730225
vt 0.185547 0.711670
vt 0.186523 0.688477
vt 0.202148 0.707520
vt 0.168701 0.677979
vt 0.203613 0.721436
vt 0.208984 0.734863
vt 0.215820 0.722656
vt 0.174072 0.658447
vt 0.165039 0.645020
vt 0.184570 0.666748
vt 0.190918 0.645996
vt 0.180664 0.626221
vt 0.206543 0.632080
vt 0.197510 0.682129
vt 0.207520 0.672363
vt 0.209961 0.656250
vt 0.227051 0.640137
vt 0.226074 0.671875
vt 0.231934 0.655518
vt 0.222900 0.687012
vt 0.212891 0.694580
vt 0.218750 0.709961
vt 0.234863 0.716064
vt 0.232910 0.729736
vt 0.243652 0.727051
vt 0.219971 0.738037
vt 0.222412 0.750732
vt 0.209717 0.748047
vt 0.209229 0.763428
vt 0.540527 0.068359
vt 0.549561 0.077637
vt 0.533203 0.073242
vt 0.538086 0.084473
vt 0.536621 0.059814
vt 0.553955 0.067139
vt 0.524414 0.065430
vt 0.523682 0.079834
vt 0.517822 0.070801
vt 0.519531 0.085205
vt 0.524170 0.053711
vt 0.543213 0.045898
vt 0.536377 0.038574
vt 0.514404 0.056885
vt 0.513184 0.047119
vt 0.528564 0.030029
vt 0.506348 0.059326
vt 0.514160 0.027832
vt 0.529297 0.014648
vt 0.501953 0.039551
vt 0.523926 0.010498
vt 0.533203 0.002930
vt 0.510986 0.009521
vt 0.500244 0.022461
vt 0.491699 0.025146
vt 0.506348 0.072510
vt 0.497803 0.062988
vt 0.485596 0.038574
vt 0.478760 0.023438
vt 0.490723 0.063232
vt 0.474854 0.026367
vt 0.459229 0.004395
vt 0.487061 0.050781
vt 0.477783 0.043701
vt 0.476318 0.055664
vt 0.465088 0.035889
vt 0.456299 0.015625
vt 0.446777 0.013428
vt 0.435791 0.014893
vt 0.449951 0.018555
vt 0.443359 0.021484
vt 0.435547 0.029297
vt 0.452148 0.024658
vt 0.448242 0.034180
vt 0.456055 0.046631
vt 0.447754 0.048340
vt 0.421387 0.040283
vt 0.417480 0.034180
vt 0.461426 0.056152
vt 0.434814 0.053711
vt 0.470947 0.069824
vt 0.400635 0.039307
vt 0.404785 0.032715
vt 0.405762 0.045410
vt 0.401123 0.056396
vt 0.397217 0.052246
vt 0.423340 0.060059
vt 0.395996 0.079590
vt 0.457031 0.066650
vt 0.483154 0.075195
vt 0.490967 0.073242
vt 0.479736 0.081787
vt 0.461670 0.075928
vt 0.444824 0.072754
vt 0.500977 0.083496
vt 0.490723 0.090820
vt 0.508545 0.099365
vt 0.481445 0.091797
vt 0.516602 0.090088
vt 0.475830 0.087402
vt 0.536133 0.104004
vt 0.542969 0.095215
vt 0.552979 0.098145
vt 0.466309 0.085449
vt 0.465088 0.092773
vt 0.454834 0.088867
vt 0.450195 0.080566
vt 0.430664 0.085205
vt 0.449707 0.094238
vt 0.432129 0.076660
vt 0.429199 0.071533
vt 0.423828 0.077637
vt 0.417725 0.063477
vt 0.416016 0.068359
vt 0.422119 0.086670
vt 0.430420 0.094238
vt 0.406006 0.064697
vt 0.416016 0.076172
vt 0.405762 0.073730
vt 0.409424 0.069336
vt 0.390869 0.723877
vt 0.368408 0.725586
vt 0.389160 0.704102
vt 0.418945 0.719971
vt 0.422607 0.703125
vt 0.400879 0.689453
vt 0.375732 0.683350
vt 0.388428 0.662598
vt 0.412354 0.682129
vt 0.404053 0.662354
vt 0.397949 0.646729
vt 0.433105 0.693359
vt 0.420654 0.674072
vt 0.424316 0.663330
vt 0.454834 0.695312
vt 0.453125 0.709473
vt 0.459473 0.724365
vt 0.454346 0.742432
vt 0.478516 0.749268
vt 0.471191 0.722412
vt 0.473389 0.711182
vt 0.474609 0.689453
vt 0.485107 0.711182
vt 0.459717 0.672852
vt 0.503174 0.671875
vt 0.508057 0.683350
vt 0.443604 0.663574
vt 0.477783 0.660156
vt 0.506592 0.662354
vt 0.440674 0.654541
vt 0.418457 0.645508
vt 0.453369 0.647705
vt 0.492188 0.652832
vt 0.500244 0.648193
vt 0.475098 0.653320
vt 0.480225 0.636230
vt 0.499756 0.632568
vt 0.460205 0.636230
vt 0.433838 0.635742
vt 0.470215 0.626221
vt 0.459717 0.620117
vt 0.491943 0.619385
vt 0.505615 0.628174
vt 0.507812 0.614258
vt 0.495605 0.605713
vt 0.465576 0.607422
vt 0.495117 0.591309
vt 0.433838 0.616699
vt 0.410645 0.630127
vt 0.394043 0.627686
vt 0.411865 0.614990
vt 0.393799 0.607910
vt 0.428711 0.602783
vt 0.403564 0.592041
vt 0.453857 0.584961
vt 0.400391 0.579346
vt 0.491943 0.576904
vt 0.438721 0.566895
vt 0.394531 0.565918
vt 0.473389 0.568115
vt 0.488770 0.569092
vt 0.501953 0.562012
vt 0.495605 0.555664
vt 0.489502 0.553223
vt 0.423340 0.550293
vt 0.393555 0.548828
vt 0.452881 0.548828
vt 0.468994 0.548096
vt 0.481201 0.561523
vt 0.448975 0.536133
vt 0.486572 0.545898
vt 0.495605 0.540283
vt 0.489502 0.531738
vt 0.481934 0.542236
vt 0.476074 0.533447
vt 0.493408 0.519287
vt 0.497314 0.529297
vt 0.481201 0.516602
vt 0.493896 0.509766
vt 0.463867 0.526123
vt 0.473389 0.506348
vt 0.490234 0.500244
vt 0.450195 0.508789
vt 0.465088 0.498535
vt 0.486572 0.490967
vt 0.436279 0.522705
vt 0.419678 0.532715
vt 0.428223 0.509033
vt 0.450684 0.489746
vt 0.443115 0.498779
vt 0.472168 0.474365
vt 0.398926 0.531738
vt 0.384033 0.535400
vt 0.391357 0.525879
vt 0.413086 0.518311
vt 0.402344 0.514404
vt 0.378906 0.509521
vt 0.384033 0.498047
vt 0.400391 0.502686
vt 0.390381 0.495117
vt 0.417969 0.502686
vt 0.415039 0.495850
vt 0.406494 0.479248
vt 0.383057 0.483643
vt 0.436768 0.479492
vt 0.389648 0.465088
vt 0.407471 0.461182
vt 0.437744 0.462402
vt 0.465332 0.453613
vt 0.476074 0.463623
vt 0.428711 0.450684
vt 0.406982 0.451416
vt 0.451172 0.442383
vt 0.470947 0.438477
vt 0.467041 0.419434
vt 0.430664 0.436035
vt 0.395020 0.444092
vt 0.370605 0.456299
vt 0.406982 0.439941
vt 0.444336 0.411621
vt 0.463135 0.404785
vt 0.421631 0.414307
vt 0.448975 0.397461
vt 0.463135 0.392090
vt 0.458984 0.380615
vt 0.454102 0.376953
vt 0.426514 0.393066
vt 0.394775 0.406006
vt 0.401123 0.426514
vt 0.385742 0.416992
vt 0.380127 0.427734
vt 0.102051 0.802734
vt 0.104736 0.822021
vt 0.082764 0.799316
vt 0.089844 0.836182
vt 0.080566 0.817383
vt 0.119873 0.840576
vt 0.073486 0.824219
vt 0.068848 0.811523
vt 0.078369 0.843750
vt 0.104492 0.848633
vt 0.125977 0.856445
vt 0.147461 0.862061
vt 0.086426 0.858154
vt 0.071533 0.858398
vt 0.052246 0.854004
vt 0.062012 0.882812
vt 0.053467 0.880859
vt 0.057373 0.886719
vt 0.067139 0.901123
vt 0.075195 0.896729
vt 0.083740 0.890137
vt 0.087158 0.907715
vt 0.073486 0.871826
vt 0.075928 0.862061
vt 0.103271 0.915527
vt 0.100342 0.925293
vt 0.115479 0.929688
vt 0.094238 0.889893
vt 0.090332 0.873779
vt 0.095947 0.860352
vt 0.099121 0.879639
vt 0.104980 0.855469
vt 0.107422 0.899414
vt 0.106934 0.871094
vt 0.116211 0.861816
vt 0.114990 0.914551
vt 0.116455 0.900146
vt 0.117188 0.876221
vt 0.124023 0.910645
vt 0.127197 0.929688
vt 0.138672 0.915527
vt 0.123535 0.887451
vt 0.133789 0.892090
vt 0.142334 0.895752
vt 0.124512 0.870361
vt 0.128662 0.877686
vt 0.128174 0.866699
vt 0.138184 0.872803
vt 0.148193 0.893799
vt 0.154541 0.908447
vt 0.159912 0.881592
vt 0.197266 0.318604
vt 0.189209 0.331299
vt 0.188965 0.304199
vt 0.162842 0.324951
vt 0.208740 0.314697
vt 0.124512 0.331543
vt 0.140381 0.295898
vt 0.170410 0.296875
vt 0.192871 0.285156
vt 0.140381 0.276123
vt 0.113037 0.277832
vt 0.115967 0.266113
vt 0.173828 0.277344
vt 0.147461 0.253418
vt 0.209717 0.286865
vt 0.218750 0.315918
vt 0.227051 0.292480
vt 0.224609 0.271240
vt 0.173096 0.254150
vt 0.188721 0.270752
vt 0.206299 0.265869
vt 0.125000 0.239746
vt 0.202148 0.250732
vt 0.221191 0.254150
vt 0.230469 0.263428
vt 0.176758 0.242676
vt 0.207520 0.232910
vt 0.237061 0.248291
vt 0.226562 0.238037
vt 0.161377 0.233398
vt 0.193359 0.225342
vt 0.211182 0.202393
vt 0.176514 0.202148
vt 0.145752 0.214844
vt 0.121826 0.216797
vt 0.103271 0.236084
vt 0.138428 0.197021
vt 0.112061 0.206299
vt 0.166016 0.187012
vt 0.125244 0.191650
vt 0.119141 0.195312
vt 0.109863 0.197266
vt 0.127686 0.186768
vt 0.121582 0.184326
vt 0.142090 0.177979
vt 0.111816 0.167480
vt 0.112305 0.156250
vt 0.135254 0.160889
vt 0.107178 0.136475
vt 0.174316 0.175537
vt 0.154297 0.163330
vt 0.140137 0.147705
vt 0.154053 0.144775
vt 0.200195 0.177490
vt 0.174805 0.164551
vt 0.176514 0.137939
vt 0.202881 0.163574
vt 0.206543 0.140625
vt 0.216797 0.158203
vt 0.212402 0.172852
vt 0.214111 0.184570
vt 0.220459 0.171387
vt 0.234619 0.140869
vt 0.228027 0.154785
vt 0.236816 0.165039
vt 0.247070 0.154785
vt 0.231689 0.179688
vt 0.219482 0.193115
vt 0.226562 0.197021
vt 0.241943 0.184814
vt 0.216553 0.215820
vt 0.231445 0.218262
vt 0.242188 0.206299
vt 0.241943 0.229004
vt 0.325195 0.263672
vt 0.322998 0.236084
vt 0.334961 0.250977
vt 0.332520 0.235352
vt 0.344971 0.249512
vt 0.348877 0.240723
vt 0.360596 0.256104
vt 0.351318 0.288330
vt 0.336914 0.280029
vt 0.331787 0.307861
vt 0.367676 0.271973
vt 0.377441 0.245605
vt 0.386475 0.255615
vt 0.339844 0.309326
vt 0.366943 0.310059
vt 0.353027 0.330566
vt 0.376953 0.285889
vt 0.377930 0.338379
vt 0.373291 0.360107
vt 0.337158 0.333252
vt 0.335693 0.349365
vt 0.340576 0.363770
vt 0.327881 0.351562
vt 0.324219 0.332764
vt 0.390625 0.341797
vt 0.391113 0.364502
vt 0.307129 0.332764
vt 0.309326 0.347412
vt 0.388184 0.302979
vt 0.403809 0.319580
vt 0.404541 0.354980
vt 0.416504 0.344971
vt 0.397949 0.280762
vt 0.415527 0.302490
vt 0.403320 0.251953
vt 0.398926 0.242676
vt 0.413574 0.257812
vt 0.415527 0.240479
vt 0.426514 0.261963
vt 0.427490 0.305176
vt 0.437012 0.332275
vt 0.438721 0.295654
vt 0.443359 0.269775
vt 0.449951 0.248047
vt 0.459717 0.251709
vt 0.452393 0.295898
vt 0.457520 0.336914
vt 0.461914 0.273438
vt 0.474609 0.248047
vt 0.469482 0.295410
vt 0.466797 0.334961
vt 0.472412 0.339355
vt 0.487305 0.273193
vt 0.492432 0.239990
vt 0.506836 0.269531
vt 0.485596 0.295898
vt 0.498779 0.298096
vt 0.495850 0.327881
vt 0.505859 0.315186
vt 0.367920 0.912354
vt 0.359375 0.892822
vt 0.372314 0.892090
vt 0.381592 0.868408
vt 0.357910 0.928711
vt 0.366699 0.931396
vt 0.354004 0.870117
vt 0.374512 0.855957
vt 0.346680 0.887207
vt 0.381348 0.928223
vt 0.372070 0.947266
vt 0.357666 0.947021
vt 0.307861 0.271484
vt 0.295654 0.245117
vt 0.286865 0.256348
vt 0.322021 0.294434
vt 0.296875 0.287109
vt 0.310547 0.316406
vt 0.290527 0.309326
vt 0.293701 0.347412
vt 0.279053 0.338867
vt 0.274414 0.278809
vt 0.270020 0.249023
vt 0.258057 0.270020
vt 0.272461 0.296387
vt 0.258301 0.288574
vt 0.238770 0.260254
vt 0.255859 0.313232
vt 0.234131 0.270020
vt 0.251709 0.291260
vt 0.247070 0.300781
vt 0.234375 0.282227
vt 0.308105 0.964600
vt 0.308594 0.949707
vt 0.312744 0.956299
vt 0.301025 0.961182
vt 0.299561 0.969971
vt 0.309814 0.981934
vt 0.310303 0.995605
vt 0.331787 0.987793
vt 0.330322 0.976562
vt 0.316406 0.961182
vt 0.318359 0.957275
vt 0.321533 0.965088
vt 0.321045 0.960205
vt 0.327637 0.952881
vt 0.333740 0.967041
vt 0.338867 0.984131
vt 0.342041 0.998291
vt 0.349609 0.967773
vt 0.343750 0.946533
vt 0.321045 0.946289
vt 0.309326 0.944580
vt 0.317383 0.939209
vt 0.335449 0.931152
vt 0.364990 0.959229
vt 0.346436 0.983398
vt 0.356445 0.969971
vt 0.367432 0.965820
vt 0.371338 0.958496
vt 0.357178 0.982910
vt 0.380371 0.979736
vt 0.367432 0.993652
vt 0.381592 0.998779
vt 0.354980 0.212402
vt 0.357910 0.231689
vt 0.343018 0.231689
vt 0.372803 0.208008
vt 0.344482 0.199463
vt 0.325195 0.215088
vt 0.363281 0.195068
vt 0.373291 0.191895
vt 0.382080 0.197754
vt 0.368652 0.171631
vt 0.382080 0.177734
vt 0.389893 0.180420
vt 0.389893 0.161621
vt 0.355469 0.174316
vt 0.379883 0.163086
vt 0.366699 0.162109
vt 0.376709 0.153076
vt 0.356689 0.158691
vt 0.361328 0.152832
vt 0.391113 0.149170
vt 0.336914 0.171631
vt 0.340820 0.152588
vt 0.352539 0.144287
vt 0.319092 0.182617
vt 0.329590 0.161377
vt 0.337646 0.143311
vt 0.333008 0.150391
vt 0.307617 0.167480
vt 0.302246 0.201416
vt 0.311523 0.247803
vt 0.323975 0.140137
vt 0.342041 0.136475
vt 0.280762 0.219482
vt 0.290283 0.192139
vt 0.257080 0.201660
vt 0.270508 0.191895
vt 0.291016 0.174072
vt 0.303467 0.158691
vt 0.317627 0.145264
vt 0.333496 0.132568
vt 0.332764 0.121094
vt 0.343262 0.125977
vt 0.336426 0.124756
vt 0.327393 0.115234
vt 0.322510 0.116699
vt 0.318848 0.102783
vt 0.330078 0.092529
vt 0.336914 0.100098
vt 0.356934 0.076172
vt 0.340820 0.103271
vt 0.340332 0.117188
vt 0.359863 0.091553
vt 0.381592 0.073730
vt 0.343994 0.106934
vt 0.395996 0.109619
vt 0.346191 0.116455
vt 0.355225 0.108398
vt 0.354492 0.121338
vt 0.352051 0.128418
vt 0.366943 0.121582
vt 0.369141 0.130127
vt 0.364990 0.141602
vt 0.390869 0.124268
vt 0.410889 0.124756
vt 0.422852 0.114258
vt 0.810303 0.553711
vt 0.783447 0.551514
vt 0.805420 0.542969
vt 0.832031 0.528320
vt 0.844238 0.530273
vt 0.832764 0.551514
vt 0.815430 0.576416
vt 0.833496 0.575195
vt 0.843506 0.544189
vt 0.854004 0.534912
vt 0.850586 0.557129
vt 0.841309 0.596436
vt 0.857666 0.522217
vt 0.859375 0.569092
vt 0.872314 0.587402
vt 0.853027 0.641357
vt 0.874023 0.561768
vt 0.863770 0.545166
vt 0.877930 0.602295
vt 0.869141 0.629150
vt 0.885010 0.616943
vt 0.893555 0.584717
vt 0.904785 0.584473
vt 0.900635 0.617676
vt 0.910400 0.614258
vt 0.891846 0.559326
vt 0.908203 0.564697
vt 0.915527 0.576660
vt 0.922119 0.592041
vt 0.932617 0.622070
vt 0.919678 0.559082
vt 0.944580 0.588623
vt 0.958496 0.611816
vt 0.929688 0.560303
vt 0.944580 0.562012
vt 0.963623 0.566162
vt 0.970459 0.567627
vt 0.969971 0.604004
vt 0.966064 0.549561
vt 0.948975 0.538086
vt 0.960449 0.528076
vt 0.946045 0.521240
vt 0.959473 0.519531
vt 0.931641 0.542725
vt 0.933350 0.524658
vt 0.923584 0.517334
vt 0.920410 0.541016
vt 0.920166 0.524414
vt 0.899658 0.549316
vt 0.910889 0.535645
vt 0.907715 0.523438
vt 0.892578 0.525391
vt 0.895996 0.515869
vt 0.877930 0.546387
vt 0.884766 0.537109
vt 0.871094 0.537842
vt 0.882080 0.526367
vt 0.866943 0.529297
vt 0.875244 0.514648
vt 0.865234 0.508057
vt 0.885986 0.515869
vt 0.880859 0.499512
vt 0.874512 0.498779
vt 0.862549 0.499268
vt 0.886963 0.498047
vt 0.894531 0.494873
vt 0.901611 0.493896
vt 0.900879 0.468262
vt 0.906738 0.476807
vt 0.910645 0.513184
vt 0.923340 0.505615
vt 0.915039 0.491943
vt 0.932617 0.484131
vt 0.916748 0.480225
vt 0.913574 0.471191
vt 0.921387 0.467041
vt 0.804443 0.356445
vt 0.817871 0.347412
vt 0.816406 0.360352
vt 0.828857 0.360596
vt 0.810059 0.342285
vt 0.827393 0.371338
vt 0.810059 0.373291
vt 0.797363 0.337402
vt 0.816406 0.329590
vt 0.830322 0.349365
vt 0.848633 0.343506
vt 0.792725 0.318359
vt 0.781494 0.332520
vt 0.778564 0.352539
vt 0.846436 0.365967
vt 0.871826 0.357422
vt 0.790771 0.358398
vt 0.773193 0.381836
vt 0.754639 0.368408
vt 0.743652 0.419678
vt 0.786621 0.392334
vt 0.816162 0.388672
vt 0.755859 0.441895
vt 0.732178 0.438477
vt 0.748779 0.454834
vt 0.733398 0.445801
vt 0.776123 0.453857
vt 0.767822 0.462646
vt 0.781738 0.441162
vt 0.807129 0.419189
vt 0.793213 0.445068
vt 0.785400 0.461670
vt 0.784668 0.469971
vt 0.817139 0.423340
vt 0.799316 0.443848
vt 0.791992 0.460449
vt 0.805420 0.447754
vt 0.817383 0.461670
vt 0.801758 0.487793
vt 0.817627 0.436523
vt 0.837891 0.476807
vt 0.804199 0.507080
vt 0.833496 0.447510
vt 0.829834 0.502930
vt 0.859863 0.456543
vt 0.856934 0.476074
vt 0.865234 0.488037
vt 0.834717 0.515869
vt 0.861084 0.431152
vt 0.834961 0.417969
vt 0.855469 0.406006
vt 0.873047 0.401611
vt 0.835693 0.409424
vt 0.857422 0.385254
vt 0.849609 0.401855
vt 0.840576 0.397949
vt 0.827881 0.407715
vt 0.822021 0.401367
vt 0.841553 0.382812
vt 0.871582 0.378418
vt 0.890137 0.392334
vt 0.885498 0.370850
vt 0.504395 0.945801
vt 0.524902 0.946777
vt 0.483154 0.973877
vt 0.519775 0.934326
vt 0.506348 0.971680
vt 0.535156 0.951416
vt 0.537109 0.929932
vt 0.554443 0.921143
vt 0.519043 0.974121
vt 0.556396 0.932617
vt 0.545166 0.950195
vt 0.561035 0.936279
vt 0.558105 0.955322
vt 0.559570 0.946777
vt 0.529053 0.981689
vt 0.558594 0.967041
vt 0.538330 0.990967
vt 0.576172 0.948975
vt 0.572998 0.976318
vt 0.575195 0.956299
vt 0.580078 0.947754
vt 0.579834 0.954590
vt 0.578369 0.941895
vt 0.586670 0.938477
vt 0.573242 0.938721
vt 0.564697 0.940186
vt 0.581055 0.937500
vt 0.581543 0.933350
vt 0.586182 0.958252
vt 0.572021 0.962646
vt 0.573975 0.968262
vt 0.577637 0.964355
vt 0.580566 0.962402
vt 0.583496 0.961426
vt 0.588135 0.963867
vt 0.583008 0.964355
vt 0.584961 0.968506
vt 0.587402 0.967285
vt 0.593506 0.967041
vt 0.601562 0.964355
vt 0.591064 0.983398
vt 0.588135 0.976562
vt 0.584229 0.985840
vt 0.585205 0.974121
vt 0.581299 0.972412
vt 0.580811 0.970215
vt 0.076172 0.613770
vt 0.069336 0.603760
vt 0.094971 0.606445
vt 0.048340 0.609863
vt 0.043213 0.601562
vt 0.030762 0.609375
vt 0.005371 0.603271
vt 0.008057 0.608154
vt 0.023682 0.584473
vt 0.000244 0.585938
vt 0.021729 0.562256
vt 0.048584 0.590088
vt 0.038574 0.572266
vt 0.076904 0.594727
vt 0.071777 0.576904
vt 0.094238 0.589355
vt 0.106201 0.605713
vt 0.099609 0.572754
vt 0.118652 0.587402
vt 0.051270 0.564941
vt 0.077148 0.562988
vt 0.106934 0.558594
vt 0.050049 0.555176
vt 0.017090 0.551270
vt 0.072021 0.545410
vt 0.102783 0.543213
vt 0.088623 0.529785
vt 0.047363 0.542725
vt 0.051758 0.525391
vt 0.023926 0.525635
vt 0.004639 0.535156
vt 0.030518 0.507324
vt 0.004150 0.503174
vt 0.009277 0.495117
vt 0.026611 0.496582
vt 0.056885 0.496094
vt 0.071289 0.509033
vt 0.093018 0.492920
vt 0.106934 0.503418
vt 0.982422 0.479736
vt 0.974609 0.458496
vt 0.983643 0.464111
vt 0.984375 0.442383
vt 0.989990 0.454834
vt 0.988525 0.469727
vt 0.990234 0.479980
vt 0.984619 0.490967
vt 0.979004 0.494385
vt 0.982910 0.500000
vt 0.964111 0.127441
vt 0.956299 0.124268
vt 0.962402 0.104980
vt 0.969971 0.117676
vt 0.969482 0.143799
vt 0.984131 0.103516
vt 0.972656 0.087891
vt 0.955811 0.108643
vt 0.951416 0.127441
vt 0.927734 0.113037
vt 0.950439 0.101807
vt 0.915527 0.095459
vt 0.961182 0.089600
vt 0.942627 0.088623
vt 0.914307 0.067139
vt 0.965088 0.076416
vt 0.955078 0.065918
vt 0.971436 0.072998
vt 0.980225 0.081787
vt 0.981934 0.065430
vt 0.970947 0.055908
vt 0.964600 0.055908
vt 0.955322 0.050049
vt 0.924805 0.042969
vt 0.895508 0.050049
vt 0.880615 0.036377
vt 0.914551 0.018799
vt 0.868652 0.006592
vt 0.951172 0.038818
vt 0.962158 0.018555
vt 0.966797 0.032715
vt 0.972900 0.036377
vt 0.985107 0.042969
vt 0.978027 0.020508
vt 0.987305 0.027588
vt 0.982422 0.010254
vt 0.038330 0.077881
vt 0.050781 0.060791
vt 0.060303 0.074463
vt 0.075928 0.042236
vt 0.092773 0.069824
vt 0.076416 0.091309
vt 0.086182 0.091064
vt 0.080078 0.105225
vt 0.093750 0.096924
vt 0.089600 0.110107
vt 0.074707 0.104492
vt 0.059082 0.098877
vt 0.041992 0.095215
vt 0.047363 0.107178
vt 0.033447 0.093994
vt 0.038086 0.101318
vt 0.032715 0.097656
vt 0.032227 0.104980
vt 0.031738 0.110596
vt 0.036377 0.108154
vt 0.031250 0.113281
vt 0.034668 0.111084
vt 0.020020 0.095947
vt 0.022705 0.093262
vt 0.019531 0.090576
vt 0.007812 0.096680
vt 0.011230 0.099609
vt 0.023682 0.100586
vt 0.031250 0.103760
vt 0.009033 0.102539
vt 0.002441 0.107422
vt 0.018799 0.108643
vt 0.112305 0.473145
vt 0.081055 0.467773
vt 0.109863 0.467285
vt 0.070801 0.452881
vt 0.105469 0.441650
vt 0.039062 0.451416
vt 0.066406 0.430420
vt 0.024902 0.436279
vt 0.905518 0.662842
vt 0.908203 0.658936
vt 0.907715 0.671387
vt 0.907959 0.648193
vt 0.924805 0.645020
vt 0.916992 0.665039
vt 0.944580 0.647949
vt 0.916992 0.688232
vt 0.936035 0.673828
vt 0.949219 0.658203
vt 0.906006 0.693848
vt 0.950684 0.678955
vt 0.964844 0.668701
vt 0.959961 0.694092
vt 0.936279 0.699951
vt 0.946289 0.703125
vt 0.912598 0.710449
vt 0.925049 0.712891
vt 0.901367 0.722900
vt 0.913330 0.728271
vt 0.934570 0.725342
vt 0.948486 0.728271
vt 0.964111 0.721924
vt 0.948486 0.745850
vt 0.966309 0.747559
vt 0.936768 0.743408
vt 0.925049 0.753418
vt 0.952637 0.759521
vt 0.954834 0.775635
vt 0.938232 0.758545
vt 0.944336 0.770996
vt 0.947510 0.781250
vt 0.933838 0.767090
vt 0.935547 0.774170
vt 0.937500 0.780762
vt 0.925293 0.766846
vt 0.926025 0.773682
vt 0.927490 0.790039
vt 0.921875 0.781738
vt 0.912354 0.761230
vt 0.912109 0.769043
vt 0.911377 0.778809
vt 0.898926 0.780518
vt 0.915283 0.749756
vt 0.891357 0.766846
vt 0.907227 0.740723
vt 0.901855 0.753662
vt 0.903320 0.761719
vt 0.885986 0.777344
vt 0.892334 0.740479
vt 0.884033 0.731934
vt 0.875977 0.741211
vt 0.883789 0.750244
vt 0.874268 0.757324
vt 0.886475 0.760498
vt 0.880859 0.768066
vt 0.872070 0.770752
vt 0.868896 0.761963
vt 0.869141 0.785645
vt 0.878418 0.778809
vt 0.875732 0.788818
vt 0.834717 0.911133
vt 0.837402 0.920166
vt 0.831055 0.913818
vt 0.828369 0.910156
vt 0.831055 0.919189
vt 0.843506 0.930420
vt 0.847656 0.925781
vt 0.847168 0.913086
vt 0.835205 0.899658
vt 0.819580 0.885986
vt 0.858887 0.919189
vt 0.856689 0.927246
vt 0.868652 0.919434
vt 0.866943 0.907471
vt 0.850586 0.906494
vt 0.831787 0.884277
vt 0.843018 0.890381
vt 0.852783 0.895996
vt 0.843262 0.874268
vt 0.826904 0.871582
vt 0.819824 0.858643
vt 0.836182 0.852051
vt 0.842041 0.861084
vt 0.846680 0.845947
vt 0.853027 0.883301
vt 0.854736 0.860840
vt 0.862061 0.894043
vt 0.862793 0.868896
vt 0.870361 0.889893
vt 0.871094 0.858887
vt 0.861572 0.849609
vt 0.857910 0.839844
vt 0.850830 0.827637
vt 0.868652 0.837158
vt 0.858398 0.825439
vt 0.865723 0.823730
vt 0.871582 0.812500
vt 0.859131 0.815918
vt 0.880371 0.824463
vt 0.860596 0.793701
vt 0.854980 0.797363
vt 0.869629 0.792236
vt 0.882080 0.803955
vt 0.881348 0.815674
vt 0.893799 0.812012
vt 0.893799 0.796631
vt 0.905029 0.797607
vt 0.892334 0.817139
vt 0.905029 0.811279
vt 0.917725 0.805420
vt 0.912354 0.790527
vt 0.916016 0.814453
vt 0.901123 0.815674
vt 0.915527 0.822754
vt 0.898193 0.822754
vt 0.910400 0.835693
vt 0.928711 0.845947
vt 0.890137 0.834961
vt 0.879150 0.838379
vt 0.882568 0.857422
vt 0.904785 0.848877
vt 0.921875 0.866943
vt 0.883301 0.877441
vt 0.899170 0.878662
vt 0.914795 0.887939
vt 0.928955 0.928955
vt 0.909424 0.915771
vt 0.943359 0.890869
vt 0.945557 0.927490
vt 0.947266 0.862305
vt 0.956299 0.895996
vt 0.960693 0.929688
vt 0.964600 0.882080
vt 0.967529 0.910156
vt 0.892822 0.912842
vt 0.900391 0.923096
vt 0.893555 0.928467
vt 0.878906 0.923096
vt 0.888184 0.900146
vt 0.879150 0.908691
vt 0.868896 0.928223
vt 0.574463 0.038086
vt 0.577637 0.030029
vt 0.577637 0.038574
vt 0.564697 0.036133
vt 0.580322 0.015381
vt 0.572266 0.041260
vt 0.567871 0.048340
vt 0.578857 0.045898
vt 0.583984 0.053711
vt 0.592529 0.041016
vt 0.583252 0.039062
vt 0.595703 0.030273
vt 0.611816 0.043213
vt 0.625732 0.030029
vt 0.636963 0.022217
vt 0.643311 0.034912
vt 0.618652 0.017578
vt 0.599609 0.020020
vt 0.617920 0.006348
vt 0.625244 0.003662
vt 0.142090 0.651367
vt 0.131836 0.650879
vt 0.133057 0.647705
vt 0.130859 0.641357
vt 0.128174 0.656738
vt 0.123535 0.648926
vt 0.119873 0.642090
vt 0.109375 0.649658
vt 0.111572 0.653809
vt 0.112061 0.658936
vt 0.104004 0.654541
vt 0.102051 0.646729
vt 0.103516 0.660645
vt 0.101318 0.674072
vt 0.094727 0.650879
vt 0.098633 0.670166
vt 0.090576 0.654785
vt 0.090576 0.675049
vt 0.095459 0.679932
vt 0.069336 0.670166
vt 0.071289 0.679932
vt 0.072754 0.648438
vt 0.056396 0.667969
vt 0.064697 0.643799
vt 0.048340 0.668457
vt 0.012695 0.184082
vt 0.014893 0.182373
vt 0.017334 0.187744
vt 0.007324 0.176758
vt 0.018555 0.178711
vt 0.020752 0.181396
vt 0.010010 0.189697
vt 0.006348 0.200928
vt 0.028076 0.193604
vt 0.040039 0.188965
vt 0.047119 0.195312
vt 0.045898 0.200195
vt 0.061768 0.192627
vt 0.068115 0.198730
vt 0.061279 0.218018
vt 0.085938 0.180420
vt 0.068359 0.218506
vt 0.070801 0.241699
vt 0.076416 0.217773
vt 0.073975 0.208740
vt 0.078857 0.210938
vt 0.089844 0.187012
vt 0.104248 0.171875
vt 0.107910 0.174316
vt 0.085205 0.205566
vt 0.085693 0.215576
vt 0.094238 0.195557
vt 0.109375 0.185303
vt 0.100342 0.203125
vt 0.093506 0.209961
vt 0.104492 0.207520
vt 0.099121 0.225098
vt 0.097656 0.212158
vt 0.094727 0.270508
vt 0.101562 0.272705
vt 0.098877 0.280029
vt 0.113037 0.291260
vt 0.092285 0.274170
vt 0.092773 0.282715
vt 0.110840 0.302002
vt 0.128174 0.306885
vt 0.129395 0.299805
vt 0.087646 0.269287
vt 0.097656 0.250244
vt 0.093750 0.246338
vt 0.078613 0.275635
vt 0.079834 0.267578
vt 0.039307 0.277588
vt 0.994873 0.626953
vt 0.998047 0.628906
vt 0.990723 0.631836
vt 0.997559 0.619385
vt 0.989746 0.623047
vt 0.977783 0.625244
vt 0.980957 0.606934
vt 0.981445 0.618164
vt 0.974609 0.605225
vt 0.933105 0.973145
vt 0.927002 0.987061
vt 0.929199 0.969727
vt 0.926025 0.964355
vt 0.912842 0.977783
vt 0.912842 0.964111
vt 0.915771 0.952637
vt 0.929932 0.953857
vt 0.921143 0.944580
vt 0.932617 0.961426
vt 0.950928 0.969482
vt 0.947510 0.977051
vt 0.946045 0.957764
vt 0.939941 0.953125
vt 0.948975 0.943604
vt 0.922119 0.938232
vt 0.913086 0.931152
vt 0.949951 0.933350
vt 0.119141 0.975098
vt 0.126465 0.978760
vt 0.116699 0.980957
vt 0.113770 0.965088
vt 0.102051 0.961670
vt 0.107178 0.973389
vt 0.105469 0.977783
vt 0.093750 0.963379
vt 0.093994 0.972412
vt 0.082275 0.963867
vt 0.087158 0.944336
vt 0.079590 0.952881
vt 0.069092 0.960205
vt 0.093750 0.943115
vt 0.098145 0.942871
vt 0.097900 0.936768
vt 0.091553 0.932861
vt 0.071533 0.915283
vt 0.075684 0.907471
vt 0.068848 0.934082
vt 0.063965 0.921387
vt 0.058594 0.940918
vt 0.057861 0.931885
vt 0.056152 0.927979
vt 0.044189 0.916504
vt 0.038818 0.931152
vt 0.049561 0.938721
vt 0.048340 0.951904
vt 0.058594 0.967285
vt 0.040771 0.961914
vt 0.038330 0.946777
vt 0.024658 0.947754
vt 0.028564 0.937256
vt 0.985840 0.710693
vt 0.983154 0.702393
vt 0.989014 0.702881
vt 0.991455 0.710205
vt 0.994385 0.704834
vt 0.988281 0.693115
vt 0.982910 0.692627
vt 0.995117 0.694336
vt 0.999268 0.694336
vt 0.999756 0.704590
vt 0.342773 0.074463
vt 0.342773 0.071777
vt 0.353027 0.067383
vt 0.347168 0.066406
vt 0.353271 0.070801
vt 0.361084 0.065186
vt 0.361572 0.055176
vt 0.356689 0.055420
vt 0.355469 0.046631
vt 0.364502 0.030273
vt 0.360107 0.016602
vt 0.368896 0.052979
vt 0.372314 0.029297
vt 0.367432 0.064941
vt 0.375977 0.060303
vt 0.374268 0.065674
vt 0.383057 0.065430
vt 0.378418 0.068359
vt 0.383545 0.060059
vt 0.276855 0.942627
vt 0.262939 0.950684
vt 0.273682 0.938965
vt 0.258057 0.944336
vt 0.254639 0.947510
vt 0.250000 0.942627
vt 0.249512 0.948486
vt 0.257812 0.956055
vt 0.263916 0.955811
vt 0.276855 0.951172
vt 0.287354 0.938965
vt 0.266846 0.960693
vt 0.280762 0.955811
vt 0.266113 0.973389
vt 0.253418 0.966553
vt 0.259521 0.970459
vt 0.251709 0.981445
vt 0.264893 0.984863
vt 0.000000 0.614746
vt 0.002930 0.615479
vt 0.000244 0.620117
vt 0.000977 0.612793
vt 0.002441 0.610107
vt 0.744873 0.807861
vt 0.756592 0.784668
vt 0.756592 0.799072
vt 0.748779 0.845215
vt 0.737305 0.849365
vt 0.731689 0.826172
vt 0.733643 0.881836
vt 0.748779 0.892578
vt 0.760498 0.911621
vt 0.721924 0.871338
vt 0.687012 0.907471
vt 0.712158 0.855957
vt 0.686768 0.885986
vt 0.683105 0.869629
vt 0.971680 0.688477
vt 0.978516 0.696533
vt 0.971680 0.710938
vt 0.927490 0.445557
vt 0.967529 0.467041
vt 0.957275 0.476562
vt 0.958984 0.443604
vt 0.921143 0.459961
vt 0.894287 0.432617
vt 0.890381 0.448975
vt 0.897461 0.406982
vt 0.926758 0.417725
vt 0.958008 0.423828
vt 0.909180 0.399414
vt 0.932861 0.401611
vt 0.972412 0.395996
vt 0.912842 0.378662
vt 0.890625 0.373047
vt 0.918945 0.349121
vt 0.967773 0.376709
vt 0.962646 0.358398
vt 0.921143 0.335693
vt 0.967285 0.333984
s 1
usemtl tripo_mat_80cfebc9-5225-4433-9270-bcd9caad85d5
f 1461/1 1159/2 1485/3
f 1159/2 1461/1 1324/4
f 1244/5 143/6 1324/4
f 1324/4 143/6 170/7
f 1324/4 170/7 1159/2
f 170/7 143/6 346/8
f 1485/3 1159/2 1411/9
f 1485/3 1411/9 1571/10
f 170/7 346/8 397/11
f 397/11 346/8 476/12
f 1159/2 170/7 278/13
f 278/13 170/7 397/11
f 1411/9 1159/2 72/14
f 72/14 1159/2 278/13
f 1571/10 1411/9 1467/15
f 1571/10 1467/15 1742/16
f 397/11 476/12 500/17
f 500/17 476/12 557/18
f 278/13 397/11 486/19
f 486/19 397/11 500/17
f 500/17 557/18 544/20
f 278/13 486/19 280/21
f 278/13 280/21 72/14
f 486/19 500/17 509/22
f 486/19 509/22 280/21
f 500/17 544/20 466/23
f 500/17 466/23 509/22
f 466/23 544/20 390/24
f 280/21 509/22 427/25
f 72/14 280/21 291/26
f 291/26 280/21 427/25
f 509/22 466/23 453/27
f 72/14 291/26 213/28
f 466/23 390/24 335/29
f 466/23 335/29 453/27
f 335/29 390/24 53/30
f 53/30 390/24 129/31
f 53/30 129/31 1186/32
f 72/14 213/28 1133/33
f 72/14 1133/33 1411/9
f 1411/9 1133/33 1467/15
f 1133/33 213/28 138/34
f 1467/15 1133/33 1233/35
f 1233/35 1133/33 138/34
f 138/34 213/28 356/36
f 356/36 213/28 291/26
f 356/36 291/26 427/25
f 138/34 356/36 285/37
f 356/36 427/25 398/38
f 356/36 398/38 285/37
f 398/38 427/25 404/39
f 138/34 285/37 120/40
f 138/34 120/40 1233/35
f 285/37 398/38 355/41
f 355/41 398/38 404/39
f 404/39 427/25 485/42
f 485/42 427/25 509/22
f 485/42 509/22 453/27
f 404/39 485/42 339/43
f 339/43 485/42 453/27
f 355/41 404/39 324/44
f 324/44 404/39 339/43
f 238/45 285/37 355/41
f 238/45 355/41 324/44
f 324/44 339/43 125/46
f 285/37 238/45 231/47
f 285/37 231/47 120/40
f 238/45 324/44 110/48
f 110/48 324/44 125/46
f 231/47 238/45 183/49
f 183/49 238/45 110/48
f 110/48 125/46 1180/50
f 1180/50 125/46 1425/51
f 1180/50 1425/51 110/48
f 110/48 1425/51 6/52
f 110/48 6/52 183/49
f 6/52 1425/51 1421/53
f 183/49 6/52 1259/54
f 1259/54 6/52 1421/53
f 87/55 231/47 183/49
f 87/55 183/49 1259/54
f 1259/54 1421/53 1146/56
f 1259/54 1146/56 87/55
f 1146/56 1421/53 1456/57
f 1146/56 1456/57 1127/58
f 1127/58 1456/57 1256/59
f 1146/56 1127/58 116/60
f 111/61 231/47 87/55
f 87/55 1146/56 73/62
f 73/62 1146/56 116/60
f 87/55 73/62 111/61
f 73/62 116/60 135/63
f 73/62 135/63 111/61
f 135/63 116/60 62/64
f 135/63 62/64 60/65
f 135/63 60/65 111/61
f 231/47 111/61 120/40
f 111/61 60/65 1153/66
f 111/61 1153/66 120/40
f 120/40 1153/66 1171/67
f 1171/67 1153/66 1330/68
f 120/40 1171/67 1233/35
f 1171/67 1330/68 1342/69
f 1171/67 1342/69 1233/35
f 1342/69 1330/68 1561/70
f 1233/35 1342/69 1570/71
f 1570/71 1342/69 1561/70
f 1233/35 1570/71 1467/15
f 1467/15 1570/71 1742/16
f 1742/16 1570/71 1561/70
f 1742/16 1561/70 1621/72
f 1461/73 1485/74 1567/75
f 1324/76 1461/73 1539/77
f 1539/77 1461/73 1594/78
f 1594/78 1461/73 1567/75
f 1567/75 1485/74 1668/79
f 1668/79 1485/74 1571/80
f 1594/78 1567/75 1618/81
f 1594/78 1618/81 1536/82
f 1536/82 1618/81 1543/83
f 1618/81 1567/75 1606/84
f 1668/79 1571/80 1770/85
f 1606/84 1567/75 1738/86
f 1738/86 1567/75 1668/79
f 1618/81 1606/84 1710/87
f 1710/87 1606/84 1738/86
f 1618/81 1710/87 1543/83
f 1738/86 1668/79 1765/88
f 1738/86 1765/88 1710/87
f 1765/88 1668/79 1770/85
f 1742/89 1770/85 1571/80
f 1770/85 1742/89 1905/90
f 1905/90 1742/89 1785/91
f 1765/88 1770/85 1879/92
f 1770/85 1905/90 1993/93
f 1770/85 1993/93 1879/92
f 1993/93 1905/90 2026/94
f 1765/88 1879/92 1927/95
f 1927/95 1879/92 1993/93
f 1729/96 1710/87 1765/88
f 1729/96 1765/88 1927/95
f 1710/87 1729/96 1543/83
f 1927/95 1993/93 2015/97
f 2015/97 1993/93 2151/98
f 1729/96 1927/95 1854/99
f 1854/99 1927/95 2015/97
f 1543/83 1729/96 1582/100
f 1582/100 1729/96 1854/99
f 1543/83 1582/100 1490/101
f 2015/97 2151/98 2034/102
f 1854/99 2015/97 1965/103
f 1965/103 2015/97 2034/102
f 1490/101 1582/100 1407/104
f 1490/101 1407/104 1129/105
f 1582/100 1854/99 1656/106
f 1582/100 1656/106 1407/104
f 1854/99 1965/103 1838/107
f 1838/107 1965/103 2034/102
f 1854/99 1838/107 1656/106
f 1129/105 1407/104 77/108
f 1129/105 77/108 339/109
f 339/109 77/108 125/110
f 125/110 77/108 1407/104
f 125/110 1407/104 1425/111
f 1425/111 1407/104 1656/106
f 1656/106 1838/107 1674/112
f 1656/106 1674/112 1425/111
f 1674/112 1838/107 2034/102
f 1674/112 2034/102 1836/113
f 1425/111 1674/112 1421/114
f 1421/114 1674/112 1456/115
f 1674/112 1836/113 1554/116
f 1456/115 1674/112 1430/117
f 1430/117 1674/112 1554/116
f 1430/117 1554/116 1257/118
f 300/119 143/120 11/121
f 11/121 143/120 1244/122
f 143/120 300/119 346/123
f 11/121 1244/122 1333/124
f 1333/124 1244/122 1444/125
f 1333/124 1444/125 1440/126
f 11/121 1333/124 113/127
f 11/121 113/127 300/119
f 1333/124 1440/126 1337/128
f 1333/124 1337/128 113/127
f 1337/128 1440/126 1438/129
f 1438/129 1440/126 1417/130
f 1438/129 1417/130 1354/131
f 1438/129 1354/131 1437/132
f 1438/129 1437/132 1458/133
f 1337/128 1438/129 1360/134
f 1360/134 1438/129 1458/133
f 1337/128 1360/134 1140/135
f 1337/128 1140/135 113/127
f 1360/134 1458/133 1365/136
f 1140/135 1360/134 1202/137
f 1202/137 1360/134 1365/136
f 1365/136 1458/133 1401/138
f 1401/138 1458/133 1481/139
f 1401/138 1481/139 1449/140
f 1401/138 1449/140 1335/141
f 1401/138 1335/141 1305/142
f 1401/138 1305/142 1365/136
f 1305/142 1335/141 1355/143
f 1305/142 1355/143 1359/144
f 1305/142 1359/144 1298/145
f 1365/136 1305/142 1236/146
f 1236/146 1305/142 1298/145
f 1236/146 1298/145 1141/147
f 1365/136 1236/146 1202/137
f 1202/137 1236/146 1200/148
f 1202/137 1200/148 1164/149
f 1164/149 1200/148 1232/150
f 1232/150 1200/148 1216/151
f 1232/150 1216/151 1263/152
f 1232/150 1263/152 1164/149
f 1263/152 1216/151 1219/153
f 1263/152 1219/153 1196/154
f 1196/154 1219/153 3/155
f 1263/152 1196/154 1142/156
f 1142/156 1196/154 3/155
f 1263/152 1142/156 1164/149
f 1142/156 3/155 78/157
f 1142/156 78/157 1164/149
f 1164/149 78/157 48/158
f 1164/149 48/158 1202/137
f 48/158 78/157 108/159
f 1202/137 48/158 1140/135
f 48/158 108/159 182/160
f 1140/135 48/158 200/161
f 200/161 48/158 182/160
f 1140/135 200/161 113/127
f 142/162 208/163 182/160
f 182/160 208/163 177/164
f 177/164 208/163 146/165
f 200/161 182/160 279/166
f 279/166 182/160 177/164
f 113/127 200/161 323/167
f 323/167 200/161 279/166
f 113/127 323/167 475/168
f 113/127 475/168 300/119
f 323/167 279/166 382/169
f 177/164 146/165 103/170
f 103/170 146/165 150/171
f 103/170 150/171 157/172
f 177/164 103/170 186/173
f 186/173 103/170 157/172
f 292/174 279/166 177/164
f 292/174 177/164 186/173
f 279/166 292/174 382/169
f 186/173 157/172 253/175
f 253/175 157/172 272/176
f 292/174 186/173 304/177
f 304/177 186/173 253/175
f 304/177 253/175 272/176
f 292/174 304/177 382/169
f 331/178 392/179 382/169
f 382/169 392/179 451/180
f 451/180 392/179 437/181
f 451/180 437/181 410/182
f 382/169 451/180 441/183
f 382/169 441/183 323/167
f 451/180 410/182 492/184
f 492/184 410/182 465/185
f 492/184 465/185 563/186
f 451/180 492/184 528/187
f 528/187 492/184 563/186
f 451/180 528/187 441/183
f 528/187 563/186 590/188
f 441/183 475/168 323/167
f 441/183 528/187 579/189
f 579/189 528/187 590/188
f 441/183 579/189 475/168
f 579/189 590/188 599/190
f 579/189 599/190 475/168
f 599/190 590/188 560/191
f 475/168 599/190 547/192
f 475/168 547/192 444/193
f 475/168 444/193 300/119
f 444/193 547/192 557/194
f 300/119 444/193 503/195
f 503/195 444/193 557/194
f 300/119 503/195 346/123
f 503/195 557/194 476/196
f 503/195 476/196 346/123
f 1244/197 1324/198 1444/199
f 1444/199 1324/198 1539/200
f 1444/199 1539/200 1522/201
f 1522/201 1539/200 1499/202
f 1499/202 1539/200 1594/203
f 1522/201 1499/202 1477/204
f 1499/202 1594/203 1536/205
f 1499/202 1536/205 1378/206
f 1477/204 1499/202 1353/207
f 1353/207 1499/202 1378/206
f 1477/204 1353/207 1358/208
f 1358/208 1353/207 1186/32
f 1186/32 1353/207 53/30
f 53/30 1353/207 1378/206
f 1378/206 1536/205 1543/209
f 1378/206 1543/209 1382/210
f 1382/210 1543/209 1490/211
f 1382/210 1490/211 1129/212
f 1378/206 1382/210 1169/213
f 1378/206 1169/213 53/30
f 1169/213 1382/210 1129/212
f 53/30 1169/213 284/214
f 53/30 284/214 335/29
f 335/29 284/214 453/27
f 284/214 1169/213 277/215
f 284/214 277/215 453/27
f 277/215 1169/213 1129/212
f 453/27 277/215 339/43
f 339/43 277/215 1129/212
f 1742/216 1621/217 1785/218
f 1785/218 1621/217 1515/219
f 1515/219 1621/217 1403/220
f 1785/218 1515/219 1713/221
f 1785/218 1713/221 1878/222
f 1785/218 1878/222 1905/223
f 1905/223 1878/222 2026/224
f 1878/222 1713/221 1803/225
f 1713/221 1515/219 1556/226
f 1713/221 1556/226 1803/225
f 1556/226 1515/219 1228/227
f 1228/227 1515/219 1403/220
f 1803/225 1556/226 1635/228
f 1803/225 1635/228 1831/229
f 1635/228 1556/226 1336/230
f 1336/230 1556/226 1228/227
f 1635/228 1336/230 1367/231
f 1803/225 1831/229 1992/232
f 1367/231 1336/230 128/233
f 1803/225 1992/232 1980/234
f 1803/225 1980/234 1878/222
f 1878/222 1980/234 2080/235
f 1878/222 2080/235 2026/224
f 1980/234 1992/232 2117/236
f 1980/234 2117/236 2080/235
f 128/233 1336/230 20/237
f 20/237 1336/230 1228/227
f 2026/224 2080/235 2150/238
f 2026/224 2150/238 1993/239
f 1993/239 2150/238 2151/240
f 2150/238 2080/235 2176/241
f 2150/238 2176/241 2151/240
f 2176/241 2080/235 2154/242
f 2154/242 2080/235 2117/236
f 2151/240 2176/241 2133/243
f 2133/243 2176/241 2154/242
f 2151/240 2133/243 2034/244
f 2154/242 2117/236 2096/245
f 2154/242 2096/245 2133/243
f 2034/244 2133/243 1893/246
f 2034/244 1893/246 1836/247
f 1836/247 1893/246 1554/248
f 1554/248 1893/246 1588/249
f 1554/248 1588/249 1257/250
f 1257/250 1588/249 1430/251
f 1588/249 1893/246 1856/252
f 1856/252 1893/246 2133/243
f 1430/251 1588/249 1686/253
f 1686/253 1588/249 1856/252
f 1430/251 1686/253 1625/254
f 1625/254 1686/253 1919/255
f 1856/252 2133/243 1940/256
f 1940/256 2133/243 2096/245
f 1686/253 1856/252 1842/257
f 1842/257 1856/252 1940/256
f 1686/253 1842/257 1805/258
f 1842/257 1940/256 1961/259
f 1842/257 1961/259 1805/258
f 1686/253 1805/258 1916/260
f 1686/253 1916/260 1919/255
f 1916/260 1805/258 1961/259
f 2014/261 1940/256 2096/245
f 1940/256 2014/261 1961/259
f 2014/261 2096/245 2102/262
f 2102/262 2096/245 2117/236
f 1961/259 2014/261 2139/263
f 2102/262 2117/236 2068/264
f 2068/264 2117/236 1992/232
f 2068/264 1992/232 2129/265
f 2068/264 2129/265 2182/266
f 2102/262 2068/264 2191/267
f 2102/262 2191/267 2014/261
f 2191/267 2068/264 2182/266
f 2014/261 2191/267 2139/263
f 2191/267 2182/266 2261/268
f 2113/269 1961/259 2139/263
f 2113/269 2139/263 2191/267
f 1961/259 2113/269 1916/260
f 2191/267 2261/268 2262/270
f 2262/270 2261/268 2239/271
f 2113/269 2191/267 2260/272
f 2260/272 2191/267 2262/270
f 2262/270 2239/271 2295/273
f 2262/270 2295/273 2260/272
f 1916/260 2113/269 2238/274
f 2238/274 2113/269 2260/272
f 1916/260 2238/274 2228/275
f 1916/260 2228/275 1919/255
f 1919/255 2228/275 2156/276
f 2156/276 2228/275 2301/277
f 2228/275 2238/274 2307/278
f 2307/278 2238/274 2260/272
f 2228/275 2307/278 2301/277
f 2307/278 2260/272 2318/279
f 2318/279 2260/272 2295/273
f 2301/277 2307/278 2320/280
f 2320/280 2307/278 2318/279
f 2318/279 2295/273 2313/281
f 2318/279 2313/281 2320/280
f 2313/281 2295/273 2287/282
f 2313/281 2287/282 2234/283
f 2320/280 2313/281 2285/284
f 2285/284 2313/281 2234/283
f 2285/284 2234/283 2275/285
f 2285/284 2275/285 2320/280
f 2275/285 2234/283 2255/286
f 2275/285 2255/286 2293/287
f 2275/285 2293/287 2298/288
f 2320/280 2275/285 2331/289
f 2331/289 2275/285 2298/288
f 2320/280 2331/289 2301/277
f 2331/289 2298/288 2330/290
f 2301/277 2331/289 2327/291
f 2327/291 2331/289 2330/290
f 1431/292 1621/217 1561/293
f 1431/292 1561/293 1330/294
f 1431/292 1330/294 1153/295
f 1621/217 1431/292 1403/220
f 1431/292 1153/295 1179/296
f 1431/292 1179/296 1403/220
f 1179/296 1153/295 60/297
f 1179/296 60/297 62/298
f 1179/296 62/298 172/299
f 172/299 62/298 116/300
f 1403/220 1179/296 12/301
f 12/301 1179/296 172/299
f 1403/220 12/301 1134/302
f 1403/220 1134/302 1228/227
f 1134/302 12/301 49/303
f 1134/302 49/303 1228/227
f 12/301 172/299 192/304
f 12/301 192/304 49/303
f 1228/227 49/303 1120/305
f 1228/227 1120/305 20/237
f 1120/305 49/303 165/306
f 1120/305 165/306 20/237
f 49/303 192/304 140/307
f 49/303 140/307 165/306
f 194/308 192/304 172/299
f 192/304 194/308 140/307
f 20/237 165/306 248/309
f 20/237 248/309 128/233
f 165/306 140/307 268/310
f 268/310 140/307 194/308
f 165/306 268/310 294/311
f 165/306 294/311 248/309
f 268/310 194/308 305/312
f 268/310 305/312 294/311
f 197/313 194/308 172/299
f 197/313 172/299 116/300
f 194/308 197/313 173/314
f 194/308 173/314 305/312
f 197/313 116/300 70/315
f 197/313 70/315 173/314
f 70/315 116/300 1127/316
f 70/315 1127/316 1256/317
f 70/315 1256/317 239/318
f 70/315 239/318 173/314
f 173/314 239/318 337/319
f 173/314 337/319 305/312
f 337/319 239/318 447/320
f 401/321 294/311 305/312
f 294/311 401/321 248/309
f 401/321 305/312 403/322
f 248/309 401/321 462/323
f 462/323 401/321 403/322
f 248/309 462/323 431/324
f 248/309 431/324 128/233
f 128/233 431/324 347/325
f 347/325 431/324 417/326
f 417/326 431/324 462/323
f 417/326 462/323 434/327
f 434/327 462/323 403/322
f 417/326 434/327 488/328
f 488/328 434/327 403/322
f 488/328 403/322 501/329
f 488/328 501/329 467/330
f 369/331 403/322 305/312
f 403/322 369/331 501/329
f 369/331 305/312 337/319
f 501/329 369/331 550/332
f 550/332 369/331 337/319
f 501/329 550/332 586/333
f 586/333 550/332 730/334
f 550/332 337/319 616/335
f 730/334 550/332 708/336
f 708/336 550/332 616/335
f 730/334 708/336 855/337
f 616/335 337/319 637/338
f 637/338 337/319 447/320
f 708/336 616/335 764/339
f 764/339 616/335 637/338
f 708/336 764/339 855/337
f 637/338 447/320 625/340
f 730/334 855/337 759/341
f 764/339 637/338 865/342
f 764/339 865/342 855/337
f 637/338 625/340 757/343
f 637/338 757/343 865/342
f 757/343 625/340 676/344
f 757/343 676/344 803/345
f 865/342 757/343 877/346
f 877/346 757/343 803/345
f 877/346 803/345 961/347
f 877/346 961/347 865/342
f 961/347 803/345 913/348
f 961/347 913/348 1050/349
f 865/342 961/347 965/350
f 865/342 965/350 855/337
f 961/347 1050/349 1032/351
f 961/347 1032/351 965/350
f 1032/351 1050/349 1080/352
f 1080/352 1050/349 1091/353
f 1080/352 1091/353 1087/354
f 1087/354 1091/353 1092/355
f 1080/352 1087/354 1075/356
f 1080/352 1075/356 1055/357
f 1080/352 1055/357 1032/351
f 1055/357 1075/356 1038/358
f 1032/351 1055/357 1011/359
f 1011/359 1055/357 1038/358
f 1032/351 1011/359 965/350
f 1011/359 1038/358 994/360
f 994/360 1038/358 996/361
f 1011/359 994/360 959/362
f 965/350 1011/359 941/363
f 941/363 1011/359 959/362
f 965/350 941/363 855/337
f 941/363 959/362 759/341
f 941/363 759/341 855/337
f 182/364 108/365 142/366
f 142/366 108/365 78/367
f 142/366 78/367 5/368
f 5/368 78/367 23/369
f 23/369 78/367 3/370
f 23/369 3/370 1219/371
f 23/369 1219/371 1185/372
f 1185/372 1219/371 1216/373
f 1185/372 1216/373 23/369
f 23/369 1216/373 5/368
f 5/368 1216/373 1200/374
f 5/368 1200/374 1141/375
f 5/368 1141/375 142/366
f 1141/375 1200/374 1236/376
f 142/366 1141/375 269/377
f 269/377 1141/375 104/378
f 104/378 1141/375 1235/379
f 142/366 269/377 256/380
f 142/366 256/380 208/381
f 269/377 104/378 181/382
f 181/382 104/378 1235/379
f 1235/379 1141/375 1354/383
f 1354/383 1141/375 1298/384
f 1354/383 1298/384 1437/385
f 1235/379 1354/383 1417/386
f 1437/385 1298/384 1359/387
f 1235/379 1417/386 1381/388
f 1381/388 1417/386 1440/389
f 1235/379 1381/388 1166/390
f 1235/379 1166/390 181/382
f 181/382 1166/390 121/391
f 181/382 121/391 290/392
f 1437/385 1359/387 1481/393
f 1437/385 1481/393 1458/394
f 1481/393 1359/387 1355/395
f 1481/393 1355/395 1446/396
f 1481/393 1446/396 1449/397
f 1446/396 1355/395 1335/398
f 1446/396 1335/398 1449/397
f 181/382 290/392 399/399
f 399/399 290/392 442/400
f 181/382 399/399 455/401
f 181/382 455/401 269/377
f 399/399 442/400 511/402
f 269/377 455/401 445/403
f 269/377 445/403 256/380
f 455/401 399/399 560/404
f 560/404 399/399 511/402
f 445/403 455/401 590/405
f 590/405 455/401 560/404
f 256/380 445/403 392/406
f 560/404 511/402 584/407
f 560/404 584/407 599/408
f 599/408 584/407 547/409
f 547/409 584/407 615/410
f 547/409 615/410 557/411
f 615/410 584/407 611/412
f 584/407 511/402 531/413
f 584/407 531/413 611/412
f 531/413 511/402 442/400
f 611/412 531/413 600/414
f 531/413 442/400 559/415
f 531/413 559/415 600/414
f 331/416 256/380 392/406
f 256/380 331/416 208/381
f 208/381 331/416 229/417
f 208/381 229/417 146/418
f 146/418 229/417 150/419
f 150/419 229/417 234/420
f 150/419 234/420 157/421
f 157/421 234/420 272/422
f 272/422 234/420 229/417
f 229/417 331/416 326/423
f 229/417 326/423 272/422
f 326/423 331/416 382/424
f 272/422 326/423 304/425
f 304/425 326/423 382/424
f 437/426 392/406 518/427
f 518/427 392/406 445/403
f 437/426 518/427 410/428
f 518/427 445/403 590/405
f 410/428 518/427 481/429
f 481/429 518/427 590/405
f 410/428 481/429 372/430
f 410/428 372/430 465/431
f 481/429 590/405 517/432
f 372/430 481/429 420/433
f 372/430 420/433 465/431
f 420/433 481/429 517/432
f 465/431 420/433 524/434
f 524/434 420/433 517/432
f 524/434 517/432 590/405
f 465/431 524/434 563/435
f 563/435 524/434 590/405
f 1440/436 1444/437 1522/438
f 1440/436 1522/438 1511/439
f 1511/439 1522/438 1477/440
f 1440/436 1511/439 1381/441
f 1511/439 1477/440 1434/442
f 1511/439 1434/442 1381/441
f 1434/442 1477/440 1358/443
f 1381/441 1434/442 1286/444
f 1381/441 1286/444 1166/445
f 1166/445 1286/444 121/446
f 1434/442 1358/443 1137/447
f 1434/442 1137/447 1286/444
f 1137/447 1358/443 1186/448
f 1286/444 1137/447 237/449
f 237/449 1137/447 1186/448
f 1286/444 237/449 121/446
f 237/449 1186/448 129/450
f 237/449 129/450 390/451
f 121/446 237/449 396/452
f 396/452 237/449 390/451
f 121/446 396/452 290/453
f 290/453 396/452 516/454
f 290/453 516/454 442/455
f 516/454 396/452 585/456
f 585/456 396/452 390/451
f 585/456 390/451 588/457
f 585/456 588/457 679/458
f 679/458 588/457 665/459
f 665/459 588/457 615/460
f 665/459 615/460 611/461
f 588/457 390/451 502/462
f 588/457 502/462 615/460
f 502/462 390/451 544/463
f 615/460 502/462 557/464
f 502/462 544/463 572/465
f 502/462 572/465 557/464
f 557/464 572/465 544/463
f 1367/466 1604/467 1635/468
f 1635/468 1604/467 1831/469
f 1604/467 1367/466 1406/470
f 1406/470 1367/466 38/471
f 38/471 1367/466 128/472
f 38/471 128/472 347/473
f 38/471 347/473 252/474
f 252/474 347/473 417/475
f 1406/470 38/471 1213/476
f 1213/476 38/471 252/474
f 1604/467 1406/470 1581/477
f 1581/477 1406/470 1213/476
f 1819/478 1831/469 1604/467
f 1819/478 1604/467 1581/477
f 488/479 467/480 417/475
f 393/481 252/474 417/475
f 393/481 417/475 467/480
f 393/481 467/480 586/482
f 586/482 467/480 501/483
f 393/481 586/482 603/484
f 603/484 586/482 730/485
f 603/484 730/485 759/486
f 393/481 603/484 345/487
f 393/481 345/487 252/474
f 603/484 759/486 568/488
f 603/484 568/488 345/487
f 568/488 759/486 747/489
f 747/489 759/486 959/490
f 252/474 345/487 91/491
f 252/474 91/491 1213/476
f 345/487 568/488 209/492
f 345/487 209/492 91/491
f 568/488 747/489 449/493
f 568/488 449/493 209/492
f 747/489 959/490 884/494
f 884/494 959/490 994/495
f 884/494 994/495 848/496
f 747/489 884/494 682/497
f 682/497 884/494 848/496
f 747/489 682/497 449/493
f 682/497 848/496 674/498
f 682/497 674/498 641/499
f 682/497 641/499 567/500
f 682/497 567/500 449/493
f 567/500 641/499 622/501
f 449/493 567/500 409/502
f 567/500 622/501 471/503
f 449/493 409/502 162/504
f 409/502 567/500 329/505
f 409/502 329/505 162/504
f 329/505 567/500 407/506
f 407/506 567/500 471/503
f 449/493 162/504 32/507
f 449/493 32/507 209/492
f 162/504 329/505 44/508
f 329/505 407/506 243/509
f 329/505 243/509 44/508
f 243/509 407/506 265/510
f 265/510 407/506 471/503
f 44/508 243/509 1308/511
f 1308/511 243/509 265/510
f 162/504 44/508 1279/512
f 162/504 1279/512 32/507
f 1279/512 44/508 1385/513
f 1385/513 44/508 1308/511
f 32/507 1279/512 1307/514
f 32/507 1307/514 209/492
f 209/492 1307/514 91/491
f 1279/512 1385/513 1575/515
f 1279/512 1575/515 1307/514
f 1385/513 1308/511 1505/516
f 91/491 1307/514 1328/517
f 91/491 1328/517 1213/476
f 1213/476 1328/517 1581/477
f 1328/517 1307/514 1657/518
f 1328/517 1657/518 1581/477
f 1657/518 1307/514 1669/519
f 1669/519 1307/514 1575/515
f 1581/477 1657/518 1788/520
f 1581/477 1788/520 1819/478
f 1657/518 1669/519 1827/521
f 1657/518 1827/521 1788/520
f 1669/519 1575/515 1818/522
f 1669/519 1818/522 1827/521
f 1647/523 1575/515 1385/513
f 1575/515 1647/523 1818/522
f 1647/523 1385/513 1505/516
f 1930/524 1819/478 1788/520
f 1930/524 1788/520 1827/521
f 1818/522 1647/523 1800/525
f 1647/523 1505/516 1750/526
f 1647/523 1750/526 1800/525
f 1750/526 1505/516 1577/527
f 1577/527 1505/516 1308/511
f 1800/525 1750/526 1941/528
f 1818/522 1800/525 1911/529
f 1911/529 1800/525 1941/528
f 1818/522 1911/529 1951/530
f 1818/522 1951/530 1827/521
f 1577/527 1308/511 1300/531
f 1300/531 1308/511 265/510
f 1864/532 1750/526 1577/527
f 1750/526 1864/532 1941/528
f 1577/527 1300/531 1664/533
f 1577/527 1664/533 1864/532
f 1300/531 265/510 218/534
f 218/534 265/510 471/503
f 1664/533 1300/531 1339/535
f 1339/535 1300/531 218/534
f 1864/532 1664/533 1910/536
f 2172/537 1941/528 1864/532
f 2172/537 1864/532 1910/536
f 1910/536 1664/533 1731/538
f 1664/533 1339/535 1495/539
f 1664/533 1495/539 1731/538
f 1495/539 1339/535 1181/540
f 1181/540 1339/535 218/534
f 1731/538 1495/539 1694/541
f 1495/539 1181/540 1527/542
f 1495/539 1527/542 1694/541
f 1181/540 218/534 1130/543
f 1181/540 1130/543 1527/542
f 1731/538 1694/541 1921/544
f 1731/538 1921/544 1910/536
f 1694/541 1527/542 1852/545
f 1694/541 1852/545 1921/544
f 1910/536 1921/544 2081/546
f 1910/536 2081/546 2172/537
f 2081/546 1921/544 2100/547
f 2100/547 1921/544 1852/545
f 2172/537 2081/546 2225/548
f 2225/548 2081/546 2100/547
f 2172/537 2225/548 2294/549
f 2294/549 2225/548 2241/550
f 2241/550 2225/548 2187/551
f 2187/551 2225/548 2100/547
f 2187/551 2100/547 2086/552
f 2086/552 2100/547 1960/553
f 1960/553 2100/547 1852/545
f 2172/537 2294/549 2296/554
f 2296/554 2294/549 2342/555
f 2172/537 2296/554 2198/556
f 2172/537 2198/556 1941/528
f 2296/554 2342/555 2321/557
f 2296/554 2321/557 2198/556
f 1941/528 2198/556 2131/558
f 2131/558 2198/556 2321/557
f 1941/528 2131/558 1911/529
f 2321/557 2342/555 2349/559
f 2349/559 2342/555 2352/560
f 2349/559 2352/560 2353/561
f 2321/557 2349/559 2323/562
f 2321/557 2323/562 2131/558
f 2349/559 2353/561 2346/563
f 2349/559 2346/563 2323/562
f 2177/564 1911/529 2131/558
f 2177/564 2131/558 2323/562
f 1911/529 2177/564 1951/530
f 2323/562 2346/563 2319/565
f 2323/562 2319/565 2177/564
f 2346/563 2353/561 2348/566
f 2346/563 2348/566 2319/565
f 2348/566 2353/561 2351/567
f 2348/566 2351/567 2338/568
f 2348/566 2338/568 2319/565
f 2338/568 2351/567 2345/569
f 2338/568 2345/569 2309/570
f 2201/571 2177/564 2319/565
f 2177/564 2201/571 1951/530
f 2319/565 2338/568 2264/572
f 2319/565 2264/572 2201/571
f 2338/568 2309/570 2235/573
f 2338/568 2235/573 2264/572
f 2235/573 2309/570 2224/574
f 2235/573 2224/574 2234/575
f 2235/573 2234/575 2287/576
f 2264/572 2235/573 2250/577
f 2250/577 2235/573 2287/576
f 2264/572 2250/577 2201/571
f 2250/577 2287/576 2295/578
f 2250/577 2295/578 2239/579
f 2201/571 2250/577 2169/580
f 2169/580 2250/577 2239/579
f 2008/581 1951/530 2201/571
f 2008/581 2201/571 2169/580
f 1951/530 2008/581 1827/521
f 1827/521 2008/581 1930/524
f 2008/581 2169/580 2078/582
f 2008/581 2078/582 1930/524
f 2169/580 2239/579 2203/583
f 2169/580 2203/583 2078/582
f 2203/583 2239/579 2261/584
f 1930/524 2078/582 2024/585
f 2024/585 2078/582 2203/583
f 1930/524 2024/585 1819/478
f 2203/583 2261/584 2129/586
f 2203/583 2129/586 2024/585
f 2129/586 2261/584 2182/587
f 1819/478 2024/585 1935/588
f 1935/588 2024/585 2129/586
f 1819/478 1935/588 1831/469
f 1935/588 2129/586 1992/589
f 1935/588 1992/589 1831/469
f 665/590 611/591 658/592
f 658/592 611/591 600/593
f 665/590 658/592 688/594
f 665/590 688/594 679/595
f 658/592 600/593 644/596
f 658/592 644/596 688/594
f 644/596 600/593 559/597
f 679/595 688/594 639/598
f 639/598 688/594 644/596
f 639/598 644/596 559/597
f 679/595 639/598 585/599
f 585/599 639/598 516/600
f 516/600 639/598 559/597
f 516/600 559/597 442/601
f 849/602 662/603 728/604
f 728/604 662/603 510/605
f 662/603 849/602 698/606
f 698/606 849/602 686/607
f 686/607 849/602 893/608
f 893/608 849/602 934/609
f 934/609 849/602 728/604
f 934/609 728/604 770/610
f 934/609 770/610 891/611
f 891/611 770/610 828/612
f 770/610 728/604 791/613
f 698/606 686/607 521/614
f 521/614 686/607 261/615
f 521/614 261/615 42/616
f 42/616 261/615 1209/617
f 521/614 42/616 1375/618
f 698/606 521/614 425/619
f 425/619 521/614 1375/618
f 698/606 425/619 662/603
f 425/619 1375/618 1326/620
f 662/603 425/619 510/605
f 510/605 425/619 1326/620
f 510/605 1326/620 1488/621
f 510/605 1488/621 204/622
f 204/622 1488/621 1651/623
f 204/622 1651/623 15/624
f 510/605 204/622 545/625
f 510/605 545/625 728/604
f 728/604 545/625 791/613
f 545/625 204/622 680/626
f 545/625 680/626 791/613
f 204/622 15/624 259/627
f 259/627 15/624 1363/628
f 259/627 1363/628 1206/629
f 204/622 259/627 605/630
f 204/622 605/630 680/626
f 259/627 1206/629 648/631
f 259/627 648/631 605/630
f 1316/632 540/633 1206/629
f 1206/629 540/633 648/631
f 605/630 648/631 780/634
f 605/630 780/634 680/626
f 648/631 540/633 773/635
f 773/635 540/633 690/636
f 773/635 690/636 930/637
f 648/631 773/635 793/638
f 648/631 793/638 780/634
f 773/635 930/637 938/639
f 773/635 938/639 793/638
f 780/634 793/638 875/640
f 875/640 793/638 938/639
f 845/641 680/626 780/634
f 845/641 780/634 875/640
f 680/626 845/641 791/613
f 791/613 845/641 939/642
f 845/641 875/640 912/643
f 845/641 912/643 895/644
f 912/643 875/640 983/645
f 912/643 983/645 1039/646
f 1012/647 875/640 938/639
f 875/640 1012/647 983/645
f 1012/647 938/639 1082/648
f 1082/648 938/639 930/637
f 1082/648 930/637 943/649
f 1082/648 943/649 1100/650
f 1082/648 1100/650 1097/651
f 1082/648 1097/651 1012/647
f 1097/651 1100/650 1101/652
f 1056/653 983/645 1012/647
f 1056/653 1012/647 1097/651
f 983/645 1056/653 1039/646
f 1097/651 1101/652 1088/654
f 1097/651 1088/654 1056/653
f 1056/653 1088/654 1039/646
f 1088/654 1101/652 1084/655
f 1088/654 1084/655 1039/646
f 1544/656 1447/657 1538/658
f 1544/656 1538/658 1653/659
f 1447/657 1544/656 1470/660
f 1470/660 1544/656 1262/661
f 1122/662 1176/663 1447/657
f 1122/662 1447/657 1155/664
f 1155/664 1447/657 1470/660
f 1122/662 1155/664 167/665
f 1470/660 1262/661 1320/666
f 167/665 1155/664 168/667
f 167/665 168/667 282/668
f 282/668 168/667 250/669
f 1155/664 1470/660 1226/670
f 1226/670 1470/660 1320/666
f 168/667 1155/664 1145/671
f 1145/671 1155/664 1226/670
f 250/669 168/667 90/672
f 90/672 168/667 1145/671
f 250/669 90/672 30/673
f 90/672 1145/671 1293/674
f 30/673 90/672 1334/675
f 30/673 1334/675 241/676
f 1334/675 90/672 1293/674
f 1145/671 1226/670 1284/677
f 1145/671 1284/677 1293/674
f 1284/677 1226/670 1174/678
f 1174/678 1226/670 1320/666
f 1293/674 1284/677 1290/679
f 1284/677 1174/678 1163/680
f 1284/677 1163/680 1290/679
f 1174/678 1320/666 1121/681
f 1174/678 1121/681 1163/680
f 1121/681 1320/666 1262/661
f 1121/681 1262/661 1124/682
f 1121/681 1124/682 1163/680
f 1163/680 1124/682 109/683
f 1163/680 109/683 19/684
f 1163/680 19/684 1290/679
f 19/684 109/683 97/685
f 1290/679 19/684 1264/686
f 19/684 97/685 14/687
f 19/684 14/687 1264/686
f 14/687 97/685 1260/688
f 1260/688 97/685 1160/689
f 1264/686 14/687 1386/690
f 1386/690 14/687 1260/688
f 1290/679 1264/686 1518/691
f 1518/691 1264/686 1386/690
f 1290/679 1518/691 1293/674
f 1260/688 1160/689 1489/692
f 1386/690 1260/688 1644/693
f 1644/693 1260/688 1489/692
f 1489/692 1160/689 1316/694
f 1386/690 1644/693 1622/695
f 1386/690 1622/695 1518/691
f 1293/674 1518/691 1463/696
f 1293/674 1463/696 1334/675
f 1518/691 1622/695 1661/697
f 1334/675 1463/696 1529/698
f 1334/675 1529/698 1503/699
f 1463/696 1518/691 1592/700
f 1463/696 1592/700 1529/698
f 1592/700 1518/691 1661/697
f 1503/699 1529/698 1698/701
f 1698/701 1529/698 1592/700
f 1592/700 1661/697 1817/702
f 1592/700 1817/702 1698/701
f 1817/702 1661/697 1622/695
f 1698/701 1817/702 1918/703
f 1698/701 1918/703 1982/704
f 1817/702 1622/695 1850/705
f 1850/705 1622/695 1644/693
f 1918/703 1817/702 2050/706
f 2050/706 1817/702 1850/705
f 1982/704 1918/703 2180/707
f 2180/707 1918/703 2050/706
f 1982/704 2180/707 2283/708
f 2050/706 1850/705 2042/709
f 2042/709 1850/705 1644/693
f 2180/707 2050/706 2174/710
f 2283/708 2180/707 2266/711
f 2266/711 2180/707 2174/710
f 2283/708 2266/711 2292/712
f 2174/710 2050/706 2148/713
f 2148/713 2050/706 2042/709
f 2266/711 2174/710 2163/714
f 2163/714 2174/710 2148/713
f 2292/712 2266/711 2258/715
f 2258/715 2266/711 2163/714
f 2292/712 2258/715 2254/716
f 2163/714 2148/713 2144/717
f 2144/717 2148/713 2042/709
f 2258/715 2163/714 2089/718
f 2258/715 2089/718 2254/716
f 2163/714 2144/717 2046/719
f 2046/719 2144/717 2042/709
f 2163/714 2046/719 2089/718
f 2254/716 2089/718 2013/720
f 2013/720 2089/718 1909/721
f 2013/720 1909/721 1804/722
f 1909/721 2089/718 1887/723
f 1887/723 2089/718 2046/719
f 1804/722 1909/721 1767/724
f 1804/722 1767/724 1653/725
f 1804/722 1653/725 1684/726
f 1767/724 1909/721 1772/727
f 1772/727 1909/721 1887/723
f 1653/725 1767/724 1646/728
f 1646/728 1767/724 1772/727
f 1653/725 1646/728 1544/729
f 1544/729 1646/728 1502/730
f 1544/729 1502/730 1262/731
f 1646/728 1772/727 1591/732
f 1646/728 1591/732 1502/730
f 1262/731 1502/730 1271/733
f 1271/733 1502/730 1591/732
f 1262/731 1271/733 1124/734
f 1591/732 1772/727 1642/735
f 1642/735 1772/727 1887/723
f 1271/733 1591/732 1408/736
f 1408/736 1591/732 1642/735
f 1124/734 1271/733 47/737
f 47/737 1271/733 1408/736
f 1124/734 47/737 109/738
f 1642/735 1887/723 1786/739
f 1642/735 1786/739 1408/736
f 1786/739 1887/723 2046/719
f 109/738 47/737 1209/740
f 1209/740 47/737 1408/736
f 109/738 1209/740 261/741
f 1209/740 1408/736 1709/742
f 1709/742 1408/736 1786/739
f 1209/740 1709/742 42/743
f 42/743 1709/742 1375/744
f 1375/744 1709/742 1865/745
f 1709/742 1786/739 1983/746
f 1983/746 1786/739 2046/719
f 1709/742 1983/746 1865/745
f 1375/744 1865/745 1326/747
f 1983/746 2046/719 2037/748
f 2037/748 2046/719 2042/709
f 1865/745 1983/746 2041/749
f 2041/749 1983/746 2037/748
f 1326/747 1865/745 1845/750
f 1326/747 1845/750 1488/751
f 1865/745 2041/749 2032/752
f 1865/745 2032/752 1845/750
f 1488/751 1845/750 1884/753
f 1884/753 1845/750 2032/752
f 1488/751 1884/753 1651/754
f 2032/752 2041/749 2092/755
f 2092/755 2041/749 2037/748
f 1884/753 2032/752 2023/756
f 2023/756 2032/752 2092/755
f 1651/754 1884/753 1862/757
f 1862/757 1884/753 2023/756
f 1651/754 1862/757 1363/758
f 1651/754 1363/758 15/759
f 1862/757 2023/756 1899/760
f 1862/757 1899/760 1363/758
f 2023/756 2092/755 2018/761
f 2023/756 2018/761 1899/760
f 2018/761 2092/755 2033/762
f 2033/762 2092/755 2037/748
f 1899/760 2018/761 1892/763
f 1892/763 2018/761 2033/762
f 1363/758 1899/760 1728/764
f 1728/764 1899/760 1892/763
f 1363/758 1728/764 1206/765
f 1206/765 1728/764 1316/694
f 2033/762 2037/748 1863/766
f 2033/762 1863/766 1892/763
f 1863/766 2037/748 2042/709
f 1863/766 2042/709 1644/693
f 1863/766 1644/693 1489/692
f 1316/694 1728/764 1692/767
f 1316/694 1692/767 1489/692
f 1692/767 1728/764 1892/763
f 1489/692 1692/767 1863/766
f 1863/766 1692/767 1892/763
f 1538/768 1684/769 1653/770
f 1176/771 1538/768 1447/772
f 1684/769 1538/768 1702/773
f 1538/768 1176/771 1277/774
f 1702/773 1538/768 1498/775
f 1498/775 1538/768 1277/774
f 1277/774 1176/771 171/776
f 171/776 1176/771 1122/777
f 1498/775 1277/774 1183/778
f 171/776 1122/777 302/779
f 302/779 1122/777 167/780
f 302/779 167/780 282/781
f 1498/775 1183/778 1352/782
f 1498/775 1352/782 1702/773
f 1183/778 1277/774 286/783
f 286/783 1277/774 171/776
f 302/779 282/781 497/784
f 497/784 282/781 250/785
f 438/786 171/776 302/779
f 171/776 438/786 286/783
f 438/786 302/779 497/784
f 497/784 250/785 495/787
f 497/784 495/787 653/788
f 438/786 497/784 574/789
f 574/789 497/784 653/788
f 438/786 574/789 286/783
f 574/789 653/788 667/790
f 574/789 667/790 432/791
f 574/789 432/791 286/783
f 286/783 432/791 1183/778
f 1183/778 432/791 1352/782
f 1352/782 432/791 1165/792
f 1352/782 1165/792 1415/793
f 1352/782 1415/793 1641/794
f 1352/782 1641/794 1702/773
f 1701/795 1837/796 1641/794
f 1702/773 1641/794 1875/797
f 1875/797 1641/794 1837/796
f 1702/773 1875/797 1866/798
f 1702/773 1866/798 1684/769
f 1875/797 1837/796 1958/799
f 1958/799 1837/796 1996/800
f 1958/799 1996/800 2130/801
f 1875/797 1958/799 2016/802
f 1875/797 2016/802 1866/798
f 1958/799 2130/801 2171/803
f 1958/799 2171/803 2016/802
f 1866/798 2016/802 2118/804
f 2118/804 2016/802 2171/803
f 1843/805 1684/769 1866/798
f 1843/805 1866/798 2118/804
f 1684/769 1843/805 1804/806
f 1804/806 1843/805 2013/807
f 1843/805 2118/804 2071/808
f 1843/805 2071/808 2013/807
f 2071/808 2118/804 2256/809
f 2071/808 2256/809 2013/807
f 2256/809 2118/804 2171/803
f 2013/807 2256/809 2254/810
f 2254/810 2256/809 2292/811
f 2292/811 2256/809 2269/812
f 2292/811 2269/812 2283/813
f 2256/809 2171/803 2237/814
f 2256/809 2237/814 2269/812
f 2237/814 2171/803 2209/815
f 2209/815 2171/803 2130/801
f 2209/815 2130/801 2165/816
f 2237/814 2209/815 2208/817
f 2237/814 2208/817 2269/812
f 2208/817 2209/815 2190/818
f 2208/817 2190/818 2104/819
f 2208/817 2104/819 2116/820
f 2269/812 2208/817 2212/821
f 2269/812 2212/821 2283/813
f 2212/821 2208/817 2116/820
f 2283/813 2212/821 1982/822
f 2212/821 2116/820 1969/823
f 2212/821 1969/823 1982/822
f 1969/823 2116/820 1908/824
f 1982/822 1969/823 1764/825
f 1764/825 1969/823 1908/824
f 1764/825 1908/824 1672/826
f 1982/822 1764/825 1698/827
f 1764/825 1672/826 1615/828
f 1764/825 1615/828 1698/827
f 1698/827 1615/828 1503/829
f 1641/830 1415/831 1701/832
f 1701/832 1415/831 1410/833
f 1410/833 1415/831 1172/834
f 1172/834 1415/831 1165/835
f 1410/833 1172/834 1299/836
f 1299/836 1172/834 271/837
f 271/837 1172/834 452/838
f 452/838 1172/834 1165/835
f 271/837 452/838 650/839
f 650/839 452/838 750/840
f 750/840 452/838 724/841
f 1410/833 1299/836 1600/842
f 1600/842 1299/836 1497/843
f 452/838 1165/835 551/844
f 452/838 551/844 724/841
f 551/844 1165/835 432/845
f 724/841 551/844 687/846
f 551/844 432/845 667/847
f 551/844 667/847 687/846
f 1600/842 1497/843 1723/848
f 1718/849 1410/833 1600/842
f 1410/833 1718/849 1701/832
f 1600/842 1723/848 1769/850
f 1701/832 1718/849 1877/851
f 1701/832 1877/851 1837/852
f 1718/849 1600/842 1808/853
f 1808/853 1600/842 1769/850
f 1718/849 1808/853 1877/851
f 1837/852 1877/851 1996/854
f 1877/851 1808/853 2006/855
f 1877/851 2006/855 1996/854
f 1808/853 1769/850 1917/856
f 1808/853 1917/856 2006/855
f 1996/854 2006/855 2135/857
f 1996/854 2135/857 2130/858
f 2135/857 2006/855 2060/859
f 2060/859 2006/855 1917/856
f 2135/857 2060/859 2112/860
f 2135/857 2112/860 2165/861
f 2165/861 2112/860 2003/862
f 2003/862 2112/860 2028/863
f 2112/860 2060/859 2077/864
f 2112/860 2077/864 2028/863
f 2077/864 2060/859 1917/856
f 2028/863 2077/864 2049/865
f 2049/865 2077/864 2107/866
f 2077/864 1917/856 2031/867
f 2077/864 2031/867 2107/866
f 2107/866 2031/867 2094/868
f 2107/866 2094/868 2120/869
f 2094/868 2031/867 1907/870
f 2031/867 1917/856 1888/871
f 2031/867 1888/871 1907/870
f 1888/871 1917/856 1769/850
f 1888/871 1769/850 1723/848
f 1888/871 1723/848 1907/870
f 1907/870 1723/848 1629/872
f 271/873 8/874 1299/875
f 1299/875 8/874 1318/876
f 1299/875 1318/876 1497/877
f 8/874 271/873 389/878
f 1497/877 1318/876 1629/879
f 1497/877 1629/879 1723/880
f 1318/876 8/874 1240/881
f 1318/876 1240/881 1629/879
f 389/878 271/873 677/882
f 677/882 271/873 650/883
f 8/874 389/878 122/884
f 8/874 122/884 1240/881
f 122/884 389/878 370/885
f 370/885 389/878 677/882
f 677/882 650/883 750/886
f 122/884 370/885 137/887
f 1240/881 122/884 1267/888
f 1267/888 122/884 137/887
f 1240/881 1267/888 1534/889
f 677/882 750/886 754/890
f 370/885 677/882 663/891
f 663/891 677/882 754/890
f 370/885 663/891 553/892
f 370/885 553/892 137/887
f 663/891 754/890 776/893
f 754/890 750/886 808/894
f 754/890 808/894 776/893
f 776/893 808/894 842/895
f 842/895 808/894 854/896
f 663/891 776/893 717/897
f 663/891 717/897 553/892
f 717/897 776/893 800/898
f 808/894 750/886 814/899
f 808/894 814/899 854/896
f 814/899 750/886 779/900
f 854/896 814/899 876/901
f 876/901 814/899 826/902
f 717/897 800/898 626/903
f 717/897 626/903 553/892
f 553/892 626/903 247/904
f 626/903 800/898 564/905
f 626/903 564/905 247/904
f 553/892 247/904 137/887
f 564/905 800/898 710/906
f 710/906 800/898 825/907
f 710/906 825/907 666/908
f 710/906 666/908 487/909
f 710/906 487/909 564/905
f 137/887 247/904 1167/910
f 31/911 247/904 564/905
f 247/904 31/911 1167/910
f 31/911 564/905 487/909
f 137/887 1167/910 1294/912
f 1294/912 1167/910 31/911
f 31/911 487/909 169/913
f 169/913 487/909 422/914
f 31/911 169/913 1432/915
f 31/911 1432/915 1565/916
f 31/911 1565/916 1294/912
f 1565/916 1432/915 1682/917
f 1565/916 1682/917 1860/918
f 1565/916 1860/918 1691/919
f 1565/916 1691/919 1294/912
f 1322/920 137/887 1294/912
f 1322/920 1294/912 1691/919
f 137/887 1322/920 1267/888
f 1267/888 1322/920 1534/889
f 1534/889 1322/920 1691/919
f 1534/889 1691/919 1848/921
f 1534/889 1848/921 1949/922
f 1534/889 1949/922 1699/923
f 1534/889 1699/923 1240/881
f 1240/881 1699/923 1629/879
f 1699/923 1949/922 1976/924
f 1699/923 1976/924 1629/879
f 1629/879 1976/924 1907/925
f 1976/924 1949/922 2056/926
f 1907/925 1976/924 2094/927
f 2094/927 1976/924 2056/926
f 2094/927 2056/926 2120/928
f 893/929 828/930 686/931
f 686/931 828/930 805/932
f 686/931 805/932 529/933
f 686/931 529/933 261/934
f 261/934 529/933 109/935
f 529/933 805/932 832/936
f 529/933 832/936 778/937
f 832/936 805/932 883/938
f 805/932 828/930 980/939
f 980/939 828/930 891/940
f 883/938 805/932 958/941
f 958/941 805/932 980/939
f 980/939 891/940 997/942
f 958/941 980/939 1037/943
f 1037/943 980/939 997/942
f 997/942 891/940 950/944
f 997/942 950/944 1037/943
f 1037/943 950/944 958/941
f 958/941 950/944 883/938
f 883/938 950/944 822/945
f 883/938 822/945 791/946
f 791/946 822/945 770/947
f 569/948 388/949 205/950
f 388/949 569/948 635/951
f 635/951 569/948 745/952
f 388/949 635/951 617/953
f 745/952 569/948 621/954
f 745/952 621/954 666/955
f 666/955 621/954 422/956
f 666/955 422/956 487/957
f 621/954 569/948 348/958
f 621/954 348/958 422/956
f 348/958 569/948 205/950
f 422/956 348/958 169/959
f 169/959 348/958 51/960
f 51/960 348/958 205/950
f 169/959 51/960 1432/961
f 51/960 205/950 1480/962
f 51/960 1480/962 1432/961
f 222/963 205/950 388/949
f 1432/961 1480/962 1871/964
f 1432/961 1871/964 1682/965
f 1480/962 205/950 1313/966
f 1313/966 205/950 222/963
f 222/963 388/949 163/967
f 222/963 163/967 1313/966
f 1682/965 1871/964 1972/968
f 1480/962 1313/966 1689/969
f 1480/962 1689/969 1871/964
f 1689/969 1313/966 1703/970
f 1871/964 1689/969 1925/971
f 1925/971 1689/969 1703/970
f 1972/968 1871/964 2207/972
f 2101/973 1972/968 2179/974
f 2179/974 1972/968 2207/972
f 2207/972 1871/964 2157/975
f 2157/975 1871/964 1925/971
f 2179/974 2207/972 2253/976
f 2179/974 2253/976 2289/977
f 2207/972 2157/975 2324/978
f 2207/972 2324/978 2253/976
f 2289/977 2253/976 2305/979
f 2325/980 2305/979 2299/981
f 2299/981 2305/979 2310/982
f 2305/979 2253/976 2322/983
f 2305/979 2322/983 2310/982
f 2322/983 2253/976 2324/978
f 2310/982 2322/983 2341/984
f 2341/984 2322/983 2344/985
f 2322/983 2324/978 2339/986
f 2322/983 2339/986 2344/985
f 2339/986 2324/978 2302/987
f 2339/986 2302/987 2344/985
f 2302/987 2324/978 2229/988
f 2229/988 2324/978 2157/975
f 2344/985 2302/987 2335/989
f 2344/985 2335/989 2336/990
f 2302/987 2229/988 2327/991
f 2302/987 2327/991 2335/989
f 2335/989 2327/991 2330/992
s 0
f 2335/989 2330/992 2336/990
s 1
f 2336/990 2330/992 2298/993
f 2336/990 2298/993 2293/994
f 2327/991 2229/988 2301/995
f 2137/996 2229/988 2157/975
f 2229/988 2137/996 2301/995
f 2137/996 2157/975 1925/971
f 2301/995 2137/996 2156/997
f 2137/996 1925/971 1954/998
f 1954/998 1925/971 1703/970
f 2137/996 1954/998 1914/999
f 2137/996 1914/999 2156/997
f 1914/999 1954/998 1703/970
f 2156/997 1914/999 1759/1000
f 1759/1000 1914/999 1703/970
f 2156/997 1759/1000 1919/1001
f 1919/1001 1759/1000 1752/1002
f 1919/1001 1752/1002 1625/1003
f 1752/1002 1759/1000 1517/1004
f 1752/1002 1517/1004 1625/1003
f 1759/1000 1703/970 1370/1005
f 1759/1000 1370/1005 1517/1004
f 1370/1005 1703/970 1313/966
f 1625/1003 1517/1004 1456/1006
f 1625/1003 1456/1006 1430/1007
f 1370/1005 1313/966 163/967
f 1456/1006 1517/1004 1288/1008
f 1456/1006 1288/1008 1256/1009
f 1256/1009 1288/1008 239/1010
f 1168/1011 1517/1004 1370/1005
f 1517/1004 1168/1011 1288/1008
f 1168/1011 1370/1005 163/967
f 1288/1008 1168/1011 153/1012
f 153/1012 1168/1011 163/967
f 1288/1008 153/1012 239/1010
f 239/1010 153/1012 365/1013
f 239/1010 365/1013 447/1014
f 153/1012 163/967 436/1015
f 153/1012 436/1015 365/1013
f 365/1013 436/1015 676/1016
f 436/1015 163/967 388/949
f 436/1015 388/949 617/953
f 436/1015 617/953 699/1017
f 822/1018 828/1019 770/1020
f 828/1019 822/1018 861/1021
f 861/1021 822/1018 891/1022
f 891/1022 822/1018 950/1023
f 1079/1024 986/1025 1020/1026
f 1079/1024 1020/1026 1085/1027
f 1079/1024 1085/1027 1008/1028
f 1079/1024 1008/1028 986/1025
f 986/1025 1008/1028 832/1029
f 1020/1026 986/1025 899/1030
f 986/1025 832/1029 883/1031
f 986/1025 883/1031 899/1030
f 899/1030 883/1031 791/1032
f 939/1033 899/1034 791/1035
f 899/1034 939/1033 1020/1036
f 1020/1036 939/1033 1085/1037
f 1085/1037 939/1033 970/1038
f 1085/1037 970/1038 1008/1039
f 1008/1039 970/1038 832/1040
f 832/1040 970/1038 778/1041
f 778/1041 970/1038 895/1042
f 895/1042 970/1038 939/1033
f 895/1042 939/1033 845/1043
f 699/1044 676/1045 436/1046
f 676/1045 699/1044 803/1047
f 803/1047 699/1044 856/1048
f 856/1048 699/1044 617/1049
f 803/1047 856/1048 913/1050
f 856/1048 617/1049 853/1051
f 853/1051 617/1049 635/1052
f 913/1050 856/1048 969/1053
f 969/1053 856/1048 853/1051
f 913/1050 969/1053 1004/1054
f 913/1050 1004/1054 1050/1055
f 1004/1054 969/1053 1013/1056
f 1050/1055 1004/1054 1077/1057
f 1013/1056 969/1053 1031/1058
f 1031/1058 969/1053 853/1051
f 1050/1055 1077/1057 1091/1059
f 1077/1057 1004/1054 1033/1060
f 1004/1054 1013/1056 1041/1061
f 1004/1054 1041/1061 1033/1060
f 1041/1061 1013/1056 1031/1058
f 1077/1057 1033/1060 1063/1062
f 1063/1062 1033/1060 1041/1061
f 1091/1059 1077/1057 1107/1063
f 1107/1063 1077/1057 1063/1062
f 1108/1064 1092/1065 1091/1059
f 1108/1064 1091/1059 1107/1063
f 1108/1064 1107/1063 1111/1066
f 1111/1066 1107/1063 1117/1067
f 1063/1062 1041/1061 1070/1068
f 1063/1062 1070/1068 1107/1063
f 1117/1067 1107/1063 1104/1069
f 1104/1069 1107/1063 1070/1068
f 1117/1067 1104/1069 1112/1070
f 1117/1067 1112/1070 1113/1071
f 1117/1067 1113/1071 1114/1072
f 1114/1072 1113/1071 1099/1073
f 1099/1073 1113/1071 1098/1074
f 1099/1073 1098/1074 1089/1075
f 1089/1075 1098/1074 1052/1076
f 1098/1074 1113/1071 1109/1077
f 1109/1077 1113/1071 1112/1070
f 1052/1076 1098/1074 1072/1078
f 1072/1078 1098/1074 1109/1077
f 1052/1076 1072/1078 1027/1079
f 1052/1076 1027/1079 968/1080
f 1072/1078 1109/1077 1064/1081
f 1072/1078 1064/1081 1027/1079
f 1109/1077 1112/1070 1096/1082
f 1109/1077 1096/1082 1064/1081
f 1096/1082 1112/1070 1104/1069
f 968/1080 1027/1079 910/1083
f 968/1080 910/1083 825/1084
f 1027/1079 1064/1081 1066/1085
f 1066/1085 1064/1081 1096/1082
f 1096/1082 1104/1069 1067/1086
f 1096/1082 1067/1086 1066/1085
f 1067/1086 1104/1069 1070/1068
f 910/1083 1027/1079 978/1087
f 978/1087 1027/1079 1066/1085
f 910/1083 978/1087 871/1088
f 910/1083 871/1088 825/1084
f 978/1087 1066/1085 995/1089
f 995/1089 1066/1085 1067/1086
f 978/1087 995/1089 871/1088
f 825/1084 871/1088 745/1090
f 825/1084 745/1090 666/1091
f 745/1090 871/1088 816/1092
f 745/1090 816/1092 635/1052
f 871/1088 995/1089 886/1093
f 871/1088 886/1093 816/1092
f 635/1052 816/1092 853/1051
f 816/1092 886/1093 846/1094
f 853/1051 816/1092 945/1095
f 816/1092 846/1094 890/1096
f 816/1092 890/1096 945/1095
f 853/1051 945/1095 998/1097
f 853/1051 998/1097 1031/1058
f 998/1097 945/1095 1003/1098
f 998/1097 1003/1098 1031/1058
f 926/1099 846/1094 886/1093
f 846/1094 926/1099 890/1096
f 945/1095 890/1096 1021/1100
f 945/1095 1021/1100 1003/1098
f 1021/1100 890/1096 926/1099
f 1031/1058 1003/1098 1035/1101
f 1035/1101 1003/1098 1021/1100
f 1031/1058 1035/1101 1041/1061
f 926/1099 886/1093 1000/1102
f 926/1099 1000/1102 1021/1100
f 1000/1102 886/1093 995/1089
f 1041/1061 1035/1101 1062/1103
f 1062/1103 1035/1101 1021/1100
f 1041/1061 1062/1103 1070/1068
f 1021/1100 1000/1102 1053/1104
f 1021/1100 1053/1104 1062/1103
f 1053/1104 1000/1102 995/1089
f 1062/1103 1053/1104 1070/1068
f 1053/1104 995/1089 1067/1086
f 1053/1104 1067/1086 1070/1068
f 1860/1105 1682/1106 1972/1107
f 1860/1105 1972/1107 2101/1108
f 1860/1105 2101/1108 1953/1109
f 1860/1105 1953/1109 1691/1110
f 1691/1110 1953/1109 1848/1111
f 1848/1111 1953/1109 1949/1112
f 1953/1109 2101/1108 2103/1113
f 1949/1112 1953/1109 2061/1114
f 1953/1109 2103/1113 2199/1115
f 1953/1109 2199/1115 2061/1114
f 1949/1112 2061/1114 2155/1116
f 2155/1116 2061/1114 2199/1115
f 1949/1112 2155/1116 2056/1117
f 2056/1117 2155/1116 2120/1118
f 2120/1118 2155/1116 2168/1119
f 2120/1118 2168/1119 2178/1120
f 2215/1121 2199/1115 2103/1113
f 2215/1121 2103/1113 2101/1108
f 2178/1120 2168/1119 2263/1122
f 2263/1122 2168/1119 2155/1116
f 2178/1120 2263/1122 2252/1123
f 2272/1124 2155/1116 2199/1115
f 2155/1116 2272/1124 2263/1122
f 2272/1124 2199/1115 2265/1125
f 2265/1125 2199/1115 2215/1121
f 2263/1122 2272/1124 2278/1126
f 2278/1126 2272/1124 2265/1125
f 2263/1122 2278/1126 2252/1123
f 2265/1125 2215/1121 2247/1127
f 2265/1125 2247/1127 2278/1126
f 2276/1128 2215/1121 2101/1108
f 2276/1128 2101/1108 2179/1129
f 2276/1128 2179/1129 2289/1130
f 2276/1128 2289/1130 2305/1131
f 2252/1123 2278/1126 2213/1132
f 2252/1123 2213/1132 2181/1133
f 2213/1132 2278/1126 2197/1134
f 2197/1134 2278/1126 2247/1127
f 2276/1128 2305/1131 2306/1135
f 2306/1135 2305/1131 2325/1136
f 2306/1135 2325/1136 2274/1137
f 2276/1128 2306/1135 2232/1138
f 2232/1138 2306/1135 2274/1137
f 2276/1128 2232/1138 2215/1121
f 2215/1121 2232/1138 2247/1127
f 2232/1138 2274/1137 2204/1139
f 2232/1138 2204/1139 2247/1127
f 2247/1127 2204/1139 2197/1134
f 2197/1134 2204/1139 2196/1140
f 2197/1134 2196/1140 2132/1141
f 2197/1134 2132/1141 2093/1142
f 2197/1134 2093/1142 2213/1132
f 2213/1132 2093/1142 1964/1143
f 2093/1142 2132/1141 1973/1144
f 2093/1142 1973/1144 1849/1145
f 625/1146 447/1147 365/1148
f 625/1146 365/1148 676/1149
f 1039/1150 1084/1151 1001/1152
f 1039/1150 1001/1152 912/1153
f 912/1153 1001/1152 895/1154
f 1001/1152 1084/1151 976/1155
f 1001/1152 976/1155 895/1154
f 976/1155 1084/1151 1101/1156
f 976/1155 1101/1156 1100/1157
f 895/1154 976/1155 778/1158
f 976/1155 1100/1157 943/1159
f 976/1155 943/1159 778/1158
f 778/1158 943/1159 673/1160
f 673/1160 943/1159 930/1161
f 778/1158 673/1160 529/1162
f 673/1160 930/1161 690/1163
f 529/1162 673/1160 313/1164
f 529/1162 313/1164 109/1165
f 109/1165 313/1164 97/1166
f 313/1164 673/1160 354/1167
f 313/1164 354/1167 97/1166
f 354/1167 673/1160 690/1163
f 97/1166 354/1167 288/1168
f 288/1168 354/1167 690/1163
f 97/1166 288/1168 1160/1169
f 288/1168 690/1163 540/1170
f 1160/1169 288/1168 1316/1171
f 1316/1171 288/1168 540/1170
f 2130/1172 2135/1173 2165/1174
f 790/1175 800/1176 776/1177
f 790/1175 776/1177 785/1178
f 785/1178 776/1177 842/1179
f 790/1175 785/1178 908/1180
f 790/1175 908/1180 800/1176
f 785/1178 842/1179 874/1181
f 785/1178 874/1181 908/1180
f 874/1181 842/1179 907/1182
f 874/1181 907/1182 908/1180
f 907/1182 842/1179 854/1183
f 907/1182 854/1183 876/1184
f 968/1185 825/1186 800/1176
f 968/1185 800/1176 1052/1187
f 1052/1187 800/1176 1058/1188
f 1058/1188 800/1176 908/1180
f 1052/1187 1058/1188 1089/1189
f 1089/1189 1058/1188 1078/1190
f 1078/1190 1058/1188 1029/1191
f 1029/1191 1058/1188 908/1180
f 879/1192 907/1182 876/1184
f 879/1192 876/1184 840/1193
f 879/1192 840/1193 746/1194
f 879/1192 746/1194 766/1195
f 907/1182 879/1192 897/1196
f 907/1182 897/1196 908/1180
f 879/1192 766/1195 834/1197
f 879/1192 834/1197 897/1196
f 834/1197 766/1195 857/1198
f 908/1180 897/1196 906/1199
f 908/1180 906/1199 1029/1191
f 897/1196 834/1197 864/1200
f 897/1196 864/1200 906/1199
f 864/1200 834/1197 857/1198
f 1029/1191 906/1199 966/1201
f 1029/1191 966/1201 962/1202
f 906/1199 864/1200 894/1203
f 906/1199 894/1203 966/1201
f 894/1203 864/1200 857/1198
f 966/1201 894/1203 951/1204
f 951/1204 894/1203 857/1198
f 966/1201 951/1204 963/1205
f 963/1205 951/1204 919/1206
f 919/1206 951/1204 857/1198
f 919/1206 857/1198 804/1207
f 804/1207 857/1198 766/1195
f 919/1206 804/1207 870/1208
f 870/1208 804/1207 766/1195
f 2107/1209 2120/1210 2048/1211
f 2048/1211 2120/1210 2178/1212
f 2107/1209 2048/1211 1945/1213
f 2107/1209 1945/1213 2049/1214
f 2048/1211 2178/1212 2181/1215
f 2181/1215 2178/1212 2252/1216
f 1945/1213 2048/1211 1985/1217
f 1985/1217 2048/1211 2181/1215
f 2049/1214 1945/1213 1846/1218
f 2049/1214 1846/1218 2028/1219
f 1945/1213 1985/1217 1811/1220
f 1945/1213 1811/1220 1846/1218
f 1985/1217 2181/1215 2053/1221
f 2028/1219 1846/1218 1789/1222
f 2028/1219 1789/1222 2003/1223
f 2053/1221 2181/1215 2213/1224
f 1811/1220 1985/1217 1815/1225
f 1815/1225 1985/1217 2053/1221
f 1846/1218 1811/1220 1617/1226
f 1846/1218 1617/1226 1789/1222
f 1617/1226 1811/1220 1815/1225
f 1789/1222 1617/1226 1510/1227
f 1789/1222 1510/1227 1599/1228
f 1599/1228 1510/1227 1392/1229
f 1510/1227 1617/1226 1493/1230
f 1493/1230 1617/1226 1815/1225
f 1392/1229 1510/1227 1251/1231
f 1251/1231 1510/1227 1493/1230
f 1493/1230 1815/1225 1351/1232
f 1493/1230 1351/1232 1251/1231
f 1748/1233 1815/1225 2053/1221
f 1815/1225 1748/1233 1351/1232
f 1748/1233 2053/1221 2000/1234
f 2000/1234 2053/1221 2213/1224
f 2000/1234 2213/1224 1964/1235
f 1748/1233 2000/1234 1727/1236
f 1727/1236 2000/1234 1964/1235
f 1351/1232 1748/1233 1302/1237
f 1302/1237 1748/1233 1727/1236
f 1727/1236 1964/1235 1849/1238
f 1849/1238 1964/1235 2093/1239
f 1302/1237 1727/1236 1558/1240
f 1558/1240 1727/1236 1849/1238
f 1558/1240 1849/1238 1634/1241
f 1634/1241 1849/1238 1973/1242
f 1558/1240 1634/1241 1269/1243
f 1558/1240 1269/1243 1302/1237
f 1302/1237 1269/1243 152/1244
f 1302/1237 152/1244 1351/1232
f 1351/1232 152/1244 158/1245
f 1351/1232 158/1245 1251/1231
f 158/1245 152/1244 424/1246
f 424/1246 152/1244 296/1247
f 1251/1231 158/1245 83/1248
f 1251/1231 83/1248 1392/1229
f 1392/1229 83/1248 59/1249
f 83/1248 158/1245 473/1250
f 473/1250 158/1245 424/1246
f 59/1249 83/1248 376/1251
f 376/1251 83/1248 473/1250
f 59/1249 376/1251 1292/1252
f 583/1253 424/1246 296/1247
f 583/1253 296/1247 549/1254
f 583/1253 549/1254 681/1255
f 424/1246 583/1253 718/1256
f 424/1246 718/1256 473/1250
f 583/1253 681/1255 746/1257
f 583/1253 746/1257 718/1256
f 746/1257 681/1255 766/1258
f 766/1258 681/1255 772/1259
f 718/1256 746/1257 840/1260
f 718/1256 840/1260 820/1261
f 820/1261 840/1260 876/1262
f 820/1261 876/1262 826/1263
f 697/1264 473/1250 718/1256
f 697/1264 718/1256 820/1261
f 473/1250 697/1264 620/1265
f 473/1250 620/1265 376/1251
f 697/1264 820/1261 739/1266
f 697/1264 739/1266 620/1265
f 376/1251 620/1265 657/1267
f 657/1267 620/1265 739/1266
f 376/1251 657/1267 506/1268
f 506/1268 657/1267 664/1269
f 664/1269 657/1267 737/1270
f 664/1269 737/1270 653/1271
f 657/1267 739/1266 775/1272
f 775/1272 739/1266 820/1261
f 657/1267 775/1272 737/1270
f 653/1271 737/1270 667/1273
f 775/1272 820/1261 794/1274
f 775/1272 794/1274 737/1270
f 794/1274 820/1261 826/1263
f 667/1273 737/1270 743/1275
f 743/1275 737/1270 794/1274
f 667/1273 743/1275 687/1276
f 687/1276 743/1275 724/1277
f 743/1275 794/1274 779/1278
f 743/1275 779/1278 724/1277
f 779/1278 794/1274 826/1263
f 724/1277 779/1278 750/1279
f 779/1278 826/1263 814/1280
f 2209/1281 2119/1282 2190/1283
f 2119/1282 2209/1281 2165/1284
f 2190/1283 2119/1282 2104/1285
f 2119/1282 2165/1284 2003/1286
f 2119/1282 2003/1286 2104/1285
f 2104/1285 2003/1286 1963/1287
f 2104/1285 1963/1287 2116/1288
f 1963/1287 2003/1286 1789/1289
f 2116/1288 1963/1287 1908/1290
f 1963/1287 1789/1289 1813/1291
f 1813/1291 1789/1289 1599/1292
f 1908/1290 1963/1287 1835/1293
f 1835/1293 1963/1287 1813/1291
f 1908/1290 1835/1293 1672/1294
f 1813/1291 1599/1292 1585/1295
f 1813/1291 1585/1295 1835/1293
f 1835/1293 1585/1295 1672/1294
f 1585/1295 1599/1292 1392/1296
f 1672/1294 1585/1295 1393/1297
f 1672/1294 1393/1297 1615/1298
f 1585/1295 1392/1296 1292/1299
f 1585/1295 1292/1299 1393/1297
f 1292/1299 1392/1296 59/1300
f 1393/1297 1292/1299 240/1301
f 240/1301 1292/1299 190/1302
f 190/1302 1292/1299 376/1303
f 190/1302 376/1303 506/1304
f 190/1302 506/1304 240/1301
f 240/1301 506/1304 571/1305
f 571/1305 506/1304 664/1306
f 1208/1307 1312/1308 1311/1309
f 1311/1309 1312/1308 1366/1310
f 1312/1308 1208/1307 1280/1311
f 1311/1309 1366/1310 1276/1312
f 1311/1309 1276/1312 1208/1307
f 1276/1312 1366/1310 1189/1313
f 1276/1312 1189/1313 1208/1307
f 1189/1313 1366/1310 1338/1314
f 1338/1314 1366/1310 1423/1315
f 1280/1311 1208/1307 16/1316
f 1208/1307 1189/1313 81/1317
f 1208/1307 81/1317 16/1316
f 1280/1311 16/1316 1227/1318
f 1227/1318 16/1316 24/1319
f 1227/1318 24/1319 1162/1320
f 24/1319 16/1316 133/1321
f 133/1321 16/1316 179/1322
f 179/1322 16/1316 81/1317
f 1170/1323 81/1317 1189/1313
f 1170/1323 1189/1313 1338/1314
f 179/1322 81/1317 188/1324
f 179/1322 188/1324 344/1325
f 188/1324 81/1317 151/1326
f 151/1326 81/1317 1170/1323
f 344/1325 188/1324 363/1327
f 344/1325 363/1327 469/1328
f 363/1327 188/1324 266/1329
f 266/1329 188/1324 151/1326
f 469/1328 363/1327 414/1330
f 363/1327 266/1329 328/1331
f 363/1327 328/1331 414/1330
f 266/1329 151/1326 262/1332
f 266/1329 262/1332 328/1331
f 469/1328 414/1330 489/1333
f 414/1330 328/1331 367/1334
f 367/1334 328/1331 262/1332
f 414/1330 367/1334 489/1333
f 469/1328 489/1333 536/1335
f 262/1332 151/1326 106/1336
f 262/1332 106/1336 367/1334
f 106/1336 151/1326 1/1337
f 1/1337 151/1326 1170/1323
f 536/1335 489/1333 624/1338
f 536/1335 624/1338 604/1339
f 604/1339 624/1338 643/1340
f 643/1340 624/1338 669/1341
f 624/1338 489/1333 580/1342
f 624/1338 580/1342 669/1341
f 580/1342 489/1333 367/1334
f 732/1343 669/1341 721/1344
f 721/1344 669/1341 580/1342
f 858/1345 819/1346 721/1344
f 858/1345 721/1344 931/1347
f 931/1347 721/1344 837/1348
f 580/1342 367/1334 429/1349
f 837/1348 721/1344 767/1350
f 837/1348 767/1350 833/1351
f 837/1348 833/1351 949/1352
f 949/1352 833/1351 844/1353
f 844/1353 833/1351 767/1350
f 844/1353 767/1350 700/1354
f 700/1354 767/1350 721/1344
f 651/1355 721/1344 580/1342
f 721/1344 651/1355 700/1354
f 651/1355 580/1342 534/1356
f 534/1356 580/1342 429/1349
f 700/1354 651/1355 612/1357
f 612/1357 651/1355 534/1356
f 758/1358 844/1353 700/1354
f 844/1353 758/1358 831/1359
f 700/1354 612/1357 649/1360
f 700/1354 649/1360 758/1358
f 831/1359 758/1358 789/1361
f 649/1360 612/1357 542/1362
f 542/1362 612/1357 532/1363
f 532/1363 612/1357 534/1356
f 542/1362 532/1363 435/1364
f 435/1364 532/1363 534/1356
f 649/1360 542/1362 654/1365
f 654/1365 542/1362 435/1364
f 740/1366 758/1358 649/1360
f 740/1366 649/1360 654/1365
f 811/1367 789/1361 758/1358
f 811/1367 758/1358 740/1366
f 789/1361 811/1367 903/1368
f 740/1366 654/1365 715/1369
f 715/1369 654/1365 435/1364
f 811/1367 740/1366 801/1370
f 801/1370 740/1366 715/1369
f 903/1368 811/1367 921/1371
f 921/1371 811/1367 801/1370
f 903/1368 921/1371 1018/1372
f 801/1370 715/1369 734/1373
f 801/1370 734/1373 797/1374
f 734/1373 715/1369 561/1375
f 801/1370 797/1374 867/1376
f 801/1370 867/1376 921/1371
f 867/1376 797/1374 807/1377
f 867/1376 807/1377 863/1378
f 921/1371 867/1376 896/1379
f 896/1379 867/1376 863/1378
f 921/1371 896/1379 977/1380
f 896/1379 863/1378 885/1381
f 498/1382 561/1375 715/1369
f 498/1382 715/1369 435/1364
f 561/1375 498/1382 242/1383
f 242/1383 498/1382 435/1364
f 561/1375 242/1383 293/1384
f 293/1384 242/1383 1139/1385
f 1139/1385 242/1383 1229/1386
f 242/1383 435/1364 207/1387
f 1229/1386 242/1383 117/1388
f 117/1388 242/1383 207/1387
f 207/1387 435/1364 381/1389
f 381/1389 435/1364 534/1356
f 207/1387 381/1389 86/1390
f 381/1389 534/1356 275/1391
f 381/1389 275/1391 86/1390
f 275/1391 534/1356 429/1349
f 117/1388 207/1387 43/1392
f 43/1392 207/1387 86/1390
f 117/1388 43/1392 1173/1393
f 117/1388 1173/1393 1229/1386
f 275/1391 429/1349 274/1394
f 274/1394 429/1349 367/1334
f 101/1395 86/1390 275/1391
f 101/1395 275/1391 274/1394
f 274/1394 367/1334 227/1396
f 274/1394 227/1396 101/1395
f 227/1396 367/1334 106/1336
f 101/1395 227/1396 1126/1397
f 227/1396 106/1336 1239/1398
f 227/1396 1239/1398 1126/1397
f 101/1395 1126/1397 1205/1399
f 101/1395 1205/1399 86/1390
f 1205/1399 1126/1397 1239/1398
f 1239/1398 106/1336 1/1337
f 86/1390 1205/1399 1188/1400
f 86/1390 1188/1400 43/1392
f 43/1392 1188/1400 1173/1393
f 1188/1400 1205/1399 1255/1401
f 1255/1401 1205/1399 1239/1398
f 1173/1393 1188/1400 1314/1402
f 1314/1402 1188/1400 1255/1401
f 1173/1393 1314/1402 1274/1403
f 1274/1403 1314/1402 1560/1404
f 1173/1393 1274/1403 1295/1405
f 1314/1402 1255/1401 1400/1406
f 1314/1402 1400/1406 1512/1407
f 1173/1393 1295/1405 1229/1386
f 1295/1405 1274/1403 1464/1408
f 1229/1386 1295/1405 1377/1409
f 1295/1405 1464/1408 1376/1410
f 1295/1405 1376/1410 1377/1409
f 1377/1409 1376/1410 1459/1411
f 1414/1412 1400/1406 1255/1401
f 1400/1406 1414/1412 1496/1413
f 1496/1413 1414/1412 1388/1414
f 1414/1412 1255/1401 1214/1415
f 1214/1415 1255/1401 1239/1398
f 1214/1415 1239/1398 1/1337
f 1414/1412 1214/1415 1332/1416
f 1332/1416 1214/1415 1/1337
f 1414/1412 1332/1416 1388/1414
f 1332/1416 1/1337 1245/1417
f 1332/1416 1245/1417 1388/1414
f 1245/1417 1/1337 1170/1323
f 1388/1414 1245/1417 1373/1418
f 1373/1418 1245/1417 1170/1323
f 1388/1414 1373/1418 1423/1315
f 1373/1418 1170/1323 1338/1314
f 1373/1418 1338/1314 1423/1315
f 1739/1419 1687/1420 1662/1421
f 1687/1420 1739/1419 1660/1422
f 1660/1422 1739/1419 1755/1423
f 1687/1420 1660/1422 1555/1424
f 1739/1419 1662/1421 1762/1425
f 1739/1419 1762/1425 1755/1423
f 1662/1421 1687/1420 1542/1426
f 1542/1426 1687/1420 1555/1424
f 1762/1425 1662/1421 1725/1427
f 1555/1424 1660/1422 1746/1428
f 1746/1428 1660/1422 1755/1423
f 1755/1423 1762/1425 1781/1429
f 1781/1429 1762/1425 1725/1427
f 1746/1428 1755/1423 1796/1430
f 1796/1430 1755/1423 1798/1431
f 1798/1431 1755/1423 1781/1429
f 1746/1428 1796/1430 1757/1432
f 1555/1424 1746/1428 1566/1433
f 1566/1433 1746/1428 1757/1432
f 1757/1432 1796/1430 1779/1434
f 1779/1434 1796/1430 1798/1431
f 1566/1433 1757/1432 1595/1435
f 1757/1432 1779/1434 1714/1436
f 1757/1432 1714/1436 1595/1435
f 1714/1436 1779/1434 1685/1437
f 1714/1436 1685/1437 1595/1435
f 1779/1434 1798/1431 1880/1438
f 1566/1433 1595/1435 1496/1439
f 1566/1433 1496/1439 1423/1440
f 1566/1433 1423/1440 1555/1424
f 1423/1440 1496/1439 1388/1441
f 1555/1424 1423/1440 1474/1442
f 1474/1442 1423/1440 1366/1443
f 1555/1424 1474/1442 1542/1426
f 1496/1439 1595/1435 1512/1444
f 1496/1439 1512/1444 1400/1445
f 1512/1444 1595/1435 1685/1437
f 1474/1442 1366/1443 1460/1446
f 1474/1442 1460/1446 1542/1426
f 1460/1446 1366/1443 1312/1447
f 1542/1426 1460/1446 1662/1421
f 1460/1446 1312/1447 1280/1448
f 1512/1444 1685/1437 1560/1449
f 1512/1444 1560/1449 1314/1450
f 1662/1421 1460/1446 1583/1451
f 1560/1449 1685/1437 1717/1452
f 1560/1449 1717/1452 1623/1453
f 1662/1421 1583/1451 1725/1427
f 1717/1452 1685/1437 1847/1454
f 1847/1454 1685/1437 1779/1434
f 1847/1454 1779/1434 1880/1438
f 1583/1451 1460/1446 1457/1455
f 1457/1455 1460/1446 1280/1448
f 1583/1451 1457/1455 1553/1456
f 1583/1451 1553/1456 1725/1427
f 1457/1455 1280/1448 1331/1457
f 1457/1455 1331/1457 1553/1456
f 1331/1457 1280/1448 1227/1458
f 1331/1457 1227/1458 1162/1459
f 1331/1457 1162/1459 1175/1460
f 1331/1457 1175/1460 1345/1461
f 1331/1457 1345/1461 1553/1456
f 1345/1461 1175/1460 1241/1462
f 1345/1461 1241/1462 1348/1463
f 1345/1461 1348/1463 1483/1464
f 1345/1461 1483/1464 1553/1456
f 1241/1462 1175/1460 10/1465
f 1241/1462 10/1465 1123/1466
f 10/1465 1175/1460 56/1467
f 1553/1456 1483/1464 1603/1468
f 1603/1468 1483/1464 1475/1469
f 1603/1468 1475/1469 1614/1470
f 1553/1456 1603/1468 1734/1471
f 1603/1468 1614/1470 1771/1472
f 1603/1468 1771/1472 1734/1471
f 1771/1472 1614/1470 1649/1473
f 1553/1456 1734/1471 1725/1427
f 1725/1427 1734/1471 1776/1474
f 1725/1427 1776/1474 1781/1429
f 1776/1474 1734/1471 1903/1475
f 1781/1429 1776/1474 1853/1476
f 1853/1476 1776/1474 1903/1475
f 1903/1475 1734/1471 1858/1477
f 1858/1477 1734/1471 1771/1472
f 1903/1475 1858/1477 1915/1478
f 1915/1478 1858/1477 1771/1472
f 1781/1429 1853/1476 1840/1479
f 1781/1429 1840/1479 1798/1431
f 1853/1476 1903/1475 1926/1480
f 1853/1476 1926/1480 1840/1479
f 1798/1431 1840/1479 1873/1481
f 1840/1479 1926/1480 1889/1482
f 1840/1479 1889/1482 1873/1481
f 1889/1482 1926/1480 1942/1483
f 1889/1482 1942/1483 1873/1481
f 1926/1480 1903/1475 1924/1484
f 1924/1484 1903/1475 1915/1478
f 1926/1480 1924/1484 1942/1483
f 1798/1431 1873/1481 1880/1438
f 1942/1483 1924/1484 2057/1485
f 2057/1485 1924/1484 1915/1478
f 1873/1481 1942/1483 1998/1486
f 1942/1483 2057/1485 2141/1487
f 1942/1483 2141/1487 1998/1486
f 2057/1485 1915/1478 1978/1488
f 1978/1488 1915/1478 1771/1472
f 2141/1487 2057/1485 2084/1489
f 2084/1489 2057/1485 1978/1488
f 1978/1488 1771/1472 1855/1490
f 1855/1490 1771/1472 1649/1473
f 1855/1490 1649/1473 1730/1491
f 1855/1490 1730/1491 1897/1492
f 1855/1490 1897/1492 2035/1493
f 1978/1488 1855/1490 2044/1494
f 1978/1488 2044/1494 2084/1489
f 2044/1494 1855/1490 2035/1493
f 2143/1495 2141/1487 2084/1489
f 2084/1489 2044/1494 2062/1496
f 2084/1489 2062/1496 2143/1495
f 2044/1494 2035/1493 2185/1497
f 2185/1497 2035/1493 2140/1498
f 2140/1498 2035/1493 1913/1499
f 2044/1494 2185/1497 2173/1500
f 2044/1494 2173/1500 2062/1496
f 2185/1497 2140/1498 2231/1501
f 2185/1497 2231/1501 2173/1500
f 2231/1501 2140/1498 2189/1502
f 2189/1502 2140/1498 2170/1503
f 2173/1500 2231/1501 2193/1504
f 2193/1504 2231/1501 2189/1502
f 2062/1496 2173/1500 2098/1505
f 2098/1505 2173/1500 2193/1504
f 2062/1496 2098/1505 2052/1506
f 2062/1496 2052/1506 2143/1495
f 2098/1505 2193/1504 2146/1507
f 2098/1505 2146/1507 2052/1506
f 2193/1504 2189/1502 2138/1508
f 2193/1504 2138/1508 2146/1507
f 2184/1509 2189/1502 2170/1503
f 2189/1502 2184/1509 2138/1508
f 2184/1509 2170/1503 2070/1510
f 2184/1509 2070/1510 2095/1511
f 2184/1509 2095/1511 2138/1508
f 2095/1511 2070/1510 1920/1512
f 2146/1507 2138/1508 2072/1513
f 2146/1507 2072/1513 2052/1506
f 2138/1508 2095/1511 2058/1514
f 2058/1514 2095/1511 1920/1512
f 2138/1508 2058/1514 2072/1513
f 2058/1514 1920/1512 1859/1515
f 2058/1514 1859/1515 1937/1516
f 2058/1514 1937/1516 2072/1513
f 1937/1516 1859/1515 1784/1517
f 1937/1516 1784/1517 1824/1518
f 1937/1516 1824/1518 1766/1519
f 1937/1516 1766/1519 1717/1452
f 1717/1452 1766/1519 1628/1520
f 1937/1516 1717/1452 1847/1454
f 2072/1513 1937/1516 1990/1521
f 1990/1521 1937/1516 1847/1454
f 2072/1513 1990/1521 2052/1506
f 1990/1521 1847/1454 1880/1438
f 2052/1506 1990/1521 2073/1522
f 2052/1506 2073/1522 2143/1495
f 2073/1522 1990/1521 2183/1523
f 2073/1522 2183/1523 2143/1495
f 2183/1523 1990/1521 2039/1524
f 2143/1495 2183/1523 2166/1525
f 2143/1495 2166/1525 2141/1487
f 2141/1487 2166/1525 1998/1486
f 2166/1525 2183/1523 2027/1526
f 2166/1525 2027/1526 1998/1486
f 2027/1526 2183/1523 2039/1524
f 2039/1524 1990/1521 1933/1527
f 2039/1524 1933/1527 2027/1526
f 1933/1527 1990/1521 1880/1438
f 1998/1486 2027/1526 1923/1528
f 1923/1528 2027/1526 1933/1527
f 1923/1528 1933/1527 1880/1438
f 1998/1486 1923/1528 1873/1481
f 1873/1481 1923/1528 1880/1438
f 721/1529 819/1530 732/1531
f 701/1532 669/1533 732/1531
f 701/1532 732/1531 763/1534
f 732/1531 819/1530 851/1535
f 732/1531 851/1535 763/1534
f 851/1535 819/1530 933/1536
f 933/1536 819/1530 858/1537
f 763/1534 851/1535 798/1538
f 763/1534 798/1538 729/1539
f 933/1536 858/1537 956/1540
f 729/1539 798/1538 751/1541
f 956/1540 858/1537 931/1542
f 851/1535 933/1536 937/1543
f 937/1543 933/1536 956/1540
f 798/1538 851/1535 839/1544
f 839/1544 851/1535 937/1543
f 798/1538 839/1544 751/1541
f 839/1544 937/1543 905/1545
f 729/1539 751/1541 634/1546
f 937/1543 956/1540 989/1547
f 937/1543 989/1547 905/1545
f 751/1541 839/1544 782/1548
f 782/1548 839/1544 905/1545
f 634/1546 751/1541 655/1549
f 751/1541 782/1548 709/1550
f 751/1541 709/1550 655/1549
f 709/1550 782/1548 818/1551
f 818/1551 782/1548 905/1545
f 655/1549 709/1550 640/1552
f 709/1550 818/1551 756/1553
f 709/1550 756/1553 640/1552
f 818/1551 905/1545 902/1554
f 818/1551 902/1554 756/1553
f 902/1554 905/1545 993/1555
f 993/1555 905/1545 989/1547
f 655/1549 640/1552 562/1556
f 655/1549 562/1556 634/1546
f 993/1555 989/1547 1026/1557
f 1026/1557 989/1547 956/1540
f 634/1546 562/1556 530/1558
f 634/1546 530/1558 457/1559
f 457/1559 530/1558 364/1560
f 364/1560 530/1558 353/1561
f 530/1558 562/1556 504/1562
f 530/1558 504/1562 353/1561
f 504/1562 562/1556 640/1552
f 353/1561 504/1562 394/1563
f 504/1562 640/1552 656/1564
f 656/1564 640/1552 756/1553
f 394/1563 504/1562 593/1565
f 593/1565 504/1562 656/1564
f 394/1563 593/1565 543/1566
f 394/1563 543/1566 358/1567
f 358/1567 543/1566 478/1568
f 656/1564 756/1553 810/1569
f 361/1570 478/1568 493/1571
f 593/1565 656/1564 719/1572
f 719/1572 656/1564 810/1569
f 543/1566 593/1565 660/1573
f 660/1573 593/1565 719/1572
f 478/1568 543/1566 566/1574
f 566/1574 543/1566 660/1573
f 478/1568 566/1574 493/1571
f 493/1571 566/1574 472/1575
f 493/1571 472/1575 308/1576
f 472/1575 566/1574 668/1577
f 668/1577 566/1574 660/1573
f 472/1575 668/1577 357/1578
f 357/1578 668/1577 671/1579
f 668/1577 660/1573 755/1580
f 755/1580 660/1573 719/1572
f 671/1579 668/1577 752/1581
f 752/1581 668/1577 755/1580
f 357/1578 671/1579 629/1582
f 629/1582 671/1579 752/1581
f 357/1578 629/1582 99/1583
f 99/1583 629/1582 373/1584
f 755/1580 719/1572 738/1585
f 311/1586 219/1587 373/1584
f 752/1581 755/1580 762/1588
f 762/1588 755/1580 738/1585
f 629/1582 752/1581 716/1589
f 716/1589 752/1581 762/1588
f 373/1584 629/1582 619/1590
f 373/1584 619/1590 311/1586
f 629/1582 716/1589 744/1591
f 629/1582 744/1591 619/1590
f 716/1589 762/1588 830/1592
f 716/1589 830/1592 744/1591
f 311/1586 619/1590 689/1593
f 311/1586 689/1593 554/1594
f 554/1594 689/1593 771/1595
f 554/1594 771/1595 685/1596
f 771/1595 689/1593 806/1597
f 771/1595 806/1597 863/1598
f 689/1593 619/1590 722/1599
f 722/1599 619/1590 744/1591
f 689/1593 722/1599 806/1597
f 863/1598 806/1597 885/1600
f 977/1601 896/1602 885/1600
f 806/1597 722/1599 813/1603
f 1018/1604 921/1605 977/1601
f 885/1600 806/1597 878/1606
f 878/1606 806/1597 813/1603
f 977/1601 885/1600 992/1607
f 977/1601 992/1607 1018/1604
f 992/1607 885/1600 878/1606
f 1018/1604 992/1607 985/1608
f 992/1607 878/1606 898/1609
f 898/1609 878/1606 813/1603
f 992/1607 898/1609 985/1608
f 1018/1604 985/1608 903/1610
f 903/1610 985/1608 882/1611
f 903/1610 882/1611 789/1612
f 789/1612 882/1611 831/1613
f 882/1611 985/1608 916/1614
f 916/1614 985/1608 898/1609
f 831/1613 882/1611 935/1615
f 935/1615 882/1611 916/1614
f 831/1613 935/1615 844/1616
f 844/1616 935/1615 988/1617
f 935/1615 916/1614 944/1618
f 916/1614 898/1609 866/1619
f 916/1614 866/1619 944/1618
f 866/1619 898/1609 783/1620
f 783/1620 898/1609 813/1603
f 944/1618 866/1619 817/1621
f 817/1621 866/1619 783/1620
f 783/1620 813/1603 787/1622
f 783/1620 787/1622 817/1621
f 787/1622 813/1603 722/1599
f 787/1622 722/1599 744/1591
f 817/1621 787/1622 927/1623
f 817/1621 927/1623 944/1618
f 927/1623 787/1622 744/1591
f 927/1623 744/1591 901/1624
f 901/1624 744/1591 830/1592
f 944/1618 927/1623 984/1625
f 944/1618 984/1625 935/1615
f 927/1623 901/1624 947/1626
f 947/1626 901/1624 830/1592
f 927/1623 947/1626 984/1625
f 947/1626 830/1592 932/1627
f 947/1626 932/1627 984/1625
f 935/1615 984/1625 988/1617
f 932/1627 830/1592 799/1628
f 799/1628 830/1592 762/1588
f 799/1628 762/1588 738/1585
f 799/1628 738/1585 827/1629
f 799/1628 827/1629 932/1627
f 827/1629 738/1585 719/1572
f 1043/1630 984/1625 932/1627
f 1023/1631 988/1617 984/1625
f 1023/1631 984/1625 1043/1630
f 932/1627 827/1629 972/1632
f 932/1627 972/1632 1043/1630
f 827/1629 719/1572 960/1633
f 827/1629 960/1633 972/1632
f 960/1633 719/1572 810/1569
f 1043/1630 972/1632 1042/1634
f 1042/1634 972/1632 960/1633
f 1023/1631 1043/1630 1059/1635
f 1059/1635 1043/1630 1042/1634
f 1023/1631 1059/1635 988/1617
f 1042/1634 960/1633 1048/1636
f 1042/1634 1048/1636 1059/1635
f 960/1633 810/1569 860/1637
f 860/1637 810/1569 756/1553
f 860/1637 756/1553 902/1554
f 960/1633 860/1637 1007/1638
f 960/1633 1007/1638 1048/1636
f 860/1637 902/1554 957/1639
f 860/1637 957/1639 1007/1638
f 1007/1638 957/1639 1048/1636
f 957/1639 902/1554 993/1555
f 957/1639 993/1555 1006/1640
f 957/1639 1006/1640 1048/1636
f 1006/1640 993/1555 1026/1557
f 1048/1636 1006/1640 1025/1641
f 1048/1636 1025/1641 1059/1635
f 1025/1641 1006/1640 1026/1557
f 1059/1635 1025/1641 988/1617
f 1025/1641 1026/1557 949/1642
f 1025/1641 949/1642 988/1617
f 988/1617 949/1642 844/1616
f 949/1642 1026/1557 956/1540
f 949/1642 956/1540 931/1542
f 949/1642 931/1542 837/1643
f 669/1644 701/1645 643/1646
f 643/1646 701/1645 630/1647
f 643/1646 630/1647 604/1648
f 630/1647 701/1645 727/1649
f 727/1649 701/1645 763/1650
f 727/1649 763/1650 729/1651
f 727/1649 729/1651 636/1652
f 727/1649 636/1652 630/1647
f 636/1652 729/1651 634/1653
f 636/1652 634/1653 457/1654
f 630/1647 636/1652 526/1655
f 526/1655 636/1652 457/1654
f 537/1656 604/1648 630/1647
f 537/1656 630/1647 526/1655
f 604/1648 537/1656 536/1657
f 536/1657 537/1656 469/1658
f 469/1658 537/1656 405/1659
f 405/1659 537/1656 526/1655
f 469/1658 405/1659 344/1660
f 364/1661 198/1662 457/1654
f 457/1654 198/1662 298/1663
f 457/1654 298/1663 526/1655
f 405/1659 526/1655 408/1664
f 408/1664 526/1655 298/1663
f 344/1660 405/1659 236/1665
f 344/1660 236/1665 179/1666
f 405/1659 408/1664 245/1667
f 245/1667 408/1664 298/1663
f 405/1659 245/1667 236/1665
f 245/1667 298/1663 67/1668
f 179/1666 236/1665 133/1669
f 245/1667 67/1668 76/1670
f 245/1667 76/1670 236/1665
f 236/1665 76/1670 133/1669
f 133/1669 76/1670 56/1671
f 56/1671 76/1670 10/1672
f 133/1669 56/1671 24/1673
f 24/1673 56/1671 1162/1674
f 1162/1674 56/1671 1175/1675
f 1464/1676 1274/1677 1560/1678
f 1464/1676 1560/1678 1459/1679
f 1464/1676 1459/1679 1376/1680
f 1459/1679 1560/1678 1535/1681
f 1459/1679 1535/1681 1377/1682
f 1377/1682 1535/1681 1541/1683
f 105/1684 1217/1685 34/1686
f 105/1684 34/1686 281/1687
f 281/1687 34/1686 218/534
f 218/534 34/1686 1130/543
f 281/1687 218/534 471/503
f 1130/543 34/1686 1350/1688
f 1350/1688 34/1686 1217/1685
f 1130/543 1350/1688 1527/542
f 1527/542 1350/1688 1626/1689
f 1527/542 1626/1689 1852/545
f 1350/1688 1217/1685 1433/1690
f 1350/1688 1433/1690 1626/1689
f 1433/1690 1217/1685 1139/1691
f 1433/1690 1139/1691 1229/1692
f 1433/1690 1229/1692 1537/1693
f 1433/1690 1537/1693 1626/1689
f 1139/1691 1217/1685 149/1694
f 149/1694 1217/1685 105/1684
f 1139/1691 149/1694 293/1695
f 149/1694 105/1684 352/1696
f 352/1696 105/1684 281/1687
f 293/1695 149/1694 458/1697
f 458/1697 149/1694 352/1696
f 293/1695 458/1697 561/1698
f 458/1697 352/1696 556/1699
f 561/1698 458/1697 623/1700
f 623/1700 458/1697 556/1699
f 561/1698 623/1700 734/1701
f 556/1699 352/1696 446/1702
f 734/1701 623/1700 797/1703
f 623/1700 556/1699 696/1704
f 623/1700 696/1704 797/1703
f 797/1703 696/1704 807/1705
f 446/1702 352/1696 384/1706
f 384/1706 352/1696 281/1687
f 384/1706 281/1687 507/1707
f 507/1707 281/1687 471/503
f 507/1707 471/503 622/501
f 507/1707 622/501 575/1708
f 507/1707 575/1708 416/1709
f 507/1707 416/1709 384/1706
f 384/1706 416/1709 366/1710
f 1229/1711 1377/1712 1537/1713
f 1377/1714 1541/1715 1537/1693
f 1537/1693 1541/1715 1610/1716
f 1537/1693 1610/1716 1677/1717
f 1537/1693 1677/1717 1626/1689
f 1610/1716 1541/1715 1628/1718
f 1628/1718 1541/1715 1535/1719
f 1628/1718 1535/1719 1623/1720
f 1623/1720 1535/1719 1560/1721
f 1628/1718 1623/1720 1717/1722
f 1610/1716 1628/1718 1665/1723
f 1665/1723 1628/1718 1766/1724
f 1610/1716 1665/1723 1690/1725
f 1610/1716 1690/1725 1677/1717
f 1665/1723 1766/1724 1741/1726
f 1665/1723 1741/1726 1690/1725
f 1741/1726 1766/1724 1824/1727
f 1741/1726 1824/1727 1693/1728
f 1741/1726 1693/1728 1690/1725
f 1693/1728 1824/1727 1784/1729
f 1690/1725 1693/1728 1695/1730
f 1693/1728 1784/1729 1743/1731
f 1693/1728 1743/1731 1695/1730
f 1743/1731 1784/1729 1791/1732
f 1791/1732 1784/1729 1859/1733
f 1690/1725 1695/1730 1721/1734
f 1690/1725 1721/1734 1677/1717
f 1721/1734 1695/1730 1749/1735
f 1677/1717 1721/1734 1626/1689
f 1721/1734 1749/1735 1828/1736
f 1721/1734 1828/1736 1626/1689
f 1626/1689 1828/1736 1852/545
f 1852/545 1828/1736 1960/553
f 1960/553 1828/1736 1851/1737
f 2234/1738 2224/1739 2227/1740
f 2282/1741 2227/1740 2277/1742
f 2277/1742 2227/1740 2230/1743
f 2230/1743 2227/1740 2224/1739
f 2277/1742 2230/1743 2236/1744
f 2230/1743 2224/1739 2300/1745
f 2300/1745 2224/1739 2309/1746
f 2300/1745 2309/1746 2345/1747
f 2230/1743 2300/1745 2303/1748
f 2230/1743 2303/1748 2236/1744
f 2300/1745 2345/1747 2347/1749
f 2300/1745 2347/1749 2303/1748
f 2347/1749 2345/1747 2351/1750
f 2347/1749 2351/1750 2353/1751
f 2236/1744 2303/1748 2308/1752
f 2308/1752 2303/1748 2347/1749
f 2236/1744 2308/1752 2175/1753
f 2347/1749 2353/1751 2350/1754
f 2347/1749 2350/1754 2308/1752
f 2350/1754 2353/1751 2352/1755
f 2175/1753 2308/1752 2222/1756
f 2175/1753 2222/1756 2045/1757
f 2308/1752 2350/1754 2337/1758
f 2337/1758 2350/1754 2352/1755
f 2308/1752 2337/1758 2222/1756
f 2337/1758 2352/1755 2343/1759
f 2343/1759 2352/1755 2342/1760
f 2222/1756 2337/1758 2200/1761
f 2200/1761 2337/1758 2343/1759
f 2002/1762 2045/1757 2222/1756
f 2002/1762 2222/1756 2200/1761
f 2045/1757 2002/1762 1830/1763
f 1830/1763 2002/1762 1895/1764
f 1895/1764 2002/1762 2200/1761
f 2316/1765 2343/1759 2342/1760
f 2343/1759 2316/1765 2200/1761
f 2316/1765 2342/1760 2294/1766
f 2316/1765 2294/1766 2257/1767
f 2316/1765 2257/1767 2200/1761
f 2257/1767 2294/1766 2241/1768
f 1895/1764 2200/1761 2097/1769
f 2097/1769 2200/1761 2257/1767
f 1895/1764 2097/1769 1823/1770
f 2097/1769 2257/1767 2079/1771
f 2097/1769 2079/1771 1823/1770
f 2079/1771 2257/1767 2241/1768
f 1823/1770 2079/1771 1763/1772
f 1823/1770 1763/1772 1471/1773
f 1471/1773 1763/1772 1448/1774
f 2079/1771 2241/1768 2043/1775
f 2079/1771 2043/1775 1763/1772
f 2043/1775 2241/1768 2187/1776
f 1448/1774 1763/1772 1747/1777
f 1747/1777 1763/1772 2043/1775
f 1448/1774 1747/1777 1620/1778
f 2043/1775 2187/1776 1989/1779
f 2043/1775 1989/1779 1747/1777
f 1989/1779 2187/1776 2086/1780
f 1747/1777 1989/1779 1807/1781
f 1747/1777 1807/1781 1620/1778
f 1989/1779 2086/1780 1981/1782
f 1989/1779 1981/1782 1807/1781
f 1981/1782 2086/1780 1960/1783
f 1981/1782 1960/1783 1851/1784
f 1981/1782 1851/1784 1807/1781
f 1807/1781 1851/1784 1620/1778
f 1620/1778 1851/1784 1749/1785
f 1749/1785 1851/1784 1828/1786
f 1620/1778 1749/1785 1589/1787
f 1620/1778 1589/1787 1364/1788
f 1364/1788 1589/1787 1439/1789
f 1439/1789 1589/1787 1516/1790
f 1589/1787 1749/1785 1648/1791
f 1589/1787 1648/1791 1516/1790
f 1648/1791 1749/1785 1695/1792
f 1516/1790 1648/1791 1559/1793
f 1516/1790 1559/1793 1454/1794
f 1648/1791 1695/1792 1673/1795
f 1559/1793 1648/1791 1616/1796
f 1616/1796 1648/1791 1673/1795
f 1673/1795 1695/1792 1756/1797
f 1756/1797 1695/1792 1743/1798
f 1756/1797 1743/1798 1791/1799
f 1673/1795 1756/1797 1735/1800
f 1735/1800 1756/1797 1791/1799
f 1673/1795 1735/1800 1616/1796
f 1735/1800 1791/1799 1859/1801
f 1616/1796 1735/1800 1722/1802
f 1616/1796 1722/1802 1645/1803
f 1616/1796 1645/1803 1559/1793
f 1559/1793 1645/1803 1576/1804
f 1576/1804 1645/1803 1637/1805
f 1576/1804 1637/1805 1506/1806
f 1637/1805 1645/1803 1711/1807
f 1078/1808 1029/1809 962/1810
f 1073/1811 1089/1812 1078/1808
f 1073/1811 1078/1808 1014/1813
f 1073/1811 1014/1813 973/1814
f 973/1814 1014/1813 887/1815
f 887/1815 1014/1813 829/1816
f 829/1816 1014/1813 920/1817
f 829/1816 920/1817 823/1818
f 1014/1813 1078/1808 942/1819
f 1014/1813 942/1819 920/1817
f 942/1819 1078/1808 962/1810
f 823/1818 920/1817 922/1820
f 922/1820 920/1817 889/1821
f 920/1817 942/1819 873/1822
f 873/1822 942/1819 962/1810
f 920/1817 873/1822 889/1821
f 922/1820 889/1821 936/1823
f 873/1822 962/1810 929/1824
f 873/1822 929/1824 889/1821
f 929/1824 962/1810 963/1825
f 963/1825 962/1810 966/1826
f 889/1821 929/1824 914/1827
f 914/1827 929/1824 963/1825
f 936/1823 889/1821 925/1828
f 925/1828 889/1821 914/1827
f 936/1823 925/1828 892/1829
f 892/1829 925/1828 868/1830
f 925/1828 914/1827 923/1831
f 923/1831 914/1827 963/1825
f 925/1828 923/1831 868/1830
f 923/1831 963/1825 919/1832
f 868/1830 923/1831 772/1833
f 923/1831 919/1832 870/1834
f 923/1831 870/1834 772/1833
f 772/1833 870/1834 766/1835
f 296/1836 152/1837 35/1838
f 35/1838 152/1837 1269/1839
f 35/1838 1269/1839 1452/1840
f 1452/1840 1269/1839 1634/1841
f 296/1836 35/1838 199/1842
f 1452/1840 1634/1841 1761/1843
f 1761/1843 1634/1841 1973/1844
f 1761/1843 1973/1844 2054/1845
f 1761/1843 2054/1845 1957/1846
f 1452/1840 1761/1843 1839/1847
f 1839/1847 1761/1843 1957/1846
f 1450/1848 35/1838 1452/1840
f 1450/1848 1452/1840 1839/1847
f 35/1838 1450/1848 199/1842
f 1839/1847 1957/1846 2069/1849
f 2069/1849 1957/1846 2194/1850
f 2069/1849 2194/1850 2240/1851
f 1839/1847 2069/1849 1966/1852
f 2069/1849 2240/1851 2161/1853
f 2069/1849 2161/1853 1966/1852
f 2161/1853 2240/1851 2219/1854
f 2161/1853 2219/1854 2108/1855
f 2108/1855 2219/1854 2202/1856
f 2108/1855 2202/1856 2134/1857
f 2161/1853 2108/1855 1944/1858
f 2161/1853 1944/1858 1966/1852
f 2108/1855 2134/1857 2110/1859
f 2108/1855 2110/1859 1944/1858
f 2110/1859 2134/1857 2115/1860
f 2110/1859 2115/1860 2085/1861
f 2110/1859 2085/1861 2038/1862
f 2110/1859 2038/1862 1944/1858
f 2038/1862 2085/1861 2083/1863
f 2038/1862 2083/1863 1956/1864
f 1956/1864 2083/1863 2088/1865
f 1944/1858 2038/1862 1886/1866
f 1886/1866 2038/1862 1956/1864
f 1944/1858 1886/1866 1825/1867
f 1944/1858 1825/1867 1966/1852
f 1825/1867 1886/1866 1654/1868
f 1966/1852 1825/1867 1774/1869
f 1774/1869 1825/1867 1654/1868
f 1966/1852 1774/1869 1787/1870
f 1966/1852 1787/1870 1839/1847
f 1839/1847 1787/1870 1450/1848
f 1787/1870 1774/1869 1533/1871
f 1533/1871 1774/1869 1654/1868
f 1450/1848 1787/1870 1220/1872
f 1220/1872 1787/1870 1533/1871
f 1450/1848 1220/1872 199/1842
f 1638/1873 1654/1868 1886/1866
f 1654/1868 1638/1873 1533/1871
f 1638/1873 1886/1866 1956/1864
f 1533/1871 1638/1873 1500/1874
f 1533/1871 1500/1874 1220/1872
f 1638/1873 1956/1864 1814/1875
f 1638/1873 1814/1875 1500/1874
f 1500/1874 1814/1875 1712/1876
f 1814/1875 1956/1864 2005/1877
f 1814/1875 2005/1877 1901/1878
f 2005/1877 1956/1864 2088/1865
f 1901/1878 2005/1877 2029/1879
f 2029/1879 2005/1877 2088/1865
f 2029/1879 2088/1865 2126/1880
f 2029/1879 2126/1880 2142/1881
f 1315/1882 1220/1872 1500/1874
f 1315/1882 1500/1874 1557/1883
f 1220/1872 1315/1882 202/1884
f 29/1885 1315/1882 1487/1886
f 1315/1882 29/1885 202/1884
f 202/1884 29/1885 450/1887
f 450/1887 29/1885 360/1888
f 450/1887 360/1888 609/1889
f 1220/1872 202/1884 189/1890
f 1220/1872 189/1890 199/1842
f 189/1890 202/1884 423/1891
f 199/1842 189/1890 496/1892
f 496/1892 189/1890 423/1891
f 199/1842 496/1892 296/1836
f 423/1891 202/1884 638/1893
f 638/1893 202/1884 450/1887
f 423/1891 638/1893 496/1892
f 296/1836 496/1892 549/1894
f 638/1893 450/1887 675/1895
f 675/1895 450/1887 609/1889
f 549/1894 496/1892 772/1896
f 549/1894 772/1896 681/1897
f 496/1892 638/1893 706/1898
f 496/1892 706/1898 772/1896
f 706/1898 638/1893 777/1899
f 777/1899 638/1893 675/1895
f 772/1896 706/1898 850/1900
f 850/1900 706/1898 777/1899
f 772/1896 850/1900 868/1901
f 868/1901 850/1900 892/1902
f 850/1900 777/1899 786/1903
f 786/1903 777/1899 675/1895
f 892/1902 850/1900 809/1904
f 809/1904 850/1900 786/1903
f 892/1902 809/1904 843/1905
f 786/1903 675/1895 736/1906
f 786/1903 736/1906 809/1904
f 843/1905 809/1904 784/1907
f 843/1905 784/1907 761/1908
f 784/1907 809/1904 774/1909
f 784/1907 774/1909 720/1910
f 809/1904 736/1906 753/1911
f 809/1904 753/1911 774/1909
f 720/1910 774/1909 712/1912
f 712/1912 774/1909 753/1911
f 720/1910 712/1912 647/1913
f 753/1911 736/1906 692/1914
f 753/1911 692/1914 712/1912
f 692/1914 736/1906 675/1895
f 712/1912 692/1914 659/1915
f 692/1914 675/1895 609/1889
f 692/1914 609/1889 659/1915
f 1973/1916 2132/1917 2054/1918
f 2054/1918 2132/1917 2223/1919
f 2223/1919 2132/1917 2196/1920
f 2054/1918 2223/1919 2194/1921
f 2054/1918 2194/1921 1957/1922
f 2194/1921 2223/1919 2281/1923
f 2194/1921 2281/1923 2240/1924
f 2223/1919 2196/1920 2249/1925
f 2223/1919 2249/1925 2281/1923
f 2240/1924 2281/1923 2270/1926
f 2240/1924 2270/1926 2219/1927
f 2219/1927 2270/1926 2202/1928
f 2270/1926 2281/1923 2288/1929
f 2288/1929 2281/1923 2249/1925
f 2202/1928 2270/1926 2220/1930
f 2220/1930 2270/1926 2288/1929
f 2202/1928 2220/1930 2134/1931
f 2220/1930 2288/1929 2245/1932
f 2245/1932 2288/1929 2249/1925
f 2134/1931 2220/1930 2109/1933
f 2109/1933 2220/1930 2245/1932
f 2134/1931 2109/1933 2059/1934
f 2134/1931 2059/1934 2115/1935
f 2059/1934 2109/1933 1929/1936
f 2109/1933 2245/1932 2076/1937
f 2109/1933 2076/1937 1929/1936
f 2245/1932 2249/1925 2221/1938
f 2245/1932 2221/1938 2076/1937
f 1929/1936 2076/1937 1890/1939
f 1929/1936 1890/1939 1760/1940
f 1760/1940 1890/1939 1547/1941
f 1890/1939 2076/1937 2090/1942
f 2090/1942 2076/1937 2221/1938
f 1890/1939 2090/1942 1997/1943
f 1890/1939 1997/1943 1782/1944
f 1782/1944 1997/1943 1898/1945
f 2090/1942 2221/1938 2216/1946
f 2216/1946 2221/1938 2249/1925
f 1997/1943 2090/1942 2251/1947
f 2251/1947 2090/1942 2216/1946
f 2192/1948 2082/1949 1997/1943
f 2192/1948 1997/1943 2251/1947
f 2192/1948 2251/1947 2244/1950
f 2216/1946 2249/1925 2226/1951
f 2226/1951 2249/1925 2196/1920
f 2226/1951 2196/1920 2204/1952
f 2226/1951 2204/1952 2274/1953
f 2226/1951 2274/1953 2216/1946
f 2216/1946 2274/1953 2251/1947
f 2244/1950 2251/1947 2311/1954
f 2311/1954 2251/1947 2274/1953
f 2244/1950 2311/1954 2297/1955
f 2311/1954 2274/1953 2325/1956
f 2311/1954 2325/1956 2297/1955
f 2297/1955 2325/1956 2299/1957
f 807/1958 696/1959 652/1960
f 652/1960 696/1959 556/1961
f 807/1958 652/1960 749/1962
f 807/1958 749/1962 781/1963
f 749/1962 652/1960 484/1964
f 484/1964 652/1960 443/1965
f 443/1965 652/1960 556/1961
f 443/1965 556/1961 446/1966
f 443/1965 446/1966 309/1967
f 443/1965 309/1967 118/1968
f 309/1967 446/1966 366/1969
f 366/1969 446/1966 384/1970
f 118/1968 309/1967 235/1971
f 235/1971 309/1967 366/1969
f 118/1968 235/1971 1135/1972
f 118/1968 1135/1972 1221/1973
f 1221/1973 1135/1972 1439/1974
f 1221/1973 1439/1974 1516/1975
f 1439/1974 1135/1972 1364/1976
f 235/1971 366/1969 289/1977
f 289/1977 366/1969 416/1978
f 1135/1972 235/1971 46/1979
f 46/1979 235/1971 289/1977
f 1135/1972 46/1979 1364/1976
f 289/1977 416/1978 505/1980
f 1364/1976 46/1979 1203/1981
f 1364/1976 1203/1981 1620/1982
f 46/1979 289/1977 297/1983
f 46/1979 297/1983 1203/1981
f 297/1983 289/1977 505/1980
f 1620/1982 1203/1981 1448/1984
f 505/1980 416/1978 575/1985
f 1448/1984 1203/1981 82/1986
f 1203/1981 297/1983 359/1987
f 359/1987 297/1983 505/1980
f 1203/1981 359/1987 82/1986
f 505/1980 575/1985 602/1988
f 505/1980 602/1988 359/1987
f 602/1988 575/1985 622/1989
f 359/1987 602/1988 533/1990
f 602/1988 622/1989 618/1991
f 602/1988 618/1991 533/1990
f 618/1991 622/1989 641/1992
f 618/1991 641/1992 674/1993
f 299/1994 82/1986 359/1987
f 299/1994 359/1987 533/1990
f 82/1986 299/1994 264/1995
f 264/1995 299/1994 533/1990
f 1471/1996 1448/1984 82/1986
f 618/1991 674/1993 573/1997
f 618/1991 573/1997 533/1990
f 573/1997 674/1993 725/1998
f 533/1990 573/1997 327/1999
f 533/1990 327/1999 264/1995
f 725/1998 674/1993 848/2000
f 996/2001 848/2000 994/2002
f 848/2000 996/2001 911/2003
f 848/2000 911/2003 725/1998
f 573/1997 725/1998 519/2004
f 573/1997 519/2004 327/1999
f 725/1998 911/2003 702/2005
f 725/1998 702/2005 519/2004
f 702/2005 911/2003 711/2006
f 711/2006 911/2003 946/2007
f 519/2004 702/2005 270/2008
f 519/2004 270/2008 327/1999
f 702/2005 711/2006 456/2009
f 702/2005 456/2009 270/2008
f 456/2009 711/2006 597/2010
f 597/2010 711/2006 788/2011
f 597/2010 788/2011 672/2012
f 597/2010 672/2012 592/2013
f 456/2009 597/2010 330/2014
f 456/2009 330/2014 270/2008
f 597/2010 592/2013 474/2015
f 597/2010 474/2015 330/2014
f 474/2015 592/2013 483/2016
f 474/2015 483/2016 413/2017
f 330/2014 474/2015 287/2018
f 287/2018 474/2015 413/2017
f 287/2018 413/2017 319/2019
f 319/2019 413/2017 440/2020
f 287/2018 319/2019 1154/2021
f 1154/2021 319/2019 7/2022
f 1154/2021 7/2022 1462/2023
f 330/2014 287/2018 74/2024
f 74/2024 287/2018 1154/2021
f 330/2014 74/2024 55/2025
f 330/2014 55/2025 270/2008
f 74/2024 1154/2021 1422/2026
f 1154/2021 1462/2023 1579/2027
f 1154/2021 1579/2027 1422/2026
f 1579/2027 1462/2023 1667/2028
f 270/2008 55/2025 25/2029
f 74/2024 1422/2026 1473/2030
f 74/2024 1473/2030 55/2025
f 1422/2026 1579/2027 1598/2031
f 1422/2026 1598/2031 1473/2030
f 1579/2027 1667/2028 1754/2032
f 1579/2027 1754/2032 1598/2031
f 1754/2032 1667/2028 1833/2033
f 1754/2032 1833/2033 1959/2034
f 1598/2031 1754/2032 1801/2035
f 1801/2035 1754/2032 1959/2034
f 1473/2030 1598/2031 1733/2036
f 1733/2036 1598/2031 1801/2035
f 1347/2037 55/2025 1473/2030
f 55/2025 1347/2037 25/2029
f 1473/2030 1733/2036 1640/2038
f 1473/2030 1640/2038 1347/2037
f 1733/2036 1801/2035 1902/2039
f 1640/2038 1733/2036 1780/2040
f 1780/2040 1733/2036 1902/2039
f 1902/2039 1801/2035 1934/2041
f 1934/2041 1801/2035 1959/2034
f 1347/2037 1640/2038 1613/2042
f 1613/2042 1640/2038 1780/2040
f 1347/2037 1613/2042 1486/2043
f 1347/2037 1486/2043 25/2029
f 1486/2043 1613/2042 1675/2044
f 1675/2044 1613/2042 1780/2040
f 1934/2041 1959/2034 2145/2045
f 2145/2045 1959/2034 2160/2046
f 1934/2041 2145/2045 2121/2047
f 1934/2041 2121/2047 1902/2039
f 2145/2045 2160/2046 2246/2048
f 2145/2045 2246/2048 2121/2047
f 2246/2048 2160/2046 2243/2049
f 2246/2048 2243/2049 2268/2050
f 1902/2039 2121/2047 2011/2051
f 1902/2039 2011/2051 1780/2040
f 2121/2047 2246/2048 2128/2052
f 2121/2047 2128/2052 2011/2051
f 2246/2048 2268/2050 2217/2053
f 2246/2048 2217/2053 2128/2052
f 2217/2053 2268/2050 2277/2054
f 2217/2053 2277/2054 2175/2055
f 2217/2053 2175/2055 2128/2052
f 2175/2055 2277/2054 2236/2056
f 2128/2052 2175/2055 2045/2057
f 1938/2058 2011/2051 2128/2052
f 1938/2058 2128/2052 2045/2057
f 2011/2051 1938/2058 1780/2040
f 1938/2058 2045/2057 1830/2059
f 1938/2058 1830/2059 1780/2040
f 1780/2040 1830/2059 1675/2044
f 1675/2044 1830/2059 1895/2060
f 1675/2044 1895/2060 1716/2061
f 1716/2061 1895/2060 1823/2062
f 1716/2061 1823/2062 1471/1996
f 1675/2044 1716/2061 1509/2063
f 1509/2063 1716/2061 1471/1996
f 1675/2044 1509/2063 1486/2043
f 1509/2063 1471/1996 1275/2064
f 1275/2064 1471/1996 82/1986
f 1275/2064 82/1986 264/1995
f 1509/2063 1275/2064 1254/2065
f 1509/2063 1254/2065 1486/2043
f 1254/2065 1275/2064 264/1995
f 1486/2043 1254/2065 25/2029
f 1254/2065 264/1995 115/2066
f 1254/2065 115/2066 25/2029
f 115/2066 264/1995 327/1999
f 115/2066 327/1999 25/2029
f 25/2029 327/1999 270/2008
f 1348/2067 1241/2068 1291/2069
f 1291/2069 1241/2068 1123/2070
f 1475/2071 1483/2072 1348/2067
f 1348/2067 1291/2069 1344/2073
f 1348/2067 1344/2073 1475/2071
f 1291/2069 1123/2070 4/2074
f 1291/2069 4/2074 1242/2075
f 1291/2069 1242/2075 1344/2073
f 4/2074 1123/2070 75/2076
f 1475/2071 1344/2073 1524/2077
f 1475/2071 1524/2077 1614/2078
f 1614/2078 1524/2077 1649/2079
f 1524/2077 1344/2073 1419/2080
f 1649/2079 1524/2077 1523/2081
f 1523/2081 1524/2077 1419/2080
f 1649/2079 1523/2081 1730/2082
f 1419/2080 1344/2073 1329/2083
f 1419/2080 1329/2083 1523/2081
f 1329/2083 1344/2073 1242/2075
f 1730/2082 1523/2081 1724/2084
f 1730/2082 1724/2084 1897/2085
f 1523/2081 1329/2083 1564/2086
f 1523/2081 1564/2086 1724/2084
f 1897/2085 1724/2084 1913/2087
f 1897/2085 1913/2087 2035/2088
f 1913/2087 1724/2084 1885/2089
f 1885/2089 1724/2084 1753/2090
f 1753/2090 1724/2084 1564/2086
f 1753/2090 1564/2086 1676/2091
f 1138/2092 1329/2083 1242/2075
f 1138/2092 1242/2075 4/2074
f 1238/2093 1564/2086 1329/2083
f 1238/2093 1329/2083 1138/2092
f 1676/2091 1564/2086 1530/2094
f 1676/2091 1530/2094 1580/2095
f 1564/2086 1238/2093 1198/2096
f 1580/2095 1530/2094 1568/2097
f 1580/2095 1568/2097 1627/2098
f 1530/2094 1564/2086 1371/2099
f 1371/2099 1564/2086 1198/2096
f 1568/2097 1530/2094 1427/2100
f 1427/2100 1530/2094 1371/2099
f 1427/2100 1371/2099 1247/2101
f 1247/2101 1371/2099 1198/2096
f 1568/2097 1427/2100 1507/2102
f 1507/2102 1427/2100 1247/2101
f 1643/2103 1627/2098 1568/2097
f 1643/2103 1568/2097 1507/2102
f 1627/2098 1643/2103 1652/2104
f 1627/2098 1652/2104 1562/2105
f 1652/2104 1643/2103 1705/2106
f 1562/2105 1652/2104 1597/2107
f 1597/2107 1652/2104 1705/2106
f 1562/2105 1597/2107 1426/2108
f 1705/2106 1643/2103 1573/2109
f 1573/2109 1643/2103 1507/2102
f 1705/2106 1573/2109 1597/2107
f 1597/2107 1573/2109 1436/2110
f 1436/2110 1573/2109 1507/2102
f 1597/2107 1436/2110 1426/2108
f 1436/2110 1507/2102 1317/2111
f 1436/2110 1317/2111 1426/2108
f 1317/2111 1507/2102 1247/2101
f 1426/2108 1317/2111 1296/2112
f 1426/2108 1296/2112 1390/2113
f 1426/2108 1390/2113 1387/2114
f 1296/2112 1317/2111 1193/2115
f 1193/2115 1317/2111 1247/2101
f 1296/2112 1193/2115 1243/2116
f 1296/2112 1243/2116 1390/2113
f 1193/2115 1247/2101 112/2117
f 1387/2114 1390/2113 1384/2118
f 1387/2114 1384/2118 1341/2119
f 1384/2118 1390/2113 1405/2120
f 112/2117 1247/2101 1198/2096
f 1384/2118 1405/2120 1230/2121
f 1384/2118 1230/2121 1252/2122
f 1405/2120 1390/2113 1184/2123
f 1184/2123 1390/2113 1243/2116
f 1405/2120 1184/2123 1230/2121
f 1252/2122 1230/2121 99/2124
f 64/2125 1243/2116 1193/2115
f 1243/2116 64/2125 1184/2123
f 64/2125 1193/2115 112/2117
f 174/2126 112/2117 1198/2096
f 174/2126 1198/2096 85/2127
f 85/2127 1198/2096 1238/2093
f 112/2117 174/2126 254/2128
f 254/2128 174/2126 85/2127
f 85/2127 1238/2093 1138/2092
f 64/2125 112/2117 191/2129
f 191/2129 112/2117 254/2128
f 64/2125 191/2129 148/2130
f 64/2125 148/2130 1184/2123
f 85/2127 1138/2092 184/2131
f 85/2127 184/2131 353/2132
f 85/2127 353/2132 254/2128
f 353/2132 184/2131 364/2133
f 254/2128 353/2132 394/2134
f 364/2133 184/2131 198/2135
f 198/2135 184/2131 1138/2092
f 254/2128 394/2134 358/2136
f 198/2135 1138/2092 75/2076
f 75/2076 1138/2092 4/2074
f 198/2135 75/2076 298/2137
f 298/2137 75/2076 67/2138
f 67/2138 75/2076 1123/2070
f 67/2138 1123/2070 10/2139
f 254/2128 358/2136 338/2140
f 338/2140 358/2136 478/2141
f 254/2128 338/2140 191/2129
f 338/2140 478/2141 361/2142
f 191/2129 338/2140 233/2143
f 233/2143 338/2140 361/2142
f 191/2129 233/2143 148/2130
f 233/2143 361/2142 308/2144
f 308/2144 361/2142 493/2145
f 148/2130 233/2143 95/2146
f 95/2146 233/2143 308/2144
f 148/2130 95/2146 145/2147
f 148/2130 145/2147 1184/2123
f 95/2146 308/2144 223/2148
f 95/2146 223/2148 145/2147
f 1184/2123 145/2147 13/2149
f 1184/2123 13/2149 1230/2121
f 145/2147 223/2148 36/2150
f 145/2147 36/2150 13/2149
f 223/2148 308/2144 357/2151
f 357/2151 308/2144 472/2152
f 1230/2121 13/2149 1148/2153
f 1148/2153 13/2149 36/2150
f 1230/2121 1148/2153 99/2124
f 223/2148 357/2151 161/2154
f 223/2148 161/2154 36/2150
f 71/2155 357/2151 99/2124
f 71/2155 99/2124 1148/2153
f 357/2151 71/2155 161/2154
f 1148/2153 36/2150 1136/2156
f 1148/2153 1136/2156 71/2155
f 1136/2156 36/2150 161/2154
f 1136/2156 161/2154 71/2155
f 2234/2157 2227/2158 2282/2159
f 2234/2157 2282/2159 2255/2160
f 2255/2160 2282/2159 2312/2161
f 2312/2161 2282/2159 2315/2162
f 2315/2162 2282/2159 2277/2163
f 2315/2162 2277/2163 2268/2164
f 2315/2162 2268/2164 2314/2165
f 2315/2162 2314/2165 2312/2161
f 2314/2165 2268/2164 2259/2166
f 2259/2166 2268/2164 2243/2167
f 2312/2161 2314/2165 2317/2168
f 2314/2165 2259/2166 2267/2169
f 2314/2165 2267/2169 2317/2168
f 2259/2166 2243/2167 2188/2170
f 2259/2166 2188/2170 2267/2169
f 2317/2168 2267/2169 2286/2171
f 2312/2161 2317/2168 2329/2172
f 2329/2172 2317/2168 2286/2171
f 2326/2173 2255/2160 2312/2161
f 2326/2173 2312/2161 2329/2172
f 2255/2160 2326/2173 2293/2174
f 2293/2174 2326/2173 2334/2175
f 2334/2175 2326/2173 2333/2176
f 2333/2176 2326/2173 2329/2172
f 2333/2176 2329/2172 2286/2171
f 2333/2176 2286/2171 2271/2177
f 2271/2177 2286/2171 2040/2178
f 2271/2177 2040/2178 1955/2179
f 2040/2178 2286/2171 1995/2180
f 1995/2180 2286/2171 2267/2169
f 2040/2178 1995/2180 1609/2181
f 2040/2178 1609/2181 1736/2182
f 1995/2180 2267/2169 1999/2183
f 1999/2183 2267/2169 2188/2170
f 1609/2181 1995/2180 1719/2184
f 1719/2184 1995/2180 1999/2183
f 1609/2181 1719/2184 1465/2185
f 1999/2183 2188/2170 1967/2186
f 1999/2183 1967/2186 1719/2184
f 1967/2186 2188/2170 2149/2187
f 2149/2187 2188/2170 2243/2167
f 1719/2184 1967/2186 1912/2188
f 1912/2188 1967/2186 2149/2187
f 1465/2185 1719/2184 1706/2189
f 1465/2185 1706/2189 1720/2190
f 1719/2184 1912/2188 1795/2191
f 1719/2184 1795/2191 1706/2189
f 1720/2190 1706/2189 1947/2192
f 1947/2192 1706/2189 1795/2191
f 1720/2190 1947/2192 1950/2193
f 1795/2191 1912/2188 1962/2194
f 1795/2191 1962/2194 1947/2192
f 1962/2194 1912/2188 2051/2195
f 2051/2195 1912/2188 2149/2187
f 1947/2192 1962/2194 2124/2196
f 1947/2192 2124/2196 1950/2193
f 1962/2194 2051/2195 2162/2197
f 1962/2194 2162/2197 2124/2196
f 1950/2193 2124/2196 2167/2198
f 2167/2198 2124/2196 2162/2197
f 1950/2193 2167/2198 2022/2199
f 2022/2199 2167/2198 2075/2200
f 2075/2200 2167/2198 2114/2201
f 2114/2201 2167/2198 2162/2197
f 2114/2201 2162/2197 2065/2202
f 2114/2201 2065/2202 1932/2203
f 2136/2204 2162/2197 2051/2195
f 2162/2197 2136/2204 2065/2202
f 2136/2204 2051/2195 2123/2205
f 2123/2205 2051/2195 2149/2187
f 2123/2205 2149/2187 2243/2167
f 2123/2205 2243/2167 2160/2206
f 2123/2205 2160/2206 2066/2207
f 2123/2205 2066/2207 2136/2204
f 2066/2207 2160/2206 1959/2208
f 2136/2204 2066/2207 1975/2209
f 1975/2209 2066/2207 1959/2208
f 2136/2204 1975/2209 2065/2202
f 1975/2209 1959/2208 1833/2210
f 2065/2202 1975/2209 1809/2211
f 1809/2211 1975/2209 1833/2210
f 2065/2202 1809/2211 1932/2203
f 1809/2211 1833/2210 1667/2212
f 1932/2203 1809/2211 1758/2213
f 1809/2211 1667/2212 1545/2214
f 1545/2214 1667/2212 1462/2215
f 1758/2213 1809/2211 1578/2216
f 1578/2216 1809/2211 1545/2214
f 1758/2213 1578/2216 1633/2217
f 1758/2213 1633/2217 1514/2218
f 1514/2218 1633/2217 1391/2219
f 1391/2219 1633/2217 1343/2220
f 1545/2214 1462/2215 1211/2221
f 1211/2221 1462/2215 7/2222
f 1545/2214 1211/2221 1234/2223
f 1578/2216 1545/2214 1197/2224
f 1197/2224 1545/2214 1234/2223
f 1526/2225 1633/2217 1578/2216
f 1633/2217 1526/2225 1343/2220
f 1526/2225 1578/2216 1197/2224
f 1234/2223 1211/2221 58/2226
f 1234/2223 58/2226 1197/2224
f 1343/2220 1526/2225 1289/2227
f 1343/2220 1289/2227 18/2228
f 18/2228 1289/2227 22/2229
f 1289/2227 1526/2225 1190/2230
f 1190/2230 1526/2225 1197/2224
f 1289/2227 1190/2230 22/2229
f 1190/2230 1197/2224 119/2231
f 119/2231 1197/2224 58/2226
f 22/2229 1190/2230 124/2232
f 124/2232 1190/2230 119/2231
f 22/2229 124/2232 100/2233
f 124/2232 119/2231 212/2234
f 124/2232 212/2234 102/2235
f 212/2234 119/2231 123/2236
f 123/2236 119/2231 58/2226
f 102/2235 212/2234 185/2237
f 185/2237 212/2234 123/2236
f 102/2235 185/2237 27/2238
f 123/2236 58/2226 283/2239
f 123/2236 283/2239 185/2237
f 27/2238 185/2237 201/2240
f 201/2240 185/2237 283/2239
f 27/2238 201/2240 257/2241
f 283/2239 58/2226 225/2242
f 225/2242 58/2226 180/2243
f 180/2243 58/2226 1211/2221
f 283/2239 225/2242 378/2244
f 378/2244 225/2242 180/2243
f 180/2243 1211/2221 7/2222
f 257/2241 201/2240 433/2245
f 334/2246 201/2240 283/2239
f 334/2246 283/2239 378/2244
f 201/2240 334/2246 433/2245
f 257/2241 433/2245 607/2247
f 180/2243 7/2222 303/2248
f 303/2248 7/2222 319/2249
f 303/2248 319/2249 440/2250
f 180/2243 303/2248 448/2251
f 448/2251 303/2248 440/2250
f 180/2243 448/2251 378/2244
f 448/2251 440/2250 428/2252
f 448/2251 428/2252 378/2244
f 428/2252 440/2250 413/2253
f 428/2252 413/2253 483/2254
f 428/2252 483/2254 463/2255
f 463/2255 483/2254 592/2256
f 378/2244 428/2252 385/2257
f 385/2257 428/2252 463/2255
f 385/2257 463/2255 592/2256
f 378/2244 385/2257 334/2246
f 334/2246 385/2257 513/2258
f 513/2258 385/2257 592/2256
f 334/2246 513/2258 433/2245
f 513/2258 592/2256 678/2259
f 678/2259 592/2256 672/2260
f 433/2245 513/2258 598/2261
f 598/2261 513/2258 678/2259
f 433/2245 598/2261 607/2247
f 678/2259 672/2260 788/2262
f 598/2261 678/2259 812/2263
f 812/2263 678/2259 788/2262
f 598/2261 812/2263 760/2264
f 598/2261 760/2264 607/2247
f 607/2247 760/2264 815/2265
f 607/2247 815/2265 704/2266
f 760/2264 812/2263 917/2267
f 760/2264 917/2267 815/2265
f 812/2263 788/2262 915/2268
f 812/2263 915/2268 917/2267
f 815/2265 917/2267 940/2269
f 815/2265 940/2269 872/2270
f 872/2270 940/2269 982/2271
f 940/2269 917/2267 990/2272
f 990/2272 917/2267 915/2268
f 940/2269 990/2272 982/2271
f 946/2273 915/2268 788/2262
f 946/2273 788/2262 711/2274
f 990/2272 915/2268 975/2275
f 975/2275 915/2268 946/2273
f 982/2271 990/2272 1057/2276
f 982/2271 1057/2276 1054/2277
f 990/2272 975/2275 1051/2278
f 990/2272 1051/2278 1057/2276
f 1054/2277 1057/2276 1086/2279
f 1086/2279 1057/2276 1051/2278
f 1054/2277 1086/2279 1094/2280
f 1094/2280 1086/2279 1092/2281
f 1092/2281 1086/2279 1087/2282
f 1087/2282 1086/2279 1075/2283
f 1075/2283 1086/2279 1051/2278
f 1075/2283 1051/2278 1038/2284
f 1019/2285 1051/2278 975/2275
f 1051/2278 1019/2285 1038/2284
f 1019/2285 975/2275 946/2273
f 1038/2284 1019/2285 996/2286
f 996/2286 1019/2285 946/2273
f 996/2286 946/2273 911/2287
f 1859/2288 1920/2289 1735/2290
f 1735/2290 1920/2289 1832/2291
f 1735/2290 1832/2291 1722/2292
f 1832/2291 1920/2289 2070/2293
f 1722/2292 1832/2291 1711/2294
f 1722/2292 1711/2294 1645/2295
f 1711/2294 1832/2291 1773/2296
f 1832/2291 2070/2293 1922/2297
f 1832/2291 1922/2297 1773/2296
f 1922/2297 2070/2293 2047/2298
f 2047/2298 2070/2293 2170/2299
f 1773/2296 1922/2297 1775/2300
f 1773/2296 1775/2300 1679/2301
f 1773/2296 1679/2301 1519/2302
f 1519/2302 1679/2301 1501/2303
f 1519/2302 1501/2303 1341/2304
f 1341/2304 1501/2303 1387/2305
f 1387/2305 1501/2303 1426/2306
f 1426/2306 1501/2303 1562/2307
f 1562/2307 1501/2303 1700/2308
f 1562/2307 1700/2308 1627/2309
f 1501/2303 1679/2301 1680/2310
f 1501/2303 1680/2310 1700/2308
f 1680/2310 1679/2301 1783/2311
f 1783/2311 1679/2301 1775/2300
f 1783/2311 1775/2300 1680/2310
f 1680/2310 1775/2300 1700/2308
f 1627/2309 1700/2308 1707/2312
f 1627/2309 1707/2312 1580/2313
f 1580/2313 1707/2312 1676/2314
f 1707/2312 1700/2308 1797/2315
f 1700/2308 1775/2300 1802/2316
f 1700/2308 1802/2316 1797/2315
f 1802/2316 1775/2300 1894/2317
f 1894/2317 1775/2300 1922/2297
f 1797/2315 1802/2316 1881/2318
f 1881/2318 1802/2316 1894/2317
f 1894/2317 1922/2297 1986/2319
f 1797/2315 1881/2318 1841/2320
f 1797/2315 1841/2320 1707/2312
f 1881/2318 1894/2317 1943/2321
f 1881/2318 1943/2321 1841/2320
f 1943/2321 1894/2317 1986/2319
f 1986/2319 1922/2297 1952/2322
f 1986/2319 1952/2322 1943/2321
f 1952/2322 1922/2297 2047/2298
f 1707/2312 1841/2320 1793/2323
f 1707/2312 1793/2323 1676/2314
f 1841/2320 1943/2321 1870/2324
f 1841/2320 1870/2324 1793/2323
f 1943/2321 1952/2322 1968/2325
f 1943/2321 1968/2325 1870/2324
f 1968/2325 1952/2322 2047/2298
f 1676/2314 1793/2323 1883/2326
f 1883/2326 1793/2323 1870/2324
f 1676/2314 1883/2326 1753/2327
f 1753/2327 1883/2326 1885/2328
f 1883/2326 1870/2324 1991/2329
f 1991/2329 1870/2324 1968/2325
f 1885/2328 1883/2326 2030/2330
f 2030/2330 1883/2326 1991/2329
f 1885/2328 2030/2330 2001/2331
f 1991/2329 1968/2325 2074/2332
f 2074/2332 1968/2325 2047/2298
f 2030/2330 1991/2329 2105/2333
f 2105/2333 1991/2329 2074/2332
f 2074/2332 2047/2298 2147/2334
f 2074/2332 2147/2334 2105/2333
f 2147/2334 2047/2298 2055/2335
f 2147/2334 2055/2335 2105/2333
f 2105/2333 2055/2335 2030/2330
f 2030/2330 2055/2335 2001/2331
f 2055/2335 2047/2298 2170/2299
f 1979/2336 1885/2328 2001/2331
f 1979/2336 2001/2331 2055/2335
f 1979/2336 2055/2335 2170/2299
f 1885/2328 1979/2336 1913/2337
f 1979/2336 2170/2299 2140/2338
f 1979/2336 2140/2338 1913/2337
f 2341/2339 2344/2340 2340/2341
f 2340/2341 2344/2340 2336/2342
f 2341/2339 2340/2341 2310/2343
f 2293/2344 2334/2345 2336/2342
f 2340/2341 2336/2342 2332/2346
f 2332/2346 2336/2342 2334/2345
f 2310/2343 2340/2341 2328/2347
f 2328/2347 2340/2341 2332/2346
f 2332/2346 2334/2345 2304/2348
f 2304/2348 2334/2345 2333/2349
f 2304/2348 2333/2349 2271/2350
f 2332/2346 2304/2348 2291/2351
f 2332/2346 2291/2351 2328/2347
f 2304/2348 2271/2350 2159/2352
f 2310/2343 2328/2347 2280/2353
f 2310/2343 2280/2353 2299/2354
f 2299/2354 2280/2353 2297/2355
f 2297/2355 2280/2353 2244/2356
f 2291/2351 2304/2348 2164/2357
f 2164/2357 2304/2348 2159/2352
f 2279/2358 2328/2347 2291/2351
f 2279/2358 2291/2351 2164/2357
f 2210/2359 2280/2353 2328/2347
f 2210/2359 2328/2347 2279/2358
f 2280/2353 2210/2359 2244/2356
f 1955/2360 2159/2352 2271/2350
f 2279/2358 2164/2357 2087/2361
f 2279/2358 2087/2361 2210/2359
f 2244/2356 2210/2359 2082/2362
f 2082/2362 2210/2359 2087/2361
f 2244/2356 2082/2362 2192/2363
f 2007/2364 2164/2357 2159/2352
f 2164/2357 2007/2364 2087/2361
f 2082/2362 2087/2361 1876/2365
f 1876/2365 2087/2361 2007/2364
f 1997/2366 2082/2362 1898/2367
f 1898/2367 2082/2362 1876/2365
f 2007/2364 2159/2352 1896/2368
f 1896/2368 2159/2352 1955/2360
f 1876/2365 2007/2364 1794/2369
f 1794/2369 2007/2364 1896/2368
f 1876/2365 1794/2369 1451/2370
f 1794/2369 1896/2368 1476/2371
f 1794/2369 1476/2371 1451/2370
f 1896/2368 1955/2360 1671/2372
f 1896/2368 1671/2372 1476/2371
f 1671/2372 1955/2360 1736/2373
f 1736/2373 1955/2360 2040/2374
f 1671/2372 1736/2373 1466/2375
f 1466/2375 1736/2373 1609/2376
f 1476/2371 1671/2372 1177/2377
f 1177/2377 1671/2372 1466/2375
f 1466/2375 1609/2376 1443/2378
f 1443/2378 1609/2376 1525/2379
f 1525/2379 1609/2376 1465/2380
f 1466/2375 1443/2378 1297/2381
f 1297/2381 1443/2378 1224/2382
f 1466/2375 1297/2381 57/2383
f 1466/2375 57/2383 1177/2377
f 57/2383 1297/2381 27/2384
f 57/2383 27/2384 257/2385
f 57/2383 257/2385 317/2386
f 317/2386 257/2385 607/2387
f 1177/2377 57/2383 178/2388
f 1177/2377 178/2388 1476/2371
f 57/2383 317/2386 351/2389
f 57/2383 351/2389 178/2388
f 351/2389 317/2386 587/2390
f 351/2389 587/2390 632/2391
f 1476/2371 178/2388 175/2392
f 178/2388 351/2389 371/2393
f 371/2393 351/2389 632/2391
f 178/2388 371/2393 175/2392
f 371/2393 632/2391 691/2394
f 371/2393 691/2394 454/2395
f 371/2393 454/2395 175/2392
f 454/2395 691/2394 695/2396
f 1476/2371 175/2392 1451/2370
f 454/2395 695/2396 582/2397
f 175/2392 454/2395 295/2398
f 295/2398 454/2395 582/2397
f 175/2392 295/2398 50/2399
f 175/2392 50/2399 1451/2370
f 295/2398 582/2397 332/2400
f 295/2398 332/2400 50/2399
f 748/2401 631/2402 582/2397
f 582/2397 631/2402 332/2400
f 332/2400 631/2402 515/2403
f 515/2403 631/2402 608/2404
f 332/2400 515/2403 220/2405
f 50/2399 332/2400 1237/2406
f 1237/2406 332/2400 220/2405
f 50/2399 1237/2406 1451/2370
f 1237/2406 220/2405 1303/2407
f 1303/2407 220/2405 9/2408
f 1451/2370 1237/2406 1619/2409
f 1619/2409 1237/2406 1303/2407
f 1451/2370 1619/2409 1876/2365
f 1876/2365 1619/2409 1898/2367
f 1619/2409 1303/2407 1655/2410
f 1619/2409 1655/2410 1898/2367
f 1655/2410 1303/2407 1504/2411
f 1898/2367 1655/2410 1782/2412
f 1487/2413 1315/2414 1557/2415
f 1500/2416 1712/2417 1557/2415
f 1814/2418 1901/2419 1712/2417
f 1557/2415 1712/2417 1857/2420
f 1857/2420 1712/2417 1901/2419
f 1487/2413 1557/2415 1658/2421
f 1658/2421 1557/2415 1857/2420
f 1487/2413 1658/2421 1551/2422
f 1857/2420 1901/2419 2021/2423
f 2021/2423 1901/2419 2029/2424
f 2021/2423 2029/2424 2142/2425
f 1658/2421 1857/2420 1683/2426
f 1658/2421 1683/2426 1551/2422
f 1857/2420 2021/2423 2064/2427
f 1683/2426 1857/2420 1882/2428
f 1882/2428 1857/2420 2064/2427
f 2064/2427 2021/2423 2152/2429
f 2152/2429 2021/2423 2142/2425
f 2064/2427 2152/2429 2205/2430
f 2064/2427 2205/2430 1882/2428
f 1882/2428 2205/2430 2206/2431
f 1683/2426 1882/2428 1678/2432
f 1683/2426 1678/2432 1551/2422
f 1678/2432 1882/2428 1740/2433
f 1740/2433 1882/2428 1928/2434
f 1678/2432 1740/2433 1586/2435
f 1678/2432 1586/2435 1441/2436
f 1678/2432 1441/2436 1551/2422
f 2248/2437 2290/2438 2205/2430
f 84/2439 1441/2436 1380/2440
f 2248/2437 2205/2430 2211/2441
f 2211/2441 2205/2430 2152/2429
f 2248/2437 2211/2441 2218/2442
f 2248/2437 2218/2442 2273/2443
f 2273/2443 2218/2442 2186/2444
f 2211/2441 2152/2429 2195/2445
f 2211/2441 2195/2445 2218/2442
f 2195/2445 2152/2429 2142/2425
f 2186/2444 2218/2442 2153/2446
f 2153/2446 2218/2442 2195/2445
f 2195/2445 2142/2425 2158/2447
f 2158/2447 2142/2425 2126/2448
f 2195/2445 2158/2447 2153/2446
f 2153/2446 2158/2447 2091/2449
f 2091/2449 2158/2447 2010/2450
f 2091/2449 2010/2450 1970/2451
f 2091/2449 1970/2451 2153/2446
f 2019/2452 2186/2444 2153/2446
f 2019/2452 2153/2446 1970/2451
f 2186/2444 2019/2452 1891/2453
f 2019/2452 1970/2451 1874/2454
f 2019/2452 1874/2454 1891/2453
f 1874/2454 1970/2451 1822/2455
f 1822/2455 1970/2451 1806/2456
f 1822/2455 1806/2456 1593/2457
f 1874/2454 1822/2455 1697/2458
f 1874/2454 1697/2458 1891/2453
f 1697/2458 1822/2455 1593/2457
f 1891/2453 1697/2458 1569/2459
f 1697/2458 1593/2457 1552/2460
f 1552/2460 1593/2457 1301/2461
f 1569/2459 1697/2458 1379/2462
f 1379/2462 1697/2458 1552/2460
f 1379/2462 1552/2460 1301/2461
f 1569/2459 1379/2462 1396/2463
f 1396/2463 1379/2462 1147/2464
f 1379/2462 1301/2461 136/2465
f 136/2465 1301/2461 159/2466
f 136/2465 159/2466 514/2467
f 1379/2462 136/2465 131/2468
f 131/2468 136/2465 514/2467
f 1379/2462 131/2468 1147/2464
f 131/2468 514/2467 411/2469
f 131/2468 411/2469 1147/2464
f 1147/2464 411/2469 273/2470
f 273/2470 411/2469 430/2471
f 685/2472 484/2473 554/2474
f 554/2474 484/2473 311/2475
f 484/2473 685/2472 749/2476
f 749/2476 685/2472 781/2477
f 311/2475 484/2473 118/2478
f 311/2475 118/2478 92/2479
f 118/2478 484/2473 443/2480
f 781/2477 685/2472 771/2481
f 781/2477 771/2481 863/2482
f 781/2477 863/2482 807/2483
f 28/2484 29/2485 1487/2413
f 29/2485 28/2484 360/2486
f 28/2484 1487/2413 1368/2487
f 1368/2487 1487/2413 1551/2422
f 360/2486 28/2484 260/2488
f 260/2488 28/2484 1368/2487
f 1368/2487 1551/2422 26/2489
f 1368/2487 26/2489 260/2488
f 26/2489 1551/2422 1441/2436
f 26/2489 1441/2436 84/2439
f 26/2489 84/2439 343/2490
f 26/2489 343/2490 260/2488
f 343/2490 84/2439 193/2491
f 343/2490 193/2491 301/2492
f 552/2493 360/2486 260/2488
f 552/2493 260/2488 343/2490
f 360/2486 552/2493 609/2494
f 609/2494 552/2493 659/2495
f 552/2493 343/2490 541/2496
f 552/2493 541/2496 659/2495
f 541/2496 343/2490 301/2492
f 659/2495 541/2496 613/2497
f 613/2497 541/2496 301/2492
f 659/2495 613/2497 712/2498
f 613/2497 301/2492 430/2499
f 712/2498 613/2497 647/2500
f 613/2497 430/2499 570/2501
f 613/2497 570/2501 647/2500
f 570/2501 430/2499 411/2502
f 647/2500 570/2501 514/2503
f 514/2503 570/2501 411/2502
f 1454/2504 1576/2505 1506/2506
f 1576/2505 1454/2504 1559/2507
f 1516/2508 1454/2504 1221/2509
f 118/2510 1221/2509 92/2511
f 1221/2509 1454/2504 1210/2512
f 1221/2509 1210/2512 92/2511
f 1454/2504 1506/2506 1424/2513
f 1424/2513 1506/2506 1468/2514
f 1454/2504 1424/2513 1325/2515
f 1454/2504 1325/2515 1210/2512
f 1424/2513 1468/2514 1399/2516
f 1424/2513 1399/2516 1325/2515
f 1468/2514 1506/2506 1469/2517
f 1468/2514 1469/2517 1399/2516
f 1325/2515 1399/2516 1285/2518
f 1325/2515 1285/2518 1210/2512
f 1285/2518 1399/2516 1469/2517
f 79/2519 92/2511 1210/2512
f 92/2511 79/2519 311/2520
f 1210/2512 1285/2518 1261/2521
f 1210/2512 1261/2521 79/2519
f 1285/2518 1469/2517 1519/2522
f 1285/2518 1519/2522 1261/2521
f 1584/2523 1469/2517 1506/2506
f 1469/2517 1584/2523 1519/2522
f 1584/2523 1506/2506 1637/2524
f 1584/2523 1637/2524 1711/2525
f 1584/2523 1711/2525 1773/2526
f 1584/2523 1773/2526 1519/2522
f 1261/2521 1519/2522 1341/2527
f 63/2528 79/2519 1261/2521
f 79/2519 63/2528 311/2520
f 1261/2521 1341/2527 1270/2529
f 1261/2521 1270/2529 63/2528
f 1270/2529 1341/2527 1252/2530
f 1252/2530 1341/2527 1384/2531
f 63/2528 1270/2529 65/2532
f 65/2532 1270/2529 1252/2530
f 63/2528 65/2532 311/2520
f 65/2532 1252/2530 99/2533
f 311/2520 65/2532 219/2534
f 219/2534 65/2532 99/2533
f 219/2534 99/2533 373/2535
f 1688/2536 1586/2537 1740/2538
f 1586/2537 1688/2536 1492/2539
f 1688/2536 1740/2538 1826/2540
f 1826/2540 1740/2538 1928/2541
f 1492/2539 1688/2536 1605/2542
f 1605/2542 1688/2536 1826/2540
f 1492/2539 1605/2542 1472/2543
f 1492/2539 1472/2543 1319/2544
f 1472/2543 1605/2542 1590/2545
f 1319/2544 1472/2543 1369/2546
f 1369/2546 1472/2543 1590/2545
f 1319/2544 1369/2546 1248/2547
f 1248/2547 1369/2546 1204/2548
f 1605/2542 1826/2540 1778/2549
f 1605/2542 1778/2549 1590/2545
f 1204/2548 1369/2546 1389/2550
f 1389/2550 1369/2546 1590/2545
f 1389/2550 1590/2545 1608/2551
f 1204/2548 1389/2550 1532/2552
f 1590/2545 1778/2549 1799/2553
f 1590/2545 1799/2553 1608/2551
f 1389/2550 1608/2551 1744/2554
f 1744/2554 1608/2551 1799/2553
f 1389/2550 1744/2554 1532/2552
f 1204/2548 1532/2552 1246/2555
f 1799/2553 1778/2549 1988/2556
f 1988/2556 1778/2549 1826/2540
f 1744/2554 1799/2553 2009/2557
f 2009/2557 1799/2553 1988/2556
f 1532/2552 1744/2554 1844/2558
f 1988/2556 1826/2540 2122/2559
f 2122/2559 1826/2540 1928/2541
f 2009/2557 1988/2556 2125/2560
f 2125/2560 1988/2556 2122/2559
f 1744/2554 2009/2557 2017/2561
f 1744/2554 2017/2561 1844/2558
f 2009/2557 2125/2560 2127/2562
f 2009/2557 2127/2562 2017/2561
f 2125/2560 2122/2559 2242/2563
f 2125/2560 2242/2563 2127/2562
f 2206/2564 2122/2559 1928/2541
f 2206/2564 1928/2541 1882/2565
f 2122/2559 2206/2564 2242/2563
f 2017/2561 2127/2562 2067/2566
f 2067/2566 2127/2562 2242/2563
f 1987/2567 1844/2558 2017/2561
f 2205/2568 2290/2569 2206/2564
f 2206/2564 2290/2569 2242/2563
f 2248/2570 2273/2571 2290/2569
f 2290/2569 2273/2571 2284/2572
f 2290/2569 2284/2572 2242/2563
f 2242/2563 2284/2572 2233/2573
f 2242/2563 2233/2573 2111/2574
f 2242/2563 2111/2574 2067/2566
f 2099/2575 2017/2561 2067/2566
f 2017/2561 2099/2575 1987/2567
f 2099/2575 2067/2566 2063/2576
f 1987/2567 2099/2575 2020/2577
f 2099/2575 2063/2576 2106/2578
f 2099/2575 2106/2578 2020/2577
f 2063/2576 2067/2566 1931/2579
f 1931/2579 2067/2566 1936/2580
f 1931/2579 1936/2580 1681/2581
f 1931/2579 1681/2581 1587/2582
f 1931/2579 1587/2582 1777/2583
f 1777/2583 1587/2582 1356/2584
f 1931/2579 1777/2583 1829/2585
f 1829/2585 1777/2583 1356/2584
f 1931/2579 1829/2585 2063/2576
f 2012/2586 2106/2578 2063/2576
f 2012/2586 2063/2576 1829/2585
f 2106/2578 2012/2586 2020/2577
f 1829/2585 1356/2584 1550/2587
f 1550/2587 1356/2584 215/2588
f 2012/2586 1829/2585 1867/2589
f 1867/2589 1829/2585 1550/2587
f 1550/2587 215/2588 54/2590
f 2012/2586 1867/2589 1948/2591
f 2012/2586 1948/2591 2020/2577
f 1867/2589 1550/2587 1792/2592
f 1867/2589 1792/2592 1948/2591
f 1792/2592 1550/2587 54/2590
f 2020/2577 1948/2591 1868/2593
f 1868/2593 1948/2591 1792/2592
f 2020/2577 1868/2593 1900/2594
f 2020/2577 1900/2594 1987/2567
f 1868/2593 1792/2592 1696/2595
f 1696/2595 1792/2592 54/2590
f 1900/2594 1868/2593 1659/2596
f 1659/2596 1868/2593 1696/2595
f 1987/2567 1900/2594 1708/2597
f 1708/2597 1900/2594 1659/2596
f 1987/2567 1708/2597 1844/2558
f 1844/2558 1708/2597 1532/2552
f 1532/2552 1708/2597 1246/2555
f 1246/2555 1708/2597 1659/2596
f 1659/2596 1696/2595 1223/2598
f 1659/2596 1223/2598 1246/2555
f 1223/2598 1696/2595 54/2590
f 1246/2555 1223/2598 341/2599
f 341/2599 1223/2598 54/2590
f 341/2599 54/2590 591/2600
f 1380/2601 1441/2602 1586/2603
f 1380/2601 1586/2603 1492/2604
f 1380/2601 1492/2604 1319/2605
f 1380/2601 1319/2605 1150/2606
f 1380/2601 1150/2606 84/2607
f 84/2607 1150/2606 193/2608
f 1150/2606 1319/2605 1143/2609
f 1150/2606 1143/2609 193/2608
f 1143/2609 1319/2605 1281/2610
f 193/2608 1143/2609 114/2611
f 114/2611 1143/2609 1281/2610
f 193/2608 114/2611 301/2612
f 1281/2610 1319/2605 1248/2613
f 301/2612 114/2611 141/2614
f 301/2612 141/2614 88/2615
f 301/2612 88/2615 430/2616
f 141/2614 114/2611 1222/2617
f 141/2614 1222/2617 88/2615
f 114/2611 1281/2610 1212/2618
f 114/2611 1212/2618 1222/2617
f 430/2616 88/2615 98/2619
f 430/2616 98/2619 273/2620
f 273/2620 98/2619 1147/2621
f 98/2619 88/2615 1287/2622
f 98/2619 1287/2622 1147/2621
f 1287/2622 88/2615 1222/2617
f 1147/2621 1287/2622 1508/2623
f 1147/2621 1508/2623 1396/2624
f 1396/2624 1508/2623 1569/2625
f 1287/2622 1222/2617 1429/2626
f 1429/2626 1222/2617 1212/2618
f 1508/2623 1287/2622 1548/2627
f 1548/2627 1287/2622 1429/2626
f 1569/2625 1508/2623 1650/2628
f 1650/2628 1508/2623 1548/2627
f 1569/2625 1650/2628 1715/2629
f 1569/2625 1715/2629 1891/2630
f 1650/2628 1548/2627 1704/2631
f 1891/2630 1715/2629 1939/2632
f 1891/2630 1939/2632 2186/2633
f 1715/2629 1650/2628 1816/2634
f 1816/2634 1650/2628 1704/2631
f 1939/2632 1715/2629 1946/2635
f 1946/2635 1715/2629 1816/2634
f 2186/2633 1939/2632 2214/2636
f 2214/2636 1939/2632 1946/2635
f 2186/2633 2214/2636 2284/2637
f 2186/2633 2284/2637 2273/2638
f 2284/2637 2214/2636 2233/2639
f 2233/2639 2214/2636 1946/2635
f 2233/2639 1946/2635 2004/2640
f 2004/2640 1946/2635 1816/2634
f 2233/2639 2004/2640 2111/2641
f 2111/2641 2004/2640 1936/2642
f 2111/2641 1936/2642 2067/2643
f 2004/2640 1816/2634 1821/2644
f 1821/2644 1816/2634 1704/2631
f 1936/2642 2004/2640 1812/2645
f 1812/2645 2004/2640 1821/2644
f 1936/2642 1812/2645 1681/2646
f 1821/2644 1704/2631 1663/2647
f 1821/2644 1663/2647 1812/2645
f 1663/2647 1704/2631 1548/2627
f 1812/2645 1663/2647 1602/2648
f 1812/2645 1602/2648 1681/2646
f 1663/2647 1548/2627 1372/2649
f 1372/2649 1548/2627 1429/2626
f 1602/2648 1663/2647 1520/2650
f 1520/2650 1663/2647 1372/2649
f 1681/2646 1602/2648 1383/2651
f 1383/2651 1602/2648 1520/2650
f 1383/2651 1520/2650 1132/2652
f 1132/2652 1520/2650 1372/2649
f 1681/2646 1383/2651 1161/2653
f 1161/2653 1383/2651 1132/2652
f 1273/2654 1372/2649 1429/2626
f 1273/2654 1429/2626 1212/2618
f 1132/2652 1372/2649 1131/2655
f 1131/2655 1372/2649 1273/2654
f 1273/2654 1212/2618 1152/2656
f 1273/2654 1152/2656 1131/2655
f 1152/2656 1212/2618 1281/2610
f 1132/2652 1131/2655 41/2657
f 41/2657 1131/2655 1152/2656
f 1152/2656 1281/2610 1191/2658
f 1152/2656 1191/2658 41/2657
f 1191/2658 1281/2610 1248/2613
f 1191/2658 1248/2613 80/2659
f 1191/2658 80/2659 41/2657
f 80/2659 1248/2613 1204/2660
f 1132/2652 41/2657 96/2661
f 96/2661 41/2657 80/2659
f 1132/2652 96/2661 1161/2653
f 80/2659 1204/2660 383/2662
f 80/2659 383/2662 96/2661
f 383/2662 1204/2660 258/2663
f 258/2663 1204/2660 1246/2664
f 96/2661 383/2662 419/2665
f 96/2661 419/2665 1161/2653
f 1161/2653 419/2665 374/2666
f 1161/2653 374/2666 255/2667
f 255/2667 374/2666 713/2668
f 255/2667 713/2668 539/2669
f 1161/2653 255/2667 1442/2670
f 1161/2653 1442/2670 1681/2646
f 1681/2646 1442/2670 1587/2671
f 1442/2670 255/2667 1151/2672
f 1442/2670 1151/2672 1587/2671
f 1151/2672 255/2667 539/2669
f 1587/2671 1151/2672 1356/2673
f 1151/2672 539/2669 226/2674
f 1151/2672 226/2674 1356/2673
f 226/2674 539/2669 480/2675
f 226/2674 480/2675 1356/2673
f 1356/2673 480/2675 215/2676
f 1105/2677 1044/2678 1060/2679
f 1060/2679 1044/2678 1046/2680
f 1044/2678 1105/2677 1081/2681
f 1060/2679 1046/2680 1049/2682
f 1105/2677 1060/2679 1095/2683
f 1095/2683 1060/2679 1049/2682
f 1081/2681 1105/2677 1103/2684
f 1044/2678 1081/2681 1073/2685
f 1073/2685 1081/2681 1103/2684
f 1009/2686 1046/2680 1044/2678
f 1009/2686 1044/2678 1073/2685
f 1009/2686 1073/2685 973/2687
f 1073/2685 1103/2684 1089/2688
f 1089/2688 1103/2684 1099/2689
f 1099/2689 1103/2684 1114/2690
f 1046/2680 1009/2686 952/2691
f 952/2691 1009/2686 973/2687
f 1046/2680 952/2691 1049/2682
f 952/2691 973/2687 802/2692
f 1114/2690 1103/2684 1116/2693
f 1116/2693 1103/2684 1105/2677
f 1116/2693 1105/2677 1095/2683
f 1114/2690 1116/2693 1115/2694
f 1114/2690 1115/2694 1117/2695
f 1117/2695 1115/2694 1111/2696
f 1115/2694 1116/2693 1110/2697
f 1115/2694 1110/2697 1111/2696
f 1110/2697 1116/2693 1095/2683
f 1068/2698 1095/2683 1049/2682
f 1095/2683 1068/2698 1110/2697
f 1111/2696 1110/2697 1102/2699
f 1111/2696 1102/2699 1108/2700
f 1108/2700 1102/2699 1094/2701
f 1108/2700 1094/2701 1092/2702
f 1094/2701 1102/2699 1071/2703
f 1094/2701 1071/2703 1054/2704
f 1102/2699 1110/2697 1074/2705
f 1102/2699 1074/2705 1071/2703
f 1074/2705 1110/2697 1061/2706
f 1061/2706 1110/2697 1068/2698
f 1071/2703 1074/2705 1069/2707
f 1069/2707 1074/2705 1061/2706
f 1054/2704 1071/2703 1024/2708
f 1024/2708 1071/2703 1069/2707
f 1054/2704 1024/2708 982/2709
f 1069/2707 1061/2706 1034/2710
f 1024/2708 1069/2707 1040/2711
f 1040/2711 1069/2707 1034/2710
f 1024/2708 1040/2711 1010/2712
f 1024/2708 1010/2712 982/2709
f 1010/2712 1040/2711 1030/2713
f 982/2709 1010/2712 909/2714
f 909/2714 1010/2712 1030/2713
f 982/2709 909/2714 872/2715
f 1030/2713 1040/2711 1005/2716
f 1030/2713 1005/2716 909/2714
f 1005/2716 1040/2711 1034/2710
f 872/2715 909/2714 735/2717
f 872/2715 735/2717 815/2718
f 909/2714 1005/2716 824/2719
f 909/2714 824/2719 735/2717
f 815/2718 735/2717 704/2720
f 735/2717 824/2719 632/2721
f 735/2717 632/2721 587/2722
f 735/2717 587/2722 704/2720
f 704/2720 587/2722 317/2723
f 704/2720 317/2723 607/2724
f 632/2721 824/2719 691/2725
f 691/2725 824/2719 1005/2716
f 691/2725 1005/2716 967/2726
f 967/2726 1005/2716 1034/2710
f 691/2725 967/2726 821/2727
f 691/2725 821/2727 695/2728
f 967/2726 1034/2710 955/2729
f 695/2728 821/2727 841/2730
f 821/2727 967/2726 847/2731
f 847/2731 967/2726 955/2729
f 821/2727 847/2731 841/2730
f 847/2731 955/2729 953/2732
f 847/2731 953/2732 841/2730
f 955/2729 1034/2710 1017/2733
f 955/2729 1017/2733 953/2732
f 1017/2733 1034/2710 1061/2706
f 1017/2733 1061/2706 1028/2734
f 1017/2733 1028/2734 953/2732
f 1028/2734 1061/2706 1068/2698
f 1028/2734 1068/2698 953/2732
f 953/2732 1068/2698 974/2735
f 953/2732 974/2735 841/2730
f 974/2735 1068/2698 1049/2682
f 974/2735 1049/2682 952/2691
f 974/2735 952/2691 841/2730
f 841/2730 952/2691 748/2736
f 841/2730 748/2736 695/2728
f 695/2728 748/2736 582/2737
f 748/2736 952/2691 802/2692
f 748/2736 802/2692 631/2738
f 341/2739 646/2740 1246/2741
f 646/2740 341/2739 714/2742
f 1246/2741 646/2740 258/2743
f 258/2743 646/2740 694/2744
f 694/2744 646/2740 918/2745
f 694/2744 918/2745 1083/2746
f 258/2743 694/2744 383/2747
f 694/2744 1083/2746 1002/2748
f 694/2744 1002/2748 765/2749
f 694/2744 765/2749 383/2747
f 765/2749 1002/2748 979/2750
f 383/2747 765/2749 792/2751
f 765/2749 979/2750 835/2752
f 765/2749 835/2752 792/2751
f 383/2747 792/2751 419/2753
f 419/2753 792/2751 726/2754
f 419/2753 726/2754 374/2755
f 792/2751 835/2752 991/2756
f 374/2755 726/2754 713/2757
f 792/2751 991/2756 904/2758
f 792/2751 904/2758 726/2754
f 904/2758 991/2756 981/2759
f 904/2758 981/2759 924/2760
f 991/2756 835/2752 1045/2761
f 991/2756 1045/2761 1076/2762
f 1045/2761 835/2752 987/2763
f 987/2763 835/2752 900/2764
f 1076/2762 1045/2761 1065/2765
f 1065/2765 1045/2761 987/2763
f 1076/2762 1065/2765 1047/2766
f 1047/2766 1065/2765 987/2763
f 859/2767 904/2758 924/2760
f 862/2768 726/2754 904/2758
f 726/2754 862/2768 796/2769
f 726/2754 796/2769 713/2757
f 862/2768 904/2758 964/2770
f 862/2768 964/2770 796/2769
f 964/2770 904/2758 1015/2771
f 971/2772 904/2758 859/2767
f 904/2758 971/2772 1015/2771
f 971/2772 859/2767 881/2773
f 964/2770 1015/2771 1016/2774
f 1016/2774 1015/2771 971/2772
f 796/2769 964/2770 954/2775
f 954/2775 964/2770 1016/2774
f 1016/2774 971/2772 948/2776
f 948/2776 971/2772 881/2773
f 1016/2774 948/2776 954/2775
f 795/2777 881/2773 859/2767
f 881/2773 795/2777 948/2776
f 795/2777 859/2767 733/2778
f 795/2777 733/2778 723/2779
f 795/2777 723/2779 836/2780
f 795/2777 836/2780 948/2776
f 836/2780 723/2779 707/2781
f 948/2776 836/2780 928/2782
f 928/2782 836/2780 707/2781
f 948/2776 928/2782 954/2775
f 928/2782 707/2781 713/2757
f 928/2782 713/2757 869/2783
f 928/2782 869/2783 954/2775
f 869/2783 713/2757 796/2769
f 880/2784 796/2769 954/2775
f 796/2769 880/2784 869/2783
f 869/2783 880/2784 954/2775
f 2088/2785 2025/2786 2126/2787
f 2025/2786 2088/2785 2083/2788
f 2025/2786 2083/2788 1994/2789
f 1994/2789 2083/2788 2085/2790
f 1994/2789 2085/2790 2036/2791
f 2036/2791 2085/2790 2115/2792
f 1994/2789 2036/2791 1768/2793
f 1768/2793 2036/2791 1745/2794
f 1768/2793 1745/2794 1491/2795
f 1994/2789 1768/2793 1861/2796
f 1994/2789 1861/2796 2025/2786
f 1768/2793 1491/2795 1666/2797
f 1768/2793 1666/2797 1861/2796
f 2025/2786 1861/2796 1977/2798
f 2025/2786 1977/2798 2126/2787
f 1861/2796 1666/2797 1820/2799
f 1861/2796 1820/2799 1977/2798
f 2126/2787 1977/2798 2010/2800
f 2126/2787 2010/2800 2158/2801
f 2010/2800 1977/2798 1820/2799
f 2010/2800 1820/2799 1806/2802
f 2010/2800 1806/2802 1970/2803
f 1820/2799 1666/2797 1612/2804
f 1612/2804 1666/2797 1491/2795
f 1806/2802 1820/2799 1636/2805
f 1636/2805 1820/2799 1612/2804
f 1806/2802 1636/2805 1593/2806
f 1612/2804 1491/2795 1455/2807
f 1612/2804 1455/2807 1636/2805
f 1455/2807 1491/2795 1201/2808
f 1593/2806 1636/2805 1283/2809
f 1283/2809 1636/2805 1455/2807
f 1593/2806 1283/2809 1301/2810
f 1301/2810 1283/2809 159/2811
f 1283/2809 1455/2807 1144/2812
f 1144/2812 1455/2807 1201/2808
f 159/2811 1283/2809 340/2813
f 340/2813 1283/2809 1144/2812
f 1144/2812 1201/2808 460/2814
f 1144/2812 460/2814 340/2813
f 460/2814 1201/2808 395/2815
f 340/2813 460/2814 693/2816
f 693/2816 460/2814 705/2817
f 693/2816 705/2817 761/2818
f 693/2816 761/2818 784/2819
f 693/2816 784/2819 720/2820
f 340/2813 693/2816 558/2821
f 558/2821 693/2816 720/2820
f 340/2813 558/2821 159/2811
f 558/2821 720/2820 647/2822
f 159/2811 558/2821 514/2823
f 514/2823 558/2821 647/2822
f 918/2824 646/2825 714/2826
f 341/2827 591/2828 714/2826
f 714/2826 591/2828 768/2829
f 714/2826 768/2829 918/2824
f 918/2824 768/2829 888/2830
f 918/2824 888/2830 1036/2831
f 918/2824 1036/2831 1083/2832
f 1083/2832 1036/2831 1093/2833
f 887/2834 829/2835 731/2836
f 802/2837 973/2838 887/2834
f 802/2837 887/2834 731/2836
f 802/2837 731/2836 631/2839
f 631/2839 731/2836 608/2840
f 731/2836 829/2835 742/2841
f 742/2841 829/2835 823/2842
f 742/2841 823/2842 769/2843
f 742/2841 769/2843 703/2844
f 703/2844 769/2843 683/2845
f 731/2836 742/2841 576/2846
f 576/2846 742/2841 703/2844
f 703/2844 683/2845 606/2847
f 703/2844 606/2847 576/2846
f 606/2847 683/2845 321/2848
f 731/2836 576/2846 375/2849
f 731/2836 375/2849 608/2840
f 576/2846 606/2847 210/2850
f 210/2850 606/2847 321/2848
f 576/2846 210/2850 375/2849
f 608/2840 375/2849 350/2851
f 608/2840 350/2851 515/2852
f 515/2852 350/2851 220/2853
f 220/2853 350/2851 9/2854
f 9/2854 350/2851 375/2849
f 375/2849 210/2850 1118/2855
f 375/2849 1118/2855 9/2854
f 1218/2856 210/2850 321/2848
f 210/2850 1218/2856 1118/2855
f 1218/2856 321/2848 1266/2857
f 1266/2857 321/2848 39/2858
f 1266/2857 39/2858 1349/2859
f 1266/2857 1349/2859 1631/2860
f 1631/2860 1349/2859 1745/2861
f 1218/2856 1266/2857 1413/2862
f 1413/2862 1266/2857 1631/2860
f 1218/2856 1413/2862 1118/2855
f 1413/2862 1631/2860 1760/2863
f 1413/2862 1760/2863 1547/2864
f 1413/2862 1547/2864 1118/2855
f 1118/2855 1547/2864 9/2854
f 9/2854 1547/2864 1504/2865
f 9/2854 1504/2865 1303/2866
f 1504/2865 1547/2864 1782/2867
f 1504/2865 1782/2867 1655/2868
f 1782/2867 1547/2864 1890/2869
f 768/2870 591/2871 628/2872
f 628/2872 591/2871 54/2873
f 628/2872 54/2873 215/2874
f 628/2872 215/2874 610/2875
f 610/2875 215/2874 480/2876
f 610/2875 480/2876 707/2877
f 707/2877 480/2876 539/2878
f 707/2877 539/2878 713/2879
f 610/2875 707/2877 723/2880
f 610/2875 723/2880 733/2881
f 610/2875 733/2881 628/2872
f 628/2872 733/2881 768/2870
f 768/2870 733/2881 838/2882
f 838/2882 733/2881 859/2883
f 768/2870 838/2882 888/2884
f 838/2882 859/2883 924/2885
f 888/2884 838/2882 900/2886
f 900/2886 838/2882 924/2885
f 900/2886 924/2885 987/2887
f 987/2887 924/2885 1047/2888
f 1047/2888 924/2885 981/2889
f 1047/2888 981/2889 1076/2890
f 1076/2890 981/2889 991/2891
f 888/2884 900/2886 1022/2892
f 888/2884 1022/2892 999/2893
f 888/2884 999/2893 1036/2894
f 1036/2894 999/2893 1022/2892
f 1036/2894 1022/2892 1093/2895
f 1093/2895 1022/2892 1090/2896
f 1022/2892 900/2886 979/2897
f 1022/2892 979/2897 1090/2896
f 979/2897 900/2886 835/2898
f 1093/2895 1090/2896 1106/2899
f 1106/2899 1090/2896 979/2897
f 1093/2895 1106/2899 1083/2900
f 1106/2899 979/2897 1002/2901
f 1106/2899 1002/2901 1083/2900
f 2115/2902 2059/2903 2036/2904
f 2036/2904 2059/2903 1904/2905
f 2036/2904 1904/2905 1745/2906
f 1904/2905 2059/2903 1929/2907
f 1745/2906 1904/2905 1631/2908
f 1631/2908 1904/2905 1929/2907
f 1631/2908 1929/2907 1760/2909
f 1443/2910 1525/2911 1521/2912
f 1465/2913 1720/2914 1525/2911
f 1525/2911 1720/2914 1639/2915
f 1525/2911 1639/2915 1521/2912
f 1639/2915 1720/2914 1950/2916
f 1521/2912 1639/2915 1670/2917
f 1639/2915 1950/2916 1872/2918
f 1639/2915 1872/2918 1670/2917
f 1872/2918 1950/2916 2022/2919
f 1521/2912 1670/2917 1513/2920
f 1872/2918 2022/2919 1984/2921
f 1984/2921 2022/2919 2075/2922
f 1984/2921 2075/2922 1971/2923
f 1872/2918 1984/2921 1869/2924
f 1872/2918 1869/2924 1670/2917
f 1984/2921 1971/2923 1906/2925
f 1984/2921 1906/2925 1869/2924
f 1596/2926 1513/2920 1670/2917
f 1670/2917 1869/2924 1737/2927
f 1670/2917 1737/2927 1596/2926
f 1737/2927 1869/2924 1906/2925
f 1513/2920 1596/2926 1374/2928
f 1596/2926 1737/2927 1546/2929
f 1596/2926 1546/2929 1374/2928
f 1737/2927 1906/2925 1751/2930
f 1737/2927 1751/2930 1546/2929
f 1790/2931 1906/2925 1971/2923
f 1906/2925 1790/2931 1751/2930
f 1790/2931 1971/2923 1810/2932
f 1790/2931 1810/2932 1726/2933
f 1726/2933 1810/2932 1630/2934
f 1751/2930 1790/2931 1732/2935
f 1732/2935 1790/2931 1726/2933
f 1611/2936 1546/2929 1751/2930
f 1611/2936 1751/2930 1732/2935
f 1726/2933 1630/2934 1624/2937
f 1624/2937 1630/2934 1420/2938
f 1732/2935 1726/2933 1607/2939
f 1607/2939 1726/2933 1624/2937
f 1732/2935 1607/2939 1611/2936
f 1624/2937 1420/2938 1563/2940
f 1624/2937 1563/2940 1607/2939
f 1563/2940 1420/2938 1398/2941
f 1607/2939 1563/2940 1632/2942
f 1607/2939 1632/2942 1611/2936
f 1563/2940 1398/2941 1572/2943
f 1563/2940 1572/2943 1632/2942
f 1572/2943 1398/2941 1478/2944
f 1611/2936 1632/2942 1601/2945
f 1601/2945 1632/2942 1572/2943
f 1572/2943 1478/2944 1549/2946
f 1572/2943 1549/2946 1601/2945
f 1549/2946 1478/2944 1494/2947
f 1549/2946 1494/2947 1528/2948
f 1601/2945 1549/2946 1479/2949
f 1601/2945 1479/2949 1611/2936
f 1549/2946 1528/2948 1404/2950
f 1549/2946 1404/2950 1479/2949
f 1404/2950 1528/2948 1395/2951
f 1404/2950 1395/2951 1158/2952
f 1611/2936 1479/2949 1531/2953
f 1611/2936 1531/2953 1546/2929
f 1404/2950 1158/2952 130/2954
f 1546/2929 1531/2953 1402/2955
f 1546/2929 1402/2955 1374/2928
f 1531/2953 1479/2949 1265/2956
f 1531/2953 1265/2956 1402/2955
f 1272/2957 1479/2949 1404/2950
f 1479/2949 1272/2957 1265/2956
f 1272/2957 1404/2950 130/2954
f 232/2958 130/2954 1158/2952
f 33/2959 1374/2928 1402/2955
f 33/2959 1402/2955 1265/2956
f 1374/2928 33/2959 156/2960
f 156/2960 33/2959 318/2961
f 318/2961 33/2959 249/2962
f 249/2962 33/2959 1265/2956
f 318/2961 249/2962 426/2963
f 249/2962 1265/2956 230/2964
f 249/2962 230/2964 426/2963
f 230/2964 1265/2956 1272/2957
f 230/2964 1272/2957 130/2954
f 230/2964 130/2954 342/2965
f 230/2964 342/2965 426/2963
f 342/2965 130/2954 232/2958
f 426/2963 342/2965 470/2966
f 426/2963 470/2966 494/2967
f 470/2966 342/2965 523/2968
f 523/2968 342/2965 377/2969
f 377/2969 342/2965 232/2958
f 377/2969 232/2958 415/2970
f 1362/2971 1224/2972 1443/2973
f 1362/2971 1443/2973 1521/2974
f 1297/2975 1224/2972 27/2976
f 27/2976 1224/2972 102/2977
f 1224/2972 1362/2971 1149/2978
f 1224/2972 1149/2978 102/2977
f 1362/2971 1521/2974 1278/2979
f 1362/2971 1278/2979 1149/2978
f 1278/2979 1521/2974 1513/2980
f 102/2977 1149/2978 134/2981
f 102/2977 134/2981 124/2982
f 124/2982 134/2981 100/2983
f 134/2981 1149/2978 127/2984
f 134/2981 127/2984 100/2983
f 1149/2978 1278/2979 40/2985
f 1149/2978 40/2985 127/2984
f 1278/2979 1513/2980 1225/2986
f 40/2985 1278/2979 89/2987
f 89/2987 1278/2979 1225/2986
f 40/2985 89/2987 166/2988
f 40/2985 166/2988 127/2984
f 89/2987 1225/2986 144/2989
f 1225/2986 1513/2980 1306/2990
f 1225/2986 1306/2990 144/2989
f 1306/2990 1513/2980 1374/2991
f 1306/2990 1374/2991 156/2992
f 1306/2990 156/2992 195/2993
f 1306/2990 195/2993 144/2989
f 195/2993 156/2992 318/2994
f 195/2993 318/2994 144/2989
f 203/2995 89/2987 144/2989
f 89/2987 203/2995 166/2988
f 144/2989 318/2994 336/2996
f 144/2989 336/2996 203/2995
f 166/2988 203/2995 244/2997
f 166/2988 244/2997 127/2984
f 203/2995 336/2996 306/2998
f 244/2997 203/2995 216/2999
f 216/2999 203/2995 306/2998
f 244/2997 216/2999 127/2984
f 306/2998 336/2996 322/3000
f 306/2998 322/3000 216/2999
f 402/3001 336/2996 318/2994
f 336/2996 402/3001 322/3000
f 402/3001 318/2994 400/3002
f 400/3002 318/2994 426/3003
f 402/3001 400/3002 421/3004
f 400/3002 426/3003 494/3005
f 400/3002 494/3005 421/3004
f 402/3001 421/3004 322/3000
f 421/3004 494/3005 477/3006
f 477/3006 494/3005 468/3007
f 468/3007 494/3005 470/3008
f 421/3004 477/3006 312/3009
f 468/3007 470/3008 555/3010
f 555/3010 470/3008 523/3011
f 468/3007 555/3010 535/3012
f 468/3007 535/3012 349/3013
f 477/3006 468/3007 386/3014
f 386/3014 468/3007 349/3013
f 477/3006 386/3014 312/3009
f 386/3014 349/3013 176/3015
f 176/3015 349/3013 147/3016
f 176/3015 147/3016 1207/3017
f 386/3014 176/3015 224/3018
f 386/3014 224/3018 312/3009
f 176/3015 1207/3017 1178/3019
f 1178/3019 1207/3017 1478/3020
f 1478/3020 1207/3017 1394/3021
f 1178/3019 1478/3020 1398/3022
f 176/3015 1178/3019 37/3023
f 37/3023 1178/3019 1398/3022
f 176/3015 37/3023 224/3018
f 37/3023 1398/3022 1420/3024
f 224/3018 37/3023 68/3025
f 68/3025 37/3023 1420/3024
f 224/3018 68/3025 312/3009
f 68/3025 1420/3024 1321/3026
f 1321/3026 1420/3024 1630/3027
f 312/3009 68/3025 211/3028
f 211/3028 68/3025 1321/3026
f 312/3009 211/3028 368/3029
f 312/3009 368/3029 421/3004
f 421/3004 368/3029 322/3000
f 368/3029 211/3028 206/3030
f 368/3029 206/3030 322/3000
f 211/3028 1321/3026 1253/3031
f 211/3028 1253/3031 206/3030
f 1574/3032 1321/3026 1630/3027
f 1321/3026 1574/3032 1253/3031
f 322/3000 206/3030 155/3033
f 322/3000 155/3033 216/2999
f 206/3030 1253/3031 1268/3034
f 206/3030 1268/3034 155/3033
f 1253/3031 1574/3032 1540/3035
f 1253/3031 1540/3035 1268/3034
f 1540/3035 1574/3032 1758/3036
f 1268/3034 1540/3035 1514/3037
f 1514/3037 1540/3035 1758/3036
f 1758/3036 1574/3032 1834/3038
f 1834/3038 1574/3032 1630/3027
f 1758/3036 1834/3038 1932/3039
f 1834/3038 1630/3027 1810/3040
f 1932/3039 1834/3038 1974/3041
f 1974/3041 1834/3038 1810/3040
f 1932/3039 1974/3041 2114/3042
f 1974/3041 1810/3040 1971/3043
f 2114/3042 1974/3041 2075/3044
f 2075/3044 1974/3041 1971/3043
f 1182/3045 1268/3034 1514/3037
f 1182/3045 1514/3037 1391/3046
f 1182/3045 1391/3046 1343/3047
f 1182/3045 1343/3047 18/3048
f 1268/3034 1182/3045 21/3049
f 1268/3034 21/3049 155/3033
f 155/3033 21/3049 216/2999
f 21/3049 1182/3045 107/3050
f 21/3049 107/3050 216/2999
f 107/3050 1182/3045 18/3048
f 216/2999 107/3050 127/2984
f 127/2984 107/3050 100/2983
f 100/2983 107/3050 18/3048
f 100/2983 18/3048 22/3051
f 684/3052 645/3053 642/3054
f 645/3053 684/3052 661/3055
f 645/3053 661/3055 633/3056
f 661/3055 684/3052 670/3057
f 670/3057 684/3052 642/3054
f 661/3055 670/3057 614/3058
f 614/3058 670/3057 577/3059
f 577/3059 670/3057 642/3054
f 614/3058 577/3059 522/3060
f 522/3060 577/3059 490/3061
f 577/3059 642/3054 589/3062
f 577/3059 589/3062 490/3061
f 589/3062 642/3054 525/3063
f 589/3062 525/3063 490/3061
f 525/3063 642/3054 645/3053
f 490/3061 525/3063 276/3064
f 276/3064 525/3063 217/3065
f 232/3066 1158/3067 217/3065
f 232/3066 217/3065 415/3068
f 415/3068 217/3065 525/3063
f 525/3063 645/3053 548/3069
f 525/3063 548/3069 415/3068
f 548/3069 645/3053 633/3056
f 548/3069 633/3056 523/3070
f 548/3069 523/3070 415/3068
f 415/3068 523/3070 377/3071
f 482/3072 406/3073 380/3074
f 482/3072 380/3074 508/3075
f 406/3073 482/3072 538/3076
f 508/3075 380/3074 412/3077
f 412/3077 380/3074 406/3073
f 412/3077 406/3073 538/3076
f 508/3075 412/3077 491/3078
f 491/3078 412/3077 459/3079
f 412/3077 538/3076 461/3080
f 412/3077 461/3080 459/3079
f 461/3080 538/3076 596/3081
f 459/3079 461/3080 387/3082
f 459/3079 387/3082 464/3083
f 461/3080 596/3081 479/3084
f 461/3080 479/3084 387/3082
f 479/3084 596/3081 581/3085
f 387/3082 479/3084 267/3086
f 479/3084 581/3085 499/3087
f 267/3086 479/3084 251/3088
f 251/3088 479/3084 499/3087
f 251/3088 499/3087 391/3089
f 391/3089 499/3087 520/3090
f 251/3088 391/3089 52/3091
f 52/3091 391/3089 154/3092
f 251/3088 52/3091 1195/3093
f 1195/3093 52/3091 1309/3094
f 1195/3093 1309/3094 1361/3095
f 1361/3095 1309/3094 1412/3096
f 139/3097 246/3098 132/3099
f 246/3098 139/3097 228/3100
f 246/3098 228/3100 316/3101
f 246/3098 316/3101 263/3102
f 246/3098 263/3102 132/3099
f 228/3100 139/3097 126/3103
f 126/3103 139/3097 132/3099
f 228/3100 126/3103 221/3104
f 132/3099 263/3102 160/3105
f 132/3099 160/3105 126/3103
f 126/3103 160/3105 221/3104
f 160/3105 263/3102 196/3106
f 160/3105 196/3106 164/3107
f 221/3104 160/3105 187/3108
f 187/3108 160/3105 164/3107
f 187/3108 164/3107 69/3109
f 187/3108 69/3109 1156/3110
f 187/3108 1156/3110 66/3111
f 1156/3110 69/3109 1187/3112
f 66/3111 1156/3110 1199/3113
f 66/3111 1199/3113 1304/3114
f 1304/3114 1199/3113 1346/3115
f 1346/3115 1199/3113 1231/3116
f 1231/3116 1199/3113 1156/3110
f 1346/3115 1231/3116 1258/3117
f 1156/3110 1187/3112 1249/3118
f 1156/3110 1249/3118 1231/3116
f 1249/3118 1187/3112 1250/3119
f 1249/3118 1250/3119 1282/3120
f 1258/3117 1231/3116 1157/3121
f 1157/3121 1231/3116 1249/3118
f 1258/3117 1157/3121 1195/3122
f 1249/3118 1282/3120 1128/3123
f 1249/3118 1128/3123 1157/3121
f 1128/3123 1282/3120 2/3124
f 1128/3123 2/3124 93/3125
f 1157/3121 1128/3123 94/3126
f 94/3126 1128/3123 93/3125
f 1157/3121 94/3126 1195/3122
f 94/3126 93/3125 69/3127
f 1195/3122 94/3126 251/3128
f 94/3126 69/3127 164/3129
f 94/3126 164/3129 251/3128
f 522/3130 490/3131 418/3132
f 418/3132 490/3131 276/3133
f 522/3130 418/3132 520/3134
f 520/3134 418/3132 391/3135
f 391/3135 418/3132 154/3136
f 154/3136 418/3132 276/3133
f 154/3136 276/3133 1119/3137
f 1119/3137 276/3133 217/3138
f 522/3130 520/3134 595/3139
f 522/3130 595/3139 614/3140
f 614/3140 595/3139 661/3141
f 595/3139 520/3134 594/3142
f 661/3141 595/3139 633/3143
f 633/3143 595/3139 594/3142
f 633/3143 594/3142 523/3144
f 1192/3145 1282/3146 1250/3147
f 1282/3146 1192/3145 2/3148
f 1192/3145 1250/3147 17/3149
f 1192/3145 17/3149 2/3148
f 17/3149 1250/3147 1187/3150
f 2/3148 17/3149 93/3151
f 17/3149 1187/3150 45/3152
f 17/3149 45/3152 93/3151
f 45/3152 1187/3150 69/3153
f 45/3152 69/3153 93/3151
f 1119/3154 217/3155 1215/3156
f 1215/3156 217/3155 1357/3157
f 1357/3157 217/3155 1158/3158
f 1357/3157 1158/3158 1395/3159
f 1357/3157 1395/3159 1528/3160
f 1357/3157 1528/3160 1482/3161
f 1357/3157 1482/3161 1215/3156
f 1482/3161 1528/3160 1494/3162
f 1119/3154 1215/3156 1327/3163
f 1327/3163 1215/3156 1482/3161
f 1119/3154 1327/3163 52/3164
f 1119/3154 52/3164 154/3165
f 52/3164 1327/3163 1309/3166
f 1309/3166 1327/3163 1412/3167
f 1412/3167 1327/3163 1482/3161
f 1412/3167 1482/3161 1494/3162
f 1412/3167 1494/3162 1435/3168
f 1435/3168 1494/3162 1394/3169
f 1394/3169 1494/3162 1478/3170
f 1435/3168 1394/3169 1304/3171
f 546/3172 482/3173 508/3174
f 482/3173 546/3172 538/3175
f 538/3175 546/3172 596/3176
f 546/3172 508/3174 565/3177
f 546/3172 565/3177 596/3176
f 565/3177 508/3174 491/3178
f 565/3177 491/3178 578/3179
f 565/3177 578/3179 596/3176
f 578/3179 491/3178 459/3180
f 578/3179 459/3180 464/3181
f 596/3176 578/3179 601/3182
f 578/3179 464/3181 527/3183
f 578/3179 527/3183 601/3182
f 527/3183 464/3181 314/3184
f 596/3176 601/3182 581/3185
f 499/3186 581/3185 520/3187
f 520/3187 581/3185 594/3188
f 594/3188 581/3185 601/3182
f 594/3188 601/3182 555/3189
f 594/3188 555/3189 523/3190
f 555/3189 601/3182 512/3191
f 512/3191 601/3182 527/3183
f 555/3189 512/3191 535/3192
f 512/3191 527/3183 315/3193
f 315/3193 527/3183 314/3184
f 535/3192 512/3191 379/3194
f 379/3194 512/3191 315/3193
f 535/3192 379/3194 439/3195
f 535/3192 439/3195 349/3196
f 349/3196 439/3195 147/3197
f 439/3195 379/3194 214/3198
f 439/3195 214/3198 147/3197
f 214/3198 379/3194 315/3193
f 61/3199 315/3193 314/3184
f 315/3193 61/3199 214/3198
f 61/3199 314/3184 66/3200
f 61/3199 66/3200 1304/3201
f 214/3198 61/3199 1194/3202
f 1194/3202 61/3199 1304/3201
f 214/3198 1194/3202 147/3197
f 1194/3202 1304/3201 1394/3203
f 147/3197 1194/3202 1207/3204
f 1207/3204 1194/3202 1394/3203
f 1445/3205 1409/3206 1323/3207
f 1445/3205 1323/3207 1428/3208
f 1428/3208 1323/3207 1397/3209
f 1323/3207 1409/3206 1310/3210
f 1310/3210 1409/3206 1416/3211
f 1323/3207 1310/3210 1340/3212
f 1323/3207 1340/3212 1397/3209
f 1397/3209 1340/3212 1418/3213
f 1397/3209 1418/3213 1484/3214
f 1445/3215 1428/3216 1484/3217
f 1484/3217 1428/3216 1397/3218
f 1445/3215 1484/3217 1409/3219
f 1409/3219 1484/3217 1416/3220
f 1416/3220 1484/3217 1453/3221
f 1453/3221 1484/3217 1418/3222
f 1453/3221 1418/3222 1361/3223
f 1453/3221 1361/3223 1435/3224
f 1435/3224 1361/3223 1412/3225
f 1416/3220 1453/3221 1346/3226
f 1346/3226 1453/3221 1435/3224
f 1346/3226 1435/3224 1304/3227
f 1416/3220 1346/3226 1310/3228
f 1310/3228 1346/3226 1258/3229
f 1310/3228 1258/3229 1340/3230
f 1340/3230 1258/3229 1361/3231
f 1340/3230 1361/3231 1418/3232
f 1361/3231 1258/3229 1195/3233
f 316/3234 320/3235 263/3236
f 263/3236 320/3235 196/3237
f 196/3237 320/3235 267/3238
f 196/3237 267/3238 164/3239
f 164/3239 267/3238 251/3240
f 267/3238 320/3235 387/3241
f 320/3235 316/3234 362/3242
f 320/3235 362/3242 387/3241
f 362/3242 316/3234 307/3243
f 307/3243 316/3234 228/3244
f 387/3241 362/3242 325/3245
f 325/3245 362/3242 307/3243
f 307/3243 228/3244 221/3246
f 307/3243 221/3246 325/3245
f 325/3245 221/3246 187/3247
f 387/3241 325/3245 464/3248
f 464/3248 325/3245 333/3249
f 333/3249 325/3245 187/3247
f 464/3248 333/3249 314/3250
f 314/3250 333/3249 187/3247
f 314/3250 187/3247 66/3251
f 891/3252 893/3253 934/3254
f 893/3253 891/3252 861/3255
f 893/3253 861/3255 828/3256
f 571/3257 664/3258 653/3259
f 571/3257 653/3259 495/3260
f 571/3257 495/3260 310/3261
f 571/3257 310/3261 240/3262
f 310/3261 495/3260 241/3263
f 241/3263 495/3260 250/3264
f 241/3263 250/3264 30/3265
f 310/3261 241/3263 1125/3266
f 310/3261 1125/3266 240/3262
f 1125/3266 241/3263 1334/3267
f 240/3262 1125/3266 1393/3268
f 1125/3266 1334/3267 1503/3269
f 1125/3266 1503/3269 1393/3268
f 1393/3268 1503/3269 1615/3270
f 67/3271 10/3272 76/3273
f 852/3274 823/3275 922/3276
f 823/3275 852/3274 769/3277
f 852/3274 922/3276 936/3278
f 852/3274 936/3278 843/3279
f 843/3279 936/3278 892/3280
f 852/3274 843/3279 761/3281
f 769/3277 852/3274 741/3282
f 741/3282 852/3274 761/3281
f 769/3277 741/3282 683/3283
f 741/3282 761/3281 705/3284
f 683/3283 741/3282 627/3285
f 627/3285 741/3282 705/3284
f 683/3283 627/3285 321/3286
f 627/3285 705/3284 395/3287
f 627/3285 395/3287 321/3286
f 395/3287 705/3284 460/3288
f 321/3286 395/3287 1201/3289
f 321/3286 1201/3289 39/3290
f 39/3290 1201/3289 1349/3291
f 1349/3291 1201/3289 1491/3292
f 1349/3291 1491/3292 1745/3293
