# https://github.com/mikedh/trimesh
v -0.99030718 -0.78158526 -0.02027996
v -0.99950106 -0.73636385 -0.02129111
v -0.99835791 -0.72563394 -0.01769951
v -0.99198447 -0.73457407 0.00388532
v -0.98774398 -0.73611767 0.01249378
v -0.98908477 -0.73492319 -0.04954542
v -0.98662512 -0.72667016 0.01206774
v -0.98256318 -0.80747356 -0.01254371
v -0.97571943 -0.80711950 0.00332432
v -0.97675612 -0.78001694 0.01256094
v -0.98613275 -0.75960240 -0.04297949
v -0.97485783 -0.76367986 0.01490962
v -0.97868831 -0.72990807 0.01509948
v -0.98524645 -0.73064331 -0.05246163
v -0.96419730 -0.70455210 -0.05112861
v -0.98985374 -0.72641450 -0.04396377
v -0.97449720 -0.81242636 -0.04212069
v -0.97766201 -0.77240141 -0.05221864
v -0.96310760 -0.68676071 -0.02068952
v -0.96903645 -0.86167949 -0.02752024
v -0.96798446 -0.80879935 -0.05214075
v -0.96615176 -0.82544764 0.01219130
v -0.94194990 -0.79439906 -0.05316227
v -0.96238300 -0.68970398 -0.00661251
v -0.95177553 -0.93115660 -0.02809505
v -0.96572894 -0.88639811 -0.01902699
v -0.95369659 -0.88666666 0.00928387
v -0.95509258 -0.88964751 -0.04402030
v -0.95570146 -0.85743677 -0.05230259
v -0.96276354 -0.85767845 -0.04429761
v -0.96267959 -0.86210059 0.00362507
v -0.95688393 -0.86060222 0.01302485
v -0.96304106 -0.81597604 0.01437909
v -0.96081596 -0.71272880 0.01494806
v -0.95205836 -0.68599577 -0.04351796
v -0.95015065 -0.94045746 -0.01931537
v -0.95411559 -0.93159068 -0.01810914
v -0.94571296 -0.92964696 -0.04272883
v -0.94839556 -0.88840063 -0.05237679
v -0.94633708 -0.87308748 0.01429016
v -0.95350951 -0.70678941 -0.05276155
v -0.95661908 -0.69676891 0.01320944
v -0.94023684 -0.68860524 0.01477720
v -0.94349194 -0.94224264 -0.02414022
v -0.94113669 -0.92994952 0.01198178
v -0.93851750 -0.93077714 -0.05116996
v -0.94431054 -0.90870140 0.01391507
v -0.94682469 -0.68781720 -0.05209147
v -0.90337472 -0.62915348 -0.02760493
v -0.91842185 -0.94117139 -0.04647996
v -0.93803405 -0.94315855 -0.01199622
v -0.92124325 -0.66968751 0.01469547
v -0.92960700 -0.68641094 -0.05294283
v -0.92559446 -0.66446780 0.01306330
v -0.92762455 -0.66877250 -0.05243871
v -0.88539875 -0.95882862 -0.02132874
v -0.93390550 -0.92622859 -0.05287760
v -0.89915099 -0.84123644 0.01296515
v -0.90773389 -0.64030081 0.00533034
v -0.93089759 -0.85184183 -0.05144038
v -0.94764463 -0.78139736 0.01544014
v -0.93775520 -0.93734496 0.00334820
v -0.89491632 -0.62801542 -0.04324262
v -0.91492767 -0.63971154 -0.01167066
v -0.89445726 -0.93733901 -0.05284973
v -0.91944856 -0.93643870 0.01406931
v -0.90039785 -0.80667446 0.01293275
v -0.90428437 -0.65528956 -0.05262698
v -0.90181273 -0.64101912 0.01366910
v -0.89562161 -0.94419129 -0.05101621
v -0.87940936 -0.62991970 0.01447510
v -0.86532141 -0.95430889 -0.04853365
v -0.90348365 -0.91370385 0.01535116
v -0.86629286 -0.61470922 0.01456653
v -0.87896664 -0.81904323 -0.05077375
v -0.88760369 -0.75890923 -0.05125632
v -0.86816997 -0.61983744 -0.05223591
v -0.85251984 -0.57802901 -0.01140963
v -0.86656341 -0.86982956 -0.05509090
v -0.83743270 -0.78433108 -0.05222020
v -0.88780690 -0.62861659 -0.05172020
v -0.85421494 -0.60013833 0.01415640
v -0.88496654 -0.62365997 0.01297238
v -0.85496810 -0.57932519 -0.01972598
v -0.88322464 -0.94993970 0.00939541
v -0.84327471 -0.95851574 0.01252468
v -0.88177883 -0.94213761 0.01463278
v -0.82400862 -0.75282835 0.01393711
v -0.84045397 -0.68790940 -0.05217665
v -0.85246596 -0.58610233 -0.04325952
v -0.83414428 -0.82269175 0.01476272
v -0.83896816 -0.73021240 0.01393767
v -0.84652218 -0.70077890 0.01381928
v -0.84955494 -0.59168777 -0.05110248
v -0.83617376 -0.58117235 0.01424758
v -0.83210550 -0.96542160 -0.04374797
v -0.84114887 -0.95562263 -0.05214418
v -0.84358771 -0.72923399 -0.05159950
v -0.83652233 -0.72924337 -0.05302804
v -0.83444003 -0.67463642 0.01403027
v -0.78000189 -0.61847500 0.01399517
v -0.85927547 -0.59172881 0.00467817
v -0.82780294 -0.95556994 0.01469555
v -0.83561718 -0.82538397 -0.05260604
v -0.83801112 -0.70513221 0.01640140
v -0.83145052 -0.56456367 -0.04341059
v -0.79704240 -0.52102915 -0.00970142
v -0.84888826 -0.57567138 -0.02796553
v -0.85744024 -0.86042625 0.01723416
v -0.82091091 -0.75122672 -0.05329924
v -0.80847345 -0.73069834 0.02863268
v -0.80874936 -0.70591856 0.03092669
v -0.81904898 -0.69806415 -0.06374930
v -0.83039094 -0.66821891 -0.05204030
v -0.83240105 -0.57413728 -0.05088134
v -0.81631330 -0.55713670 -0.05098373
v -0.83666231 -0.57393170 0.01178988
v -0.78231113 -0.98521145 -0.01175612
v -0.81011559 -0.76588723 -0.05223949
v -0.81692585 -0.56095847 0.01438437
v -0.79607525 -0.52052450 -0.02719978
v -0.80615856 -0.96009371 -0.05248214
v -0.78538939 -0.92173804 -0.05239429
v -0.79744138 -0.76434557 -0.05320281
v -0.81213084 -0.65014029 -0.05194641
v -0.81970870 -0.65510918 0.01418049
v -0.79966247 -0.63509319 0.01391390
v -0.79291251 -0.52566292 0.00874597
v -0.81228806 -0.72346796 -0.06672828
v -0.80396500 -0.68468198 0.02861169
v -0.79135965 -0.53303158 0.01441199
v -0.79449593 -0.54281874 -0.05156151
v -0.78921258 -0.52446376 0.01177908
v -0.81027989 -0.96630987 -0.05130522
v -0.80408278 -0.96920234 0.01292754
v -0.79516867 -0.73390840 -0.06833843
v -0.78983128 -0.69900102 -0.07150817
v -0.79154055 -0.63098065 -0.05160218
v -0.78300954 -0.52347406 -0.05146541
v -0.79579786 -0.51785566 -0.01952208
v -0.76091732 -0.97835458 -0.05243624
v -0.79469910 -0.76842302 0.01410644
v -0.77271093 -0.71365042 -0.07357339
v -0.77864564 -0.71715108 0.03542733
v -0.80101110 -0.66669556 -0.06139403
v -0.78297555 -0.51518313 -0.04365807
v -0.77094739 -0.98226824 -0.04376790
v -0.78807811 -0.96641747 0.01490964
v -0.77310473 -0.74563121 -0.06446057
v -0.76771622 -0.61168550 -0.05226277
v -0.76988371 -0.60187418 -0.05166323
v -0.76346077 -0.92687612 0.01408530
v -0.70702820 -0.91920324 -0.05310787
v -0.75789220 -0.70000724 0.03526330
v -0.75878752 -0.62436624 -0.05920427
v -0.74415369 -0.52731636 0.01469008
v -0.78459064 -0.98559960 -0.02111254
v -0.71483728 -0.84994127 0.01571261
v -0.75747894 -0.82913151 0.01332579
v -0.76683795 -0.76515827 -0.05326685
v -0.74964909 -0.67887648 0.03478000
v -0.76223420 -0.63298249 0.02351929
v -0.75851267 -0.49909147 -0.05165684
v -0.78077517 -0.86961213 0.01783968
v -0.76416965 -0.77640706 -0.05188548
v -0.76022760 -0.76629119 0.01415993
v -0.74228584 -0.75432180 -0.05243781
v -0.74640949 -0.73391669 -0.06236136
v -0.76889029 -0.73357846 0.03046613
v -0.75066311 -0.59399447 -0.05172775
v -0.74779626 -0.58878821 0.01391646
v -0.75643120 -0.49801262 0.01460554
v -0.75809483 -0.98204546 0.01204212
v -0.74220960 -0.97841839 0.01482840
v -0.73504684 -0.67475462 0.03521815
v -0.75732102 -0.48941934 -0.04344665
v -0.73811992 -0.47871651 -0.05156306
v -0.72073909 -0.89301778 0.01697567
v -0.73767791 -0.75410846 0.01355046
v -0.74516860 -0.68358506 -0.07339295
v -0.76138785 -0.66094652 -0.06708994
v -0.74337954 -0.48482144 0.01459866
v -0.71262209 -0.99650471 -0.04232551
v -0.75248703 -0.87353492 -0.05574754
v -0.72277378 -0.74032352 0.01392622
v -0.71498536 -0.45557943 0.01413967
v -0.71794578 -0.98943390 -0.05227459
v -0.72049228 -0.88614767 -0.05441655
v -0.75473003 -0.82458533 -0.05150046
v -0.72622614 -0.74393021 -0.05179326
v -0.71415512 -0.69134508 0.02676865
v -0.72078917 -0.65463041 0.03546337
v -0.70582471 -0.63620849 0.03542667
v -0.72777184 -0.57165146 -0.05160262
v -0.71159079 -0.46213534 0.01477545
v -0.70015978 -0.44047855 -0.05167007
v -0.70695365 -0.43157123 -0.02750271
v -0.71262368 -1.00192363 -0.01407617
v -0.71313977 -0.99237998 0.01288432
v -0.68206160 -0.95600597 -0.05283665
v -0.70509051 -0.98420227 0.01465304
v -0.71084310 -0.90149605 0.01297322
v -0.70736704 -0.88567468 -0.03935494
v -0.69673195 -0.84410287 0.01412048
v -0.74329412 -0.76184704 -0.05144063
v -0.70925653 -0.74271744 -0.05157138
v -0.69741550 -0.69990867 -0.05795948
v -0.71987266 -0.66123212 -0.07323608
v -0.71152776 -0.64751074 -0.07343041
v -0.70583872 -0.54997440 -0.05158849
v -0.71768544 -0.55981860 0.01400554
v -0.72433732 -0.52921770 -0.05199569
v -0.71421352 -0.43821753 -0.01147890
v -0.70375477 -0.89978935 -0.02269090
v -0.70662706 -0.89116553 -0.00271299
v -0.70843552 -0.86375827 -0.05264543
v -0.70936744 -0.87266842 0.01140620
v -0.70569052 -0.72546011 -0.05171020
v -0.70193676 -0.63237118 -0.07277145
v -0.72459803 -0.59728438 -0.06071536
v -0.70310809 -0.99815893 -0.00881127
v -0.70160248 -1.00003040 -0.02306370
v -0.70326493 -0.98707665 -0.04895108
v -0.68792359 -0.95825806 0.01539969
v -0.71074982 -0.91931966 0.01511237
v -0.69740654 -0.91916674 -0.00841143
v -0.69773016 -0.85672290 -0.03982451
v -0.70133681 -0.86701531 -0.01782915
v -0.70109654 -0.84246093 -0.05293545
v -0.68906280 -0.83030581 -0.05276273
v -0.69733665 -0.71588648 0.01358777
v -0.67789400 -0.67234504 -0.06048341
v -0.69344475 -0.63706008 -0.07247680
v -0.69605217 -0.64956798 0.03288088
v -0.69006990 -0.56080300 -0.05964091
v -0.67441056 -0.97237619 -0.02226747
v -0.70159958 -0.92422262 0.01256480
v -0.68713296 -0.71174815 -0.05164407
v -0.68366167 -0.61352245 -0.07269389
v -0.69617712 -0.54228179 -0.05184482
v -0.68416120 -0.53444358 -0.05307347
v -0.68723067 -0.52831048 -0.05141922
v -0.67937245 -0.52045776 -0.05143676
v -0.68687664 -0.41879150 0.00621832
v -0.66781938 -0.39175641 -0.01926486
v -0.69714749 -0.92351229 -0.04218726
v -0.67729525 -0.95813134 0.00900557
v -0.67249501 -0.95694133 -0.02308988
v -0.68772560 -0.83797988 -0.05076431
v -0.67984200 -0.82913839 0.01178903
v -0.67526280 -0.69222601 0.01407214
v -0.67745700 -0.69689402 -0.05186559
v -0.67104689 -0.60851356 0.03618960
v -0.71838618 -0.59522249 0.02433158
v -0.69510712 -0.53686733 0.01383617
v -0.66261628 -0.47591265 -0.05175029
v -0.68562423 -0.42778187 0.01448641
v -0.67817857 -0.96181544 -0.04667641
v -0.67020959 -0.96557067 -0.01160849
v -0.68465183 -0.82487186 0.01493172
v -0.66260116 -0.68375317 -0.05136550
v -0.64978376 -0.63302353 -0.06353976
v -0.67301966 -0.51571447 0.01392043
v -0.66217630 -0.50763072 -0.05166327
v -0.69403313 -0.85089021 -0.00040802
v -0.66412682 -0.70516536 0.01359692
v -0.67157520 -0.61164871 -0.07289695
v -0.65643470 -0.58273778 -0.07168726
v -0.66406549 -0.49917921 0.01392698
v -0.67235064 -0.41479239 0.01442458
v -0.66895410 -0.40974264 -0.05153570
v -0.71595877 -0.44781170 -0.04341691
v -0.65987574 -0.40050941 0.01367784
v -0.63529590 -0.78918262 -0.04333993
v -0.64427693 -0.78416366 0.01491581
v -0.65859329 -0.67785979 0.01346235
v -0.66880643 -0.54559116 0.02367848
v -0.65526526 -0.50014654 0.01437415
v -0.64156281 -0.48796770 -0.05150297
v -0.64005012 -0.48373771 0.01412937
v -0.65790475 -0.39942563 -0.05149395
v -0.68389564 -0.42002430 0.01181847
v -0.63855265 -0.78675949 0.01153903
v -0.64331456 -0.66408182 0.01358908
v -0.64469166 -0.64473893 0.02033649
v -0.65119053 -0.59049055 -0.07258053
v -0.63339314 -0.51119543 0.02413194
v -0.65149862 -0.40109710 0.01469271
v -0.64844358 -0.38906616 0.01350253
v -0.65225548 -0.38595248 -0.04311932
v -0.65536964 -0.38103035 -0.01202657
v -0.62577547 -0.76493967 -0.05243995
v -0.64618375 -0.66846115 -0.05114931
v -0.64818229 -0.58258459 0.03525493
v -0.61302743 -0.48766693 -0.06093090
v -0.65644484 -0.41289554 0.01472021
v -0.63642977 -0.39298427 0.01464297
v -0.64252312 -0.38502670 -0.05159404
v -0.62418486 -0.36413148 -0.04986644
v -0.62633027 -0.36523716 0.01300111
v -0.62801038 -0.65004948 0.01360137
v -0.63843141 -0.58680131 0.03385088
v -0.63360574 -0.57370562 -0.07237984
v -0.62984725 -0.56174724 -0.07229989
v -0.64852824 -0.37527848 -0.02684415
v -0.62198937 -0.35559348 -0.04337839
v -0.64093173 -0.80248979 -0.01098422
v -0.61632182 -0.63973179 -0.05102445
v -0.62337792 -0.56135542 0.03542482
v -0.61382559 -0.54124551 0.03403928
v -0.62793133 -0.37456057 0.01443958
v -0.62266749 -0.76163735 0.01528490
v -0.61476364 -0.63493425 0.01400222
v -0.61745942 -0.59503827 -0.06443364
v -0.61677731 -0.55863941 -0.07232513
v -0.65505231 -0.53339223 -0.06153517
v -0.62213847 -0.46878323 -0.05146975
v -0.61270805 -0.45497842 -0.05140157
v -0.66925926 -0.83279126 -0.01960594
v -0.57789113 -0.59895110 -0.05198539
v -0.60786441 -0.59804060 0.02335018
v -0.60597402 -0.54999674 0.03465548
v -0.62333450 -0.46692893 0.01401559
v -0.60426004 -0.44807030 0.01384263
v -0.59327570 -0.31763510 -0.01961184
v -0.59455019 -0.74396038 0.01176773
v -0.59697049 -0.61857034 0.01365032
v -0.60893178 -0.54789535 -0.07260235
v -0.60056816 -0.53406734 0.03486469
v -0.60363761 -0.53636189 -0.07239276
v -0.59851538 -0.33984410 -0.05104185
v -0.59303837 -0.33199889 0.01335467
v -0.59922784 -0.73846081 0.01513179
v -0.58390303 -0.72316308 0.01472001
v -0.56946195 -0.70856549 0.01484528
v -0.59308684 -0.53527209 -0.07256858
v -0.61527020 -0.49251380 0.02409535
v -0.59919184 -0.44898939 -0.05223860
v -0.58118514 -0.42757282 0.01419367
v -0.58976958 -0.42486741 0.01369953
v -0.60170610 -0.34764033 0.01415830
v -0.58636764 -0.31899769 -0.04247890
v -0.58547970 -0.73497660 0.01195629
v -0.56292581 -0.62341053 -0.05173442
v -0.57807801 -0.60094706 0.01324917
v -0.56644961 -0.55767548 0.02331512
v -0.56713480 -0.55964680 -0.06099319
v -0.59052998 -0.52842267 0.03520404
v -0.58878955 -0.43531180 -0.05154812
v -0.64665815 -0.37941325 0.00439694
v -0.66978984 -0.83049698 -0.02791254
v -0.58810669 -0.72863498 -0.05224828
v -0.56749579 -0.41221511 0.01367592
v -0.57352864 -0.31578473 -0.05089305
v -0.53063438 -0.69633317 -0.01943389
v -0.57267057 -0.51361672 0.03512898
v -0.57397646 -0.51697992 -0.07286462
v -0.57808882 -0.51175207 -0.07279594
v -0.57594067 -0.42352415 -0.05152968
v -0.56366794 -0.41283029 -0.05187391
v -0.57685583 -0.31629374 0.01393480
v -0.56393872 -0.30089716 -0.04676840
v -0.58829757 -0.31387977 -0.01167386
v -0.54812442 -0.71145188 -0.01166377
v -0.55367113 -0.70391137 0.01246997
v -0.55356522 -0.49871487 0.03495988
v -0.53981896 -0.41279423 -0.05992920
v -0.55811031 -0.40103912 0.01376037
v -0.54714970 -0.29538674 0.01440312
v -0.55310175 -0.28601353 0.00382097
v -0.61898476 -0.76737329 -0.05043525
v -0.56057193 -0.58341927 0.01332546
v -0.55895779 -0.58257699 -0.05097578
v -0.55764070 -0.49141119 0.03518916
v -0.55229968 -0.48599120 -0.07276428
v -0.57358519 -0.44037698 0.02077052
v -0.54120046 -0.38882420 0.01382596
v -0.59317268 -0.74719003 0.00438024
v -0.55892686 -0.30749659 -0.05164374
v -0.55263167 -0.28851948 -0.04521221
v -0.55382471 -0.29281379 0.01303244
v -0.52911874 -0.69256541 -0.02761310
v -0.54615375 -0.68702108 0.01469204
v -0.57239266 -0.63527217 0.01417498
v -0.54097344 -0.56495407 0.01325017
v -0.55233873 -0.49958807 -0.07219378
v -0.52863804 -0.46858934 0.03571297
v -0.55145945 -0.40290203 0.01482079
v -0.53723864 -0.28048532 -0.05042131
v -0.52785829 -0.27370548 0.01416996
v -0.53342986 -0.47773074 -0.07290389
v -0.52969069 -0.41912899 -0.06358685
v -0.53830301 -0.38760913 -0.05160658
v -0.55242507 -0.37146087 -0.05168324
v -0.51045993 -0.66730294 -0.04311586
v -0.53813240 -0.68844948 0.01263047
v -0.52292941 -0.67150276 -0.05189360
v -0.53762363 -0.56959500 -0.05041929
v -0.52216832 -0.54657092 0.01324832
v -0.51387447 -0.45350108 0.03599011
v -0.52297149 -0.41709290 0.02682326
v -0.51444184 -0.36640071 -0.05223743
v -0.52784236 -0.37624462 0.01391528
v -0.51137231 -0.35647297 0.01335551
v -0.52209975 -0.26764949 -0.05166692
v -0.52910603 -0.26467901 -0.04389586
v -0.52444732 -0.66530612 0.01469123
v -0.51086058 -0.53312394 -0.05155715
v -0.52607604 -0.52282039 -0.06025041
v -0.52039650 -0.50931776 0.02465296
v -0.52593671 -0.45831671 -0.07250317
v -0.51400806 -0.25638559 -0.05025984
v -0.50967695 -0.24499545 -0.04269870
v -0.50968319 -0.65105964 0.01464126
v -0.50605876 -0.53067333 0.01327510
v -0.51613101 -0.46021426 -0.07276258
v -0.50879585 -0.35685238 -0.05126876
v -0.53022914 -0.32806484 0.01412616
v -0.50610215 -0.24858937 -0.05019477
v -0.51504948 -0.25525065 0.01388090
v -0.51231862 -0.65137733 -0.05206016
v -0.49663122 -0.63790823 0.01471594
v -0.47826316 -0.47585263 0.02299174
v -0.49958466 -0.43992937 -0.07351312
v -0.48188569 -0.41910066 -0.07306408
v -0.46858360 -0.50193785 -0.05061857
v -0.49433339 -0.36849917 -0.05960856
v -0.49021997 -0.33536406 0.01327440
v -0.49219602 -0.23871939 -0.05177532
v -0.49280962 -0.23083369 -0.04653931
v -0.49331413 -0.55680074 0.01388698
v -0.47788204 -0.55115202 -0.05166722
v -0.47819867 -0.46889611 -0.06251397
v -0.49093729 -0.36607032 0.02232722
v -0.49044316 -0.23938654 0.01431128
v -0.47863112 -0.22477797 -0.05173777
v -0.47468313 -0.20900757 0.00345732
v -0.44261583 -0.61039286 -0.01986272
v -0.47595020 -0.62672914 0.01296441
v -0.48363688 -0.63304463 -0.05114074
v -0.48831971 -0.51221542 0.01372422
v -0.46900181 -0.49620944 0.01341584
v -0.44979175 -0.47381261 -0.05210009
v -0.49261699 -0.43300527 0.03565104
v -0.46994147 -0.34102716 0.02125375
v -0.47262968 -0.31736056 0.01319944
v -0.46762872 -0.21733626 0.01418408
v -0.53593625 -0.26152427 -0.02111481
v -0.49158503 -0.21933220 -0.01212598
v -0.48358152 -0.62221702 -0.05199025
v -0.47521347 -0.61664020 0.01469622
v -0.47855398 -0.27755564 -0.05176511
v -0.43360817 -0.24288047 0.01408216
v -0.47366929 -0.21156758 -0.04578495
v -0.46705964 -0.20724921 0.01218593
v -0.40771346 -0.57396412 -0.01147663
v -0.46323212 -0.40534844 0.03578942
v -0.46074974 -0.30616540 0.01329167
v -0.43869268 -0.59636554 -0.04414344
v -0.44966140 -0.59896038 0.01448618
v -0.43763781 -0.58641091 -0.05166253
v -0.42065752 -0.49406474 0.01429067
v -0.44933331 -0.47777381 0.01349923
v -0.46715265 -0.42017695 -0.07123364
v -0.46040152 -0.39550808 -0.07224372
v -0.43304191 -0.28065431 -0.05093440
v -0.45004254 -0.29556082 0.01356154
v -0.45397181 -0.19616994 0.01404860
v -0.45337479 -0.19620595 -0.05147311
v -0.42193119 -0.58790699 -0.02705797
v -0.48255628 -0.63954306 0.00379191
v -0.44057734 -0.38401484 0.03577951
v -0.42968195 -0.36836271 -0.07285949
v -0.42411590 -0.15065428 -0.01972702
v -0.43651062 -0.57906416 0.01474911
v -0.42424367 -0.45414444 -0.05069492
v -0.44032261 -0.36192452 -0.07014287
v -0.46445376 -0.33911985 -0.05980511
v -0.43801549 -0.28473539 0.01376886
v -0.41964663 -0.26591100 0.01357350
v -0.40792582 -0.21589591 -0.05183247
v -0.43781022 -0.18801596 0.01432719
v -0.44098231 -0.17983334 -0.04703357
v -0.43640903 -0.17666338 0.01210670
v -0.43041878 -0.16696879 -0.04370630
v -0.46764256 -0.20044878 -0.03582666
v -0.42534010 -0.45478046 0.01352713
v -0.44894269 -0.39680235 -0.07227226
v -0.44324850 -0.34787854 0.02881727
v -0.44461121 -0.31594525 0.02120202
v -0.42825534 -0.17475165 -0.05165894
v -0.42665505 -0.16819956 0.01364182
v -0.40492370 -0.13922489 0.00307658
v -0.41896659 -0.56253478 0.01477085
v -0.43520491 -0.43756520 -0.05974543
v -0.44123947 -0.43673517 0.02407094
v -0.39599204 -0.39526480 0.02255183
v -0.39472783 -0.38514641 -0.06267199
v -0.42111780 -0.37424017 -0.07124162
v -0.42198990 -0.16754728 -0.05108950
v -0.41725730 -0.15561971 -0.04609918
v -0.41521432 -0.14278162 -0.01169590
v -0.41997388 -0.57141200 0.01322705
v -0.39097252 -0.54064342 -0.05173103
v -0.41963291 -0.36630763 0.03542769
v -0.40871842 -0.35381133 -0.07282509
v -0.40741562 -0.25643243 -0.05117837
v -0.42169716 -0.17244122 0.01435728
v -0.40721065 -0.14743866 0.01202863
v -0.40120696 -0.34557234 0.03596098
v -0.39697875 -0.33394510 -0.07287932
v -0.40540923 -0.15264319 -0.05169674
v -0.39819162 -0.13628404 -0.04513970
v -0.40746898 -0.13635046 -0.02664070
v -0.38992061 -0.54045918 0.01434992
v -0.40412713 -0.28546633 0.02377287
v -0.39704967 -0.27732324 -0.06034487
v -0.39671753 -0.24298299 0.01340888
v -0.38403046 -0.13113897 -0.05154969
v -0.39044738 -0.54732772 0.00760088
v -0.37173220 -0.51728003 0.01474184
v -0.39612788 -0.42510756 0.01342997
v -0.37724687 -0.22837361 -0.05140900
v -0.38168530 -0.22928693 0.01334192
v -0.40213761 -0.15306899 0.01429861
v -0.38428071 -0.13408151 0.01422673
v -0.38383066 -0.33386231 -0.07226973
v -0.37555331 -0.31458247 -0.07296940
v -0.38292171 -0.32713650 0.03572419
v -0.38571528 -0.30357579 0.03144638
v -0.36883858 -0.39923437 0.01330491
v -0.36994136 -0.31829107 0.03508793
v -0.36811631 -0.30801100 0.03525095
v -0.38774485 -0.25648260 0.02004200
v -0.35426042 -0.51041765 0.00981167
v -0.37044658 -0.39955865 -0.05072238
v -0.37120823 -0.22017050 0.01331916
v -0.38885265 -0.12943734 0.01173322
v -0.36775998 -0.10672377 -0.04440859
v -0.31781508 -0.48516956 -0.02757517
v -0.39072949 -0.44317824 -0.05119395
v -0.35464762 -0.35406840 0.02293985
v -0.34890700 -0.30183032 0.03471644
v -0.35910447 -0.30155263 -0.07318072
v -0.35060744 -0.28720396 0.03464731
v -0.35837910 -0.20707424 0.01305585
v -0.34822494 -0.14647107 -0.05198283
v -0.32221868 -0.49195987 -0.01773577
v -0.34612961 -0.49641771 -0.05199017
v -0.34604695 -0.38485246 0.01328301
v -0.35518965 -0.38244174 0.01409580
v -0.35543454 -0.31059360 -0.07170208
v -0.35959628 -0.21202067 -0.05152424
v -0.34086162 -0.19287935 -0.05139040
v -0.34663613 -0.08625167 -0.04367672
v -0.33768952 -0.08679022 0.01388761
v -0.31219973 -0.04557003 -0.01155678
v -0.34869184 -0.35478086 -0.05920546
v -0.34672104 -0.28231809 -0.07204057
v -0.34181559 -0.14707379 0.01375899
v -0.35545725 -0.10344537 -0.05162404
v -0.33494096 -0.49305103 -0.04587948
v -0.31608068 -0.31527823 0.02344883
v -0.33966772 -0.28908918 -0.07271354
v -0.32707749 -0.27316806 -0.07354588
v -0.33759878 -0.18775304 0.01324751
v -0.35856517 -0.45177798 0.01427900
v -0.33533979 -0.36709164 0.01314702
v -0.33209719 -0.36408673 -0.05069101
v -0.32656474 -0.26369466 0.03464673
v -0.30103647 -0.21872330 -0.06857169
v -0.33476493 -0.22275909 0.02434102
v -0.33604613 -0.08437423 -0.05128920
v -0.31279337 -0.06189714 -0.05083478
v -0.31189348 -0.05913360 0.01380701
v -0.32022820 -0.44013773 -0.05186727
v -0.30255609 -0.39387679 0.01460418
v -0.31495989 -0.26864616 0.03474305
v -0.31063650 -0.25854960 -0.07342879
v -0.29973904 -0.14172816 -0.05139585
v -0.31795386 -0.05913377 -0.04330428
v -0.34953036 -0.07935287 -0.01966131
v -0.30492299 -0.47710048 -0.01763723
v -0.33240596 -0.48671819 0.01277401
v -0.31764099 -0.46410420 0.01461804
v -0.30741007 -0.29762983 -0.06373564
v -0.32010296 -0.17090570 -0.05106805
v -0.31882844 -0.16730887 0.01295339
v -0.29637047 -0.05267223 -0.05167709
v -0.33222393 -0.06553269 -0.02763716
v -0.32357478 -0.06364622 0.00631312
v -0.29487969 -0.47054550 -0.02001277
v -0.30648700 -0.46561429 0.01150719
v -0.30661986 -0.34165348 -0.04997786
v -0.30221859 -0.23891628 0.03463831
v -0.30043562 -0.14967125 0.01319479
v -0.29600424 -0.15022759 -0.05167786
v -0.30119180 -0.45915949 -0.05202267
v -0.29733317 -0.46306918 -0.04395123
v -0.28353243 -0.37627620 -0.05259302
v -0.31673775 -0.34836274 0.01301606
v -0.30083805 -0.33198090 0.01302866
v -0.29299052 -0.23816642 -0.07307957
v -0.30007904 -0.18198244 0.02277845
v -0.26667305 -0.08672214 -0.05191421
v -0.29698838 -0.04793922 -0.05081674
v -0.28900639 -0.04677358 0.01462829
v -0.28155257 -0.46556796 -0.02009704
v -0.28348469 -0.45752075 0.00422771
v -0.28278169 -0.45281852 0.01282480
v -0.29433206 -0.45105668 0.01498734
v -0.28221568 -0.45151823 -0.05156970
v -0.26998877 -0.30736262 -0.04976878
v -0.29066999 -0.24390194 0.03502345
v -0.29419311 -0.17333729 -0.05967106
v -0.27710895 -0.12875085 0.01343629
v -0.30180641 -0.04417066 -0.04345147
v -0.28301806 -0.03059328 0.01246555
v -0.27318532 -0.01593178 0.00367337
v -0.28526316 -0.31757622 0.01280923
v -0.32175417 -0.33216572 -0.05834778
v -0.26960334 -0.30466998 0.01244708
v -0.25582874 -0.25919517 0.02280586
v -0.28049283 -0.24672794 -0.06988604
v -0.27964465 -0.22613892 0.03553115
v -0.28735024 -0.03267221 -0.04648137
v -0.27360556 -0.01765442 -0.04266298
v -0.26564388 -0.46214181 -0.02759859
v -0.28443412 -0.42543743 0.01449753
v -0.26780957 -0.42255064 -0.05066406
v -0.26126910 -0.38511858 0.01429695
v -0.24843518 -0.34478280 0.01456599
v -0.25874260 -0.29394101 0.01239570
v -0.26537375 -0.20657948 0.03497707
v -0.28111377 -0.13500436 -0.05127327
v -0.26691146 -0.12121503 -0.05134621
v -0.27501400 -0.02568392 -0.04980629
v -0.27033836 -0.45623849 -0.04371549
v -0.24603439 -0.37131974 -0.05184189
v -0.20995770 -0.31012354 -0.05267557
v -0.26731780 -0.21554634 -0.07337320
v -0.26464298 -0.21628735 0.03504029
v -0.25855682 -0.01472481 -0.05177926
v -0.25695613 -0.00312158 -0.04480277
v -0.25622032 0.00723555 -0.01974329
v -0.24976938 -0.28418708 0.01261434
v -0.24559423 -0.19729764 0.03525286
v -0.27198358 -0.10490700 0.01386198
v -0.26544698 -0.02458013 0.01452555
v -0.23336799 -0.46021114 -0.04413591
v -0.27054092 -0.44365446 0.01423241
v -0.21228187 -0.39309119 -0.04395943
v -0.25008341 -0.19760152 -0.07341088
v -0.25541729 -0.18276924 0.03257862
v -0.24445452 -0.18110901 -0.07163109
v -0.24994839 -0.12474981 0.02053817
v -0.25243886 -0.10489549 0.01349537
v -0.24905662 -0.10551357 -0.05168283
v -0.24778814 -0.00364720 -0.05160208
v -0.25113119 0.00969512 -0.02761606
v -0.25546351 -0.00325440 0.01143282
v -0.23842863 -0.41397728 0.00816654
v -0.23552206 -0.36482315 0.01318908
v -0.22069023 -0.30330172 0.01461531
v -0.23605267 0.01242850 -0.04940248
v -0.24272654 -0.45354334 0.01350077
v -0.21232876 -0.45183537 0.01336865
v -0.23910872 -0.25637798 -0.05674971
v -0.22912729 -0.26623495 0.01238360
v -0.23570328 -0.08848205 0.01322207
v -0.24947328 -0.00668972 0.01437476
v -0.25806438 0.00433967 -0.01093576
v -0.23007786 -0.17843149 0.03550536
v -0.23679797 -0.11643969 -0.05958591
v -0.21700555 -0.10194091 0.02322351
v -0.22329911 0.02067006 -0.05115920
v -0.26351856 -0.46401033 -0.01954537
v -0.20569488 -0.45965845 0.01233408
v -0.22906197 -0.45207040 -0.05128271
v -0.22872852 -0.17706380 -0.07314907
v -0.21226973 -0.14959840 -0.07198377
v -0.22082580 -0.07416321 0.01315620
v -0.21525736 0.03192429 0.01378577
v -0.20258896 -0.45935754 -0.05040896
v -0.22296418 -0.26146927 -0.04971662
v -0.20186702 -0.23893220 0.01256036
v -0.22497655 -0.23295201 0.02174010
v -0.19860107 -0.16037445 -0.07099537
v -0.20642969 -0.16273114 0.03417068
v -0.21390752 -0.15900869 -0.07316265
v -0.24544081 -0.45926449 0.00404859
v -0.21584457 -0.33508850 0.01432420
v -0.20925810 -0.33469200 -0.05172835
v -0.20315413 -0.21581492 -0.05863872
v -0.21327416 -0.15832481 0.03538942
v -0.19388567 -0.14130328 0.03565818
v -0.20238215 -0.05501038 0.01309398
v -0.22333934 0.00763485 -0.05171677
v -0.22204361 0.03055160 -0.04451035
v -0.18940024 0.06872799 -0.02698443
v -0.16523835 0.08607114 0.00350536
v -0.25817817 -0.46324236 -0.01106185
v -0.20725913 -0.44257622 -0.04932939
v -0.16485967 -0.44844818 0.01308287
v -0.21398741 -0.39575031 0.00495462
v -0.18945114 -0.37430449 0.00267750
v -0.18838838 -0.19870409 0.02133407
v -0.19757183 -0.14382369 -0.07323968
v -0.19370994 -0.07521333 0.02214237
v -0.20328536 -0.06132574 -0.05115348
v -0.19245450 0.05886329 -0.04325927
v -0.17688541 -0.47253563 -0.02736822
v -0.15880895 -0.34684960 0.00169661
v -0.18095170 -0.03520760 0.01311214
v -0.16543233 0.02695095 -0.05154560
v -0.18450660 0.05715988 -0.05085538
v -0.19244151 0.05247030 0.01361603
v -0.16991186 -0.37332619 0.00163713
v -0.16067561 -0.17269489 -0.05892242
v -0.18473825 -0.12598164 -0.07236964
v -0.16879150 -0.02679394 -0.05102254
v -0.23121978 -0.03837994 0.01419738
v -0.17996132 0.06964682 -0.04479779
v -0.16289929 -0.47548555 -0.01972133
v -0.16369206 -0.46833601 0.00331067
v -0.15712164 -0.46878406 -0.04219428
v -0.16871406 -0.27142737 -0.05306589
v -0.17854899 -0.21683002 0.01241718
v -0.16501475 -0.20458466 0.01236803
v -0.16379543 -0.17261885 0.02191312
v -0.15518996 -0.10497437 -0.07332973
v -0.17742079 -0.06113317 -0.05960320
v -0.16891007 0.07180595 -0.05097847
v -0.17958843 0.07905268 -0.01173073
v -0.16297862 -0.47407491 -0.01233650
v -0.16201340 -0.46185110 0.01369151
v -0.16676432 -0.42365525 -0.04724205
v -0.17487505 -0.13042017 -0.07260670
v -0.17156274 -0.12035730 0.03593647
v -0.14006089 -0.08355426 -0.07251598
v -0.16524449 -0.02049051 0.01313908
v -0.16129805 0.08589779 -0.04629111
v -0.17012998 0.07347605 0.01368639
v -0.15545258 -0.47342122 -0.02730505
v -0.15410812 -0.46253020 0.01212032
v -0.14982035 -0.45062889 0.01442607
v -0.15609047 -0.45997619 -0.05285304
v -0.14071702 -0.31417007 0.00409529
v -0.18082060 -0.28756823 0.01504372
v -0.17589645 -0.21938679 -0.05024757
v -0.14562108 -0.09575320 0.03596667
v -0.15325854 -0.47456164 -0.01799983
v -0.15943956 -0.35305169 -0.04026824
v -0.12493450 -0.34874995 0.00222291
v -0.12065366 -0.22734397 -0.05252214
v -0.15035620 -0.11115773 -0.07240664
v -0.12726399 -0.08128169 -0.07317806
v -0.15000674 -0.00646746 0.01312271
v -0.15381030 0.01653203 0.01350138
v -0.13880576 0.08799982 0.01424137
v -0.14391527 0.09275978 -0.05122789
v -0.14436509 0.09986970 0.01210174
v -0.14889174 0.09824887 -0.04490010
v -0.12911036 -0.33185540 0.00078038
v -0.17357325 -0.30454042 -0.05068606
v -0.14773684 -0.18717870 -0.04989652
v -0.14878070 -0.18835701 0.01234250
v -0.13644090 0.00640549 -0.05083835
v -0.13576350 0.00777886 0.01305020
v -0.13777975 -0.45966417 -0.03348302
v -0.13150187 -0.43536917 -0.05276000
v -0.16097976 -0.36899091 -0.04021531
v -0.12516098 -0.21746949 0.01467650
v -0.13363963 -0.18075610 0.01216305
v -0.13210464 -0.16234450 0.01497826
v -0.13177343 -0.07243609 0.03491991
v -0.12844333 -0.02250755 -0.06239305
v -0.13038984 0.10400452 0.01413390
v -0.16502378 0.09384068 -0.01977567
v -0.14015367 -0.46716012 -0.01963330
v -0.13933727 -0.45926207 -0.00151658
v -0.13261050 -0.45780276 -0.01167893
v -0.12949447 -0.43507773 0.01441124
v -0.13568970 -0.32232360 -0.04057097
v -0.09313971 -0.27325671 0.00302008
v -0.12131665 -0.16145746 0.01207467
v -0.10726044 -0.05208630 -0.07248477
v -0.16599526 -0.05070744 0.02252104
v -0.11031416 -0.00261830 0.02499873
v -0.12251478 0.12344333 -0.04468772
v -0.10437525 -0.42145644 0.00528898
v -0.10497545 -0.30609997 0.00113758
v -0.14305733 -0.26345520 0.01475271
v -0.10739792 -0.24049639 -0.05083068
v -0.10909636 -0.15672868 0.01213993
v -0.12387406 -0.16421944 -0.04991546
v -0.10648030 -0.06932165 -0.07198631
v -0.10853388 0.12740692 -0.05163857
v -0.13092084 0.11076997 -0.04998962
v -0.12288264 -0.43665325 0.01165907
v -0.09324729 -0.39644564 0.01462962
v -0.08738441 -0.35941590 -0.04805909
v -0.11365940 -0.32416560 -0.03941486
v -0.11447956 0.02961509 0.01321646
v -0.08508066 0.14935347 -0.05159200
v -0.11447801 -0.24245659 0.01343007
v -0.10314209 -0.14339803 0.01223204
v -0.08376416 0.02347871 -0.06410877
v -0.11026509 0.13345605 0.01034920
v -0.13100623 -0.44419251 -0.05040461
v -0.08213554 -0.39425015 0.01171229
v -0.09783942 -0.29004486 -0.04025324
v -0.09194862 -0.13310387 0.01226543
v -0.09844109 -0.13969928 -0.04996192
v -0.08210980 -0.10108736 -0.05799520
v -0.10406730 -0.11304933 0.02250474
v -0.08471976 -0.04791946 -0.07178547
v -0.09132449 0.14501275 0.01349630
v -0.08050504 0.17013022 -0.01187884
v -0.07223826 -0.39832576 -0.02689275
v -0.07780455 -0.28838981 -0.03973118
v -0.08969965 -0.19733565 0.01496624
v -0.07719522 -0.02711085 -0.07335522
v -0.07372060 0.02217921 0.02954081
v -0.09739588 0.04530945 -0.05133586
v -0.09144262 0.05012639 0.01334675
v -0.08669432 0.15741107 0.00471570
v -0.06743472 0.16805700 0.01339981
v -0.13535473 0.12079707 -0.02226359
v -0.06144653 -0.37896899 0.00341047
v -0.07569551 0.05708605 -0.05092922
v -0.06675275 0.16442186 -0.05156101
v -0.09059289 0.15325278 -0.04304108
v -0.06962629 0.34606753 -0.03954568
v -0.07563382 0.34198681 -0.00222972
v -0.07938051 0.38531950 -0.03512602
v -0.07826285 0.36348666 -0.00425498
v -0.08098259 0.38589327 -0.02149093
v -0.07389151 0.37732346 0.00024592
v -0.07416936 0.37341858 -0.03908924
v -0.07948086 0.42215894 -0.00408507
v -0.07431933 0.43155658 -0.03893509
v -0.07943800 0.45510595 -0.01181571
v -0.07922252 0.44684657 -0.03385490
v -0.07469284 0.48278122 -0.03736410
v -0.07507164 0.48909257 -0.00339070
v -0.07469015 0.45622541 -0.00023595
v -0.07657956 0.48911065 -0.02467996
v -0.07165651 -0.27441784 0.00109928
v -0.07221610 -0.25815126 -0.04103469
v -0.07894461 -0.12463058 0.01174889
v -0.07398253 -0.17350287 -0.05286504
v -0.06998074 -0.11237139 0.01227670
v -0.01256965 -0.02155286 -0.06234985
v -0.11503113 -0.07443272 0.03538756
v -0.07722916 -0.03083478 0.03667180
v -0.06558356 0.01687100 -0.07008722
v -0.04693548 0.03510370 0.02822703
v -0.07211097 0.16991794 -0.04390764
v -0.06702940 0.18345323 -0.02240213
v -0.05895851 0.18811646 -0.00078469
v -0.06223160 0.30368029 0.00366777
v -0.06662748 0.28872121 -0.03446562
v -0.07123823 0.31042968 -0.00443258
v -0.07618681 0.33702851 -0.03350750
v -0.06652471 0.32334354 -0.04087379
v -0.06759691 0.48173402 -0.00018197
v -0.06693182 0.47814023 -0.03877061
v -0.06670177 0.50571285 -0.03951284
v -0.07167911 0.51088998 -0.03514489
v -0.06648449 0.52739756 -0.03818520
v -0.06836959 0.53848579 -0.01937432
v -0.07722794 -0.40573023 -0.01783811
v -0.06425829 -0.36910107 0.01437234
v -0.04349441 -0.34473593 0.01423601
v -0.05661446 -0.18525635 0.01391404
v -0.05571125 -0.15659236 0.01543780
v -0.05542194 -0.09866559 0.01234155
v -0.05115934 -0.00821708 -0.07345129
v -0.07049124 0.03340110 -0.06433061
v -0.03475598 0.06188728 -0.05058983
v -0.07434278 0.05863180 0.01306853
v -0.05513974 0.19893360 -0.02424386
v -0.06489683 0.28444120 -0.00414575
v -0.05920314 0.30067498 -0.04243517
v -0.06033815 0.29208642 0.00511067
v -0.06658359 0.32230267 0.00241643
v -0.06792538 0.33824528 0.00122787
v -0.05928996 0.52633412 -0.03873772
v -0.05952114 0.52523003 -0.00044369
v -0.06613628 0.54068734 -0.03549604
v -0.06664160 0.53674964 -0.00193433
v -0.05990465 0.57016802 -0.03650870
v -0.05851023 0.55426866 -0.03950899
v -0.05504959 0.59422556 -0.02495011
v -0.05692114 0.55878166 0.00039846
v -0.06012894 0.57237593 -0.00342611
v -0.04599845 -0.35524150 0.01352877
v -0.04551842 -0.24360633 -0.03971688
v -0.07142976 -0.11611405 -0.04991010
v -0.04684826 0.04482502 -0.06098691
v -0.05575081 0.18941292 -0.04129701
v -0.05285340 0.23697406 -0.02733673
v -0.04832865 0.23662115 -0.04388026
v -0.05281110 0.25171461 0.00614332
v -0.05236522 0.23898577 -0.00615128
v -0.05819698 0.27054643 0.00430858
v -0.05295273 0.26398915 -0.04652843
v -0.05022383 0.26761144 0.00771577
v -0.06800989 0.40619367 -0.00102392
v -0.04506969 0.41630752 -0.00659208
v -0.04785217 0.39866014 -0.03363285
v -0.05088444 0.56060376 -0.03812813
v -0.05115915 0.58037065 0.00063926
v -0.05161490 0.60177661 -0.00246539
v -0.05205498 0.60010952 -0.03620553
v -0.06546777 -0.38124253 -0.04624123
v -0.00822359 -0.33203942 -0.01992693
v -0.06272821 -0.19414094 -0.05117032
v -0.05162143 -0.07251085 0.01978197
v -0.04817733 0.19200552 0.01405901
v -0.04506270 0.19404878 -0.05217056
v -0.04379316 0.20745894 0.01331154
v -0.05207084 0.21200223 -0.01939645
v -0.04659934 0.21933465 0.00438703
v -0.05937359 0.28277424 -0.04468840
v -0.05001364 0.47092492 -0.03421102
v -0.04208169 0.49387322 -0.00670896
v -0.03988169 0.61998660 -0.03949296
v -0.04457705 0.59691717 0.00015065
v -0.04365957 0.62498919 -0.00185373
v -0.04462303 0.62598827 -0.03523469
v -0.05117872 -0.26886508 -0.04015441
v -0.05306165 -0.28575550 0.00340551
v -0.04166567 -0.22597470 0.00197532
v -0.02557071 -0.00207036 -0.06910555
v -0.04457112 -0.00679754 0.03596647
v -0.04487589 0.01384234 0.03420385
v -0.04325447 0.02454516 -0.06878854
v -0.05174316 0.06284614 0.01304078
v -0.00922188 0.12407238 -0.05189770
v -0.02293533 0.08691907 0.01321246
v -0.04233229 0.24079266 -0.04861184
v -0.04240941 0.32820119 -0.03579820
v -0.02644536 0.40243155 -0.03215877
v -0.04230039 0.51230109 -0.03380923
v -0.04953993 0.58853252 -0.03929381
v -0.03037822 0.63448398 0.00009455
v -0.03603864 0.64619722 -0.00149237
v -0.02714746 0.67004412 -0.02580705
v -0.01437830 -0.33631510 -0.01177162
v -0.02719273 -0.33568577 0.01332378
v -0.02052479 0.01390797 0.02865818
v -0.03331737 0.20950358 -0.05161004
v -0.03092193 0.35041957 -0.00627419
v -0.02161804 0.32291600 -0.03507992
v -0.02516894 0.48107409 -0.03149568
v -0.02690292 0.45885680 -0.00890666
v -0.03879304 0.58890724 -0.00248127
v -0.03529162 0.64563931 -0.03763504
v -0.02386990 0.65844218 0.00064656
v -0.02692527 0.66197617 -0.03910747
v -0.02740212 -0.32654581 0.01396337
v -0.01299300 -0.23609921 -0.04114948
v -0.02657429 -0.22294206 -0.03963963
v -0.04538478 -0.22373061 -0.04189085
v -0.01951763 -0.15051147 -0.05112522
v -0.03405730 -0.13210168 0.01549474
v -0.02748636 -0.12815035 -0.05293997
v 0.00746908 -0.10272030 0.01606721
v -0.03482265 -0.07756517 0.01280667
v -0.00287637 -0.08966184 -0.05286188
v -0.01706235 0.05187712 0.01263826
v -0.03359079 0.20727048 0.01335711
v -0.04148836 0.23891862 0.01162346
v -0.02028863 0.25464896 -0.04244942
v -0.03362252 0.31042940 -0.00244375
v -0.01806591 0.38345360 -0.00656588
v -0.01844393 0.46131161 -0.00864842
v -0.01604925 0.42938316 -0.03252027
v -0.02799453 0.66491521 -0.00282511
v -0.01550285 0.67443334 0.00086751
v -0.02501402 -0.33210300 -0.05151383
v -0.02773385 -0.23163064 0.00024715
v -0.02153489 -0.13807043 0.01501607
v -0.01314169 -0.05530316 -0.05106131
v -0.00143162 -0.04486841 -0.05081180
v -0.02844590 -0.02415089 0.02871607
v -0.01188787 -0.01060618 0.01822754
v -0.00953187 0.03609878 0.01274534
v -0.01159153 0.14335783 0.01405695
v -0.00755339 0.46265748 -0.00683624
v -0.01358656 0.68233031 -0.03924154
v -0.02017812 0.68093374 -0.00233083
v -0.00784620 0.69057490 0.00067473
v -0.00805093 0.70516820 -0.00260344
v -0.00018146 -0.32113567 -0.02794755
v -0.02456969 -0.32373305 -0.05147537
v -0.00275356 -0.31017472 0.01264246
v -0.01031801 -0.30603444 0.01357577
v 0.01241577 -0.17592305 0.00093161
v -0.00927513 -0.05290192 0.01334680
v -0.01653107 -0.01762845 0.02588794
v 0.00407230 0.00714600 0.01195814
v -0.01715214 0.02995371 -0.06100476
v 0.00721639 0.16958172 -0.04802372
v -0.00652431 0.30111107 -0.00279437
v -0.00448226 0.52198180 -0.00859746
v -0.00489836 0.49302791 -0.03252781
v -0.01259380 0.55497318 -0.00885036
v -0.02042509 0.58939013 -0.00629842
v -0.01646868 0.68859485 -0.03659522
v 0.00098576 0.70650550 0.00075916
v -0.00468175 0.71288198 -0.03558956
v -0.00788358 -0.19842737 -0.03961262
v 0.01234790 -0.02062717 -0.05058982
v 0.00610120 -0.03490735 0.01314604
v -0.01006937 0.26709499 0.00051885
v -0.00333344 0.55787270 -0.03056760
v -0.00049909 0.70529655 -0.03922373
v 0.00867335 0.72383482 -0.03951351
v 0.01643331 0.74810022 -0.03490101
v 0.00512264 -0.30816437 -0.04374649
v 0.00988236 -0.29553572 0.01355612
v -0.00202532 -0.20344488 0.00007155
v 0.01088931 -0.18284795 -0.03982086
v 0.01170518 0.01453583 -0.05092561
v -0.00052270 0.03710681 -0.05037027
v 0.02296271 0.18858483 0.00355826
v 0.01314092 0.23670339 -0.03832484
v -0.00178049 0.28214239 -0.03709628
v 0.00323474 0.51381882 -0.00702104
v 0.01191653 0.55325571 -0.00845748
v -0.00642895 0.59293583 -0.03149590
v 0.01394780 0.67526529 -0.00590486
v 0.01409395 0.73341401 0.00114857
v 0.00629264 0.73122298 -0.00405555
v 0.01449831 -0.28137447 0.01362290
v 0.03857610 -0.18776098 -0.04139473
v 0.03654182 -0.17118796 -0.00019421
v 0.01984496 -0.10685765 -0.05233955
v 0.02635364 -0.07747608 0.01654887
v 0.01427545 0.13327157 0.01339095
v 0.02724694 0.17268476 -0.04487745
v 0.02700008 0.36776206 0.00441433
v 0.00691186 0.30067884 -0.03897810
v 0.02651911 0.40411407 -0.04471662
v 0.01544496 0.56755819 -0.03133511
v 0.01916283 0.63698232 -0.00920683
v 0.00036906 0.63768095 -0.03313620
v 0.04004944 0.70051845 -0.00794261
v 0.01927308 0.74104882 -0.03947015
v 0.05073443 -0.26935051 -0.01168920
v 0.05573958 -0.26527798 -0.02751658
v 0.05555468 -0.25080087 -0.05027141
v 0.00421913 -0.22959237 0.00350603
v 0.03817093 -0.14349741 0.00308137
v 0.05225283 -0.06091923 -0.05347802
v -0.00197802 0.14823938 -0.05149915
v 0.03495969 0.41546143 0.00671287
v 0.02504767 0.61284695 -0.00959118
v 0.02080303 0.75367446 -0.00215187
v 0.01950476 -0.29274313 0.00402376
v 0.02807962 -0.27830388 0.01178551
v 0.00679493 -0.13054919 0.01260906
v 0.05620742 -0.06817653 0.01556194
v 0.01187840 -0.01880609 0.01280036
v 0.05981681 0.00311001 0.01579003
v 0.04769150 0.07226941 -0.05288717
v 0.07166439 0.21509203 -0.04780079
v 0.03174158 0.26568410 -0.03774387
v 0.05259848 0.49805241 0.00834759
v 0.02835767 0.74749609 0.00025063
v 0.02434040 -0.27317249 0.01371151
v 0.04865561 -0.15456887 -0.03978155
v 0.07609353 -0.04681568 0.01649249
v 0.04513999 0.14645508 -0.04578168
v 0.03513251 0.16156371 0.00560248
v 0.04026134 0.28089776 -0.00170849
v 0.06658874 0.35712257 -0.00067204
v 0.03994288 0.45068267 0.00742924
v 0.03531361 0.44452656 -0.04654695
v 0.03953502 0.48431309 -0.04579477
v 0.07272968 0.54494195 0.00917728
v 0.05400860 0.54018452 -0.04470294
v 0.03543856 0.61819847 -0.03029763
v 0.02816669 0.75539587 -0.03978436
v 0.04137568 0.78255737 -0.03532049
v 0.04143390 0.78167101 -0.00316588
v 0.04340035 -0.13676224 -0.04164433
v 0.03686034 0.08261620 0.01503710
v 0.06404526 0.18385118 -0.04636985
v 0.02162917 0.24166577 -0.00180405
v 0.04692204 0.31059116 -0.03870817
v 0.03643321 0.37642496 -0.04395437
v 0.05735628 0.45593087 -0.04683232
v 0.05110406 0.47460902 -0.04794962
v 0.03816574 0.68726137 -0.03072945
v 0.06467857 0.71615806 -0.03002475
v 0.04451418 0.77544226 0.00084742
v 0.04511369 0.77606486 -0.03965548
v 0.08082020 -0.11139452 -0.04087098
v 0.09743865 -0.08218244 0.00486541
v 0.05779672 0.15300288 0.00460668
v 0.06724517 0.24249719 -0.04703800
v 0.04739344 0.28899875 -0.03889742
v 0.06704512 0.33859753 -0.03881922
v 0.04414714 0.61089821 -0.00699123
v 0.06338782 0.66547320 -0.03051292
v 0.05191333 0.78922609 0.00027009
v 0.05986065 -0.26242182 -0.01924449
v 0.09058527 -0.20604605 0.01392712
v 0.06122515 -0.06954650 -0.05245632
v 0.06342521 0.11764491 0.00499052
v 0.05818858 0.19718398 0.00794623
v 0.06450028 0.24902222 0.00613070
v 0.06033033 0.31405671 -0.00090088
v 0.08438290 0.43215428 -0.04032220
v 0.06066992 0.47616926 0.00833414
v 0.07535557 0.67830567 -0.00853934
v 0.05620690 0.67700127 -0.01028792
v 0.08620231 0.71445024 -0.01075957
v 0.06123052 0.78949273 0.00021025
v 0.07918189 -0.22644883 0.01175580
v 0.07199360 -0.12801898 0.00074232
v 0.07438371 0.03371118 0.01488722
v 0.07753244 0.06077512 0.01409454
v 0.06676606 0.10902003 -0.04606589
v 0.08464025 0.14144518 -0.04222663
v 0.07797143 0.37187464 -0.03887170
v 0.09379938 0.43256305 -0.00082195
v 0.06456134 0.48258875 -0.04797853
v 0.06617338 0.51556986 -0.04859000
v 0.06649430 0.81266686 -0.00469368
v 0.07145745 0.80974502 0.00094824
v 0.08415212 0.83103725 -0.02041868
v 0.07643833 -0.23460517 -0.04388480
v 0.09131103 -0.13292641 -0.04151216
v 0.06317925 0.03227490 -0.05353197
v 0.09783089 0.07812874 0.01256346
v 0.08022685 0.13523450 0.00283699
v 0.07600829 0.21812514 0.00864577
v 0.09235206 0.37493561 -0.03999065
v 0.07996847 0.54956829 -0.04921517
v 0.09079794 0.70802881 -0.02979626
v 0.05742929 0.79400309 -0.03961319
v 0.11414650 -0.11499361 0.00351395
v 0.07564350 0.05299755 -0.05224783
v 0.13120486 0.11942665 0.01281370
v 0.10164904 0.17679562 0.00136564
v 0.10048388 0.25242820 0.00838281
v 0.09764434 0.26121978 -0.04833151
v 0.09279625 0.58705834 0.00883547
v 0.11088882 0.74971997 -0.02891235
v 0.09523529 0.76469836 -0.03105544
v 0.06624124 0.81250791 -0.03494924
v 0.07810083 0.82404194 -0.00400077
v 0.08653199 -0.22463214 0.00431467
v 0.10640779 -0.19075604 0.01362007
v 0.06040385 -0.14917040 0.00009024
v 0.11994029 -0.09879879 -0.04092676
v 0.11789537 -0.07878719 -0.04144913
v 0.09532503 -0.02249644 -0.05412754
v 0.09665690 0.00676418 -0.05141315
v 0.10543494 0.10947515 -0.04982557
v 0.09038633 0.28089153 0.00893262
v 0.09067326 0.54352530 -0.04900801
v 0.09352373 0.59542408 -0.04783804
v 0.12214618 0.65898658 -0.04491082
v 0.11385573 0.74121431 -0.01046206
v 0.08641841 0.82498112 -0.03955684
v 0.11985212 0.86122073 -0.02815972
v 0.10079305 -0.10528687 0.00139508
v 0.10801133 0.18676117 -0.04040640
v 0.13088260 0.21796588 0.00030828
v 0.08286360 0.35719655 -0.00030089
v 0.10366259 0.41254421 -0.03915636
v 0.09234733 0.54316028 0.00949933
v 0.11668928 0.58994835 -0.04889285
v 0.09170277 0.75667300 -0.00892299
v 0.09477640 0.83238554 0.00082273
v 0.10284232 0.84441579 -0.00011571
v 0.07369379 -0.22392000 -0.05201453
v 0.11237537 0.09274356 -0.05049113
v 0.10153702 0.30620004 -0.04813252
v 0.09798220 0.39212239 -0.00025806
v 0.12935148 0.76976686 -0.01057044
v 0.11704970 0.85091162 0.00049365
v 0.10919032 0.85048701 -0.03801835
v 0.10130969 -0.21706850 -0.01067578
v 0.10900655 -0.19651405 0.01073996
v 0.13849620 -0.00318490 -0.05097234
v 0.12499058 0.04698866 0.00448110
v 0.13062233 0.05332843 -0.04236572
v 0.12649464 0.18707669 0.00106477
v 0.11874348 0.29905663 -0.04851256
v 0.13977892 0.38920876 0.00823071
v 0.10529948 0.48082499 -0.04079895
v 0.14701871 0.54176137 -0.03930284
v 0.11267287 0.58441484 0.01034048
v 0.12203939 0.64216291 0.00817073
v 0.12174496 0.86138867 -0.03586450
v 0.12089453 0.86124545 -0.00357601
v 0.11057530 -0.20968977 -0.02157422
v 0.12140718 -0.18606873 -0.04771936
v 0.13131744 -0.15692908 0.01264678
v 0.09975251 -0.02756865 0.01607325
v 0.12274008 0.03096224 0.00524079
v 0.12124478 0.03318429 -0.04371188
v 0.11871362 0.29682479 0.01003257
v 0.13908540 0.34704008 -0.04923751
v 0.12011267 0.32796764 0.00992606
v 0.11265708 0.45038923 -0.03869224
v 0.15142510 0.50088129 -0.03836632
v 0.12790758 0.50354290 -0.00033808
v 0.11919077 0.62670991 -0.04849007
v 0.15903309 0.84111687 -0.00585890
v 0.12193891 0.85006495 -0.03882429
v 0.13216883 0.86183936 0.00086668
v 0.12338503 -0.18104708 0.01278318
v 0.15882072 -0.04560343 0.00277439
v 0.09855175 -0.00651110 0.01467711
v 0.14035790 0.14245675 -0.04968415
v 0.11050703 0.17131773 -0.04073844
v 0.14465413 0.21102370 -0.03955054
v 0.14208107 0.35121983 0.01042576
v 0.13690033 0.61999555 -0.04913760
v 0.12467884 0.61371157 0.01110082
v 0.14846855 0.63758526 -0.04951949
v 0.13675510 0.65921735 -0.04753297
v 0.13806604 -0.16469757 0.01247559
v 0.16607790 -0.11815743 0.01267610
v 0.13236659 -0.07925839 0.00192461
v 0.15495092 0.05451202 -0.04175137
v 0.12824197 0.14979513 0.00796089
v 0.12493763 0.35848886 -0.04794537
v 0.15040844 0.39077355 -0.04877636
v 0.16468030 0.41440579 0.01011375
v 0.14731364 0.46583360 -0.04052110
v 0.18261244 0.59968048 -0.04038744
v 0.14810157 0.74490679 -0.03376632
v 0.16163479 0.80710091 -0.01025211
v 0.13472001 0.86523066 -0.03930515
v 0.14806881 0.87669442 -0.03920352
v 0.14453415 0.87724209 -0.00297582
v 0.14906093 -0.15237116 0.01371905
v 0.16626476 -0.12296246 -0.05127079
v 0.15346707 -0.06944783 -0.04121899
v 0.15340428 0.00746700 0.01175217
v 0.15736935 0.05812785 0.00236797
v 0.14155092 0.12349453 -0.05067109
v 0.17339419 0.15265721 0.01195717
v 0.15004102 0.21096623 0.00041916
v 0.14538469 0.26241805 -0.04125410
v 0.15456803 0.36828352 -0.04896206
v 0.15210605 0.64848781 0.01149611
v 0.12651897 0.72570455 -0.00615780
v 0.14873136 0.78188460 -0.02894758
v 0.15142376 0.87377370 0.00046965
v 0.16945325 0.89343899 -0.02139534
v 0.16471109 -0.15335077 -0.01226656
v 0.13572969 -0.16314833 -0.05209849
v 0.16423817 0.14364119 -0.05075746
v 0.18448056 0.45265191 -0.04828382
v 0.12573837 0.45889061 -0.00093027
v 0.18477213 0.70381767 0.00944088
v 0.14923137 0.69652232 0.00456729
v 0.17271081 0.79455040 -0.02955427
v 0.17786710 0.79814846 -0.01025799
v 0.16715901 0.88440058 0.00063347
v 0.16497039 -0.14226117 -0.04563699
v 0.16455259 -0.13487016 0.01328697
v 0.17020729 0.16580191 -0.05044160
v 0.17067047 0.24717466 -0.03967820
v 0.15423681 0.25518908 0.00055114
v 0.17436184 0.39840044 -0.04901624
v 0.16732442 0.41456232 -0.04885591
v 0.17426448 0.51435112 0.00083109
v 0.17267628 0.68862623 -0.04860024
v 0.14944640 0.76206277 -0.00858389
v 0.15534929 0.78233113 -0.01056223
v 0.16656401 0.88851455 -0.03907482
v 0.18401841 0.90019804 -0.03781897
v 0.17641738 -0.13113837 0.00400572
v 0.21610279 -0.08276296 -0.05211383
v 0.17400901 -0.05558407 0.00303613
v 0.20472682 -0.01608314 0.00142473
v 0.16149620 0.01206960 -0.05066632
v 0.16705801 0.00305035 0.01082539
v 0.18345506 0.03384900 -0.04933212
v 0.16891730 0.07678471 0.00142831
v 0.15440909 0.08463836 0.00331211
v 0.17431363 0.30125904 0.00124205
v 0.16677340 0.38156710 0.00968709
v 0.18125241 0.56465550 -0.03859595
v 0.16601545 0.56873249 -0.00044157
v 0.16165934 0.66467207 -0.04950834
v 0.17923426 0.89790911 -0.00330632
v 0.18490436 -0.11395973 0.01362782
v 0.19532126 -0.03571593 0.00184163
v 0.18967695 0.08672266 -0.04050852
v 0.20936109 0.17788706 -0.04996384
v 0.18733152 0.19091812 0.00941505
v 0.17112355 0.30895696 -0.04119767
v 0.19066307 0.42533896 -0.04937510
v 0.19462473 0.54259739 -0.04068950
v 0.18445005 0.66676646 -0.04823303
v 0.18692493 0.71586017 -0.04656418
v 0.19363347 0.77492680 -0.00452575
v 0.16776395 -0.15146596 -0.02146829
v 0.18360186 0.02313122 0.01192815
v 0.19695833 0.02385094 -0.04910935
v 0.20452954 0.11980291 0.00171981
v 0.16267627 0.08996592 -0.04165570
v 0.20159406 0.17534356 0.01204762
v 0.21990212 0.31939120 0.00482687
v 0.18446798 0.33314923 -0.04117080
v 0.20283686 0.35807140 0.00206545
v 0.19077889 0.43243472 0.01092129
v 0.17915671 0.67729555 0.01100607
v 0.22171369 0.72593794 0.01072054
v 0.19343141 0.78878333 -0.03188315
v 0.21437547 0.87726825 -0.00477121
v 0.21986646 -0.09740330 -0.02908134
v 0.21166465 -0.10800921 -0.01675595
v 0.19914145 -0.09716416 0.01438231
v 0.19252090 -0.04385191 -0.04259049
v 0.17163439 -0.03321980 -0.04275110
v 0.21177704 0.04796697 -0.04992021
v 0.19838008 0.10152111 0.00080132
v 0.21685297 0.30717921 -0.04528560
v 0.21608726 0.40257760 0.00348312
v 0.19341843 0.70089909 -0.04950821
v 0.19067701 0.89630159 0.00056681
v 0.20074480 0.90833474 -0.00372518
v 0.23535380 0.14399783 -0.04055353
v 0.21104980 0.20184675 -0.05000943
v 0.21847358 0.39686766 -0.04202868
v 0.20769526 0.58087785 -0.00057065
v 0.21302976 0.62823811 -0.00045769
v 0.21995644 0.71279435 -0.04944691
v 0.15811685 0.82283159 -0.03173224
v 0.20823945 0.90082348 -0.03823693
v 0.20997225 0.90508618 0.00058839
v 0.21214875 -0.09563440 -0.04610877
v 0.22304937 -0.07904353 0.01527476
v 0.22838751 -0.03135453 -0.03998021
v 0.20665139 0.03082016 0.01081778
v 0.21552115 0.06174343 0.00932726
v 0.20191539 0.24422174 0.00263567
v 0.21441395 0.47300676 -0.04982479
v 0.22415717 0.47857533 0.01116071
v 0.21877070 0.59298066 -0.03919079
v 0.21703000 0.70718242 0.01067254
v 0.25531207 0.75705620 0.00944539
v 0.20256113 0.82388627 -0.01038571
v 0.22205711 -0.09330115 -0.00344251
v 0.22758079 -0.07866080 -0.05285367
v 0.23349513 0.05006186 0.01115828
v 0.21151452 0.24382923 -0.04301905
v 0.24560249 0.29140819 0.00178337
v 0.24555304 0.34237858 -0.04696118
v 0.21680347 0.37502400 -0.04145169
v 0.20436570 0.47988281 0.00988717
v 0.23089316 0.62998319 -0.00099413
v 0.21092921 0.81957675 -0.03033947
v 0.21788215 0.91111439 -0.03867964
v 0.23502124 -0.09070557 -0.02228640
v 0.22361017 -0.02447401 -0.00087558
v 0.24100211 0.06734963 -0.05015890
v 0.22397758 0.18453921 0.01037579
v 0.23428068 0.21080724 0.01166677
v 0.23419812 0.27572018 -0.04145267
v 0.21437111 0.45759941 0.01041109
v 0.22852519 0.50648200 -0.04984858
v 0.24830988 0.54491618 0.01005962
v 0.24755236 0.65908236 -0.00038113
v 0.23141809 0.74367140 -0.04792075
v 0.25474658 0.82348637 -0.00718101
v 0.20900379 0.91276189 -0.03425602
v 0.23597872 -0.08863870 -0.00311782
v 0.22975589 -0.08672212 -0.04094025
v 0.25479802 -0.08168515 0.01382880
v 0.24030601 -0.00487130 -0.00182540
v 0.25055741 0.07293318 0.01101515
v 0.23632460 0.11604542 -0.03997146
v 0.25089247 0.15332256 0.00068089
v 0.25359209 0.36776924 0.00669959
v 0.21479305 0.45238631 -0.04870660
v 0.25032045 0.49729739 -0.04864306
v 0.24649001 0.61046203 0.00194230
v 0.25440980 0.85227583 -0.00855909
v 0.20969545 0.87698261 -0.03452533
v 0.24305644 0.91529498 -0.03826457
v 0.23061903 0.92065276 -0.00180086
v 0.25757626 -0.08184521 -0.05122388
v 0.24955388 0.00171424 -0.03830306
v 0.23816365 0.12590661 0.00005004
v 0.24939342 0.51337160 0.01074521
v 0.26253937 0.57133732 -0.04855161
v 0.25530512 0.73638994 0.01015595
v 0.23554005 0.80718031 -0.03365760
v 0.24042280 0.91445819 0.00016898
v 0.25236494 -0.09321253 -0.02242057
v 0.27330862 -0.04993412 -0.03821356
v 0.23558643 -0.03933711 0.00131830
v 0.20593127 0.08729839 0.00243082
v 0.25749973 0.21286519 0.01032420
v 0.24801050 0.21609973 -0.05066864
v 0.26207952 0.35457023 0.00668716
v 0.25086176 0.41346828 -0.04145566
v 0.25913002 0.44942938 0.00258509
v 0.24471008 0.64182036 -0.03884304
v 0.24512453 0.73512764 -0.04974702
v 0.25591261 0.87129040 -0.03176234
v 0.24437610 0.92448627 -0.03766961
v 0.25844814 0.92394194 0.00072405
v 0.26206520 0.93242658 -0.00482508
v 0.25754423 -0.08977397 0.00473542
v 0.28388597 -0.06312794 -0.00101539
v 0.23906588 -0.01356968 -0.03760743
v 0.27007865 -0.03288383 -0.03824024
v 0.27590341 0.07709867 0.01089802
v 0.28601184 0.17648363 0.00053503
v 0.27078062 0.22551404 -0.04951369
v 0.25327168 0.24290091 0.01065013
v 0.26316266 0.24821925 -0.04988087
v 0.27052654 0.36835027 -0.04762130
v 0.23814183 0.40398375 0.00168081
v 0.25148027 0.42462124 0.00185955
v 0.25826275 0.62479724 -0.04084676
v 0.26053028 0.68732235 -0.04104334
v 0.28496570 0.83971877 -0.03211633
v 0.26952014 0.92362153 -0.03808402
v 0.26430201 0.93141923 -0.03604696
v 0.26817975 0.00506664 -0.00194743
v 0.27638850 0.09839286 0.01010592
v 0.27052403 0.08904495 -0.04923167
v 0.27872039 0.40132591 0.00764499
v 0.28667419 0.46383606 0.00333556
v 0.26604895 0.44888935 -0.04161258
v 0.28780823 0.53936881 0.00840063
v 0.28470302 -0.09084870 -0.04740487
v 0.26238733 -0.09018944 -0.04589493
v 0.27305785 -0.08604522 0.01093585
v 0.26275113 -0.03575216 -0.00129319
v 0.26985996 0.02148379 -0.00013911
v 0.28332037 0.02036471 -0.03776074
v 0.28480261 0.17596923 -0.03958831
v 0.27950937 0.31307780 -0.04157412
v 0.27014102 0.53762977 -0.04963286
v 0.32385253 0.85363284 -0.00690191
v 0.29366227 -0.09928708 -0.04390495
v 0.28928055 -0.09940203 0.00260787
v 0.31206258 -0.01115820 -0.04336980
v 0.29452838 -0.01750514 0.00237127
v 0.26991278 0.13955390 -0.04015955
v 0.27421641 0.24368552 0.01190835
v 0.29227670 0.25443271 -0.05031751
v 0.27574703 0.31713578 0.00193051
v 0.28875620 0.39903601 -0.04780057
v 0.29546643 0.50603021 -0.04360807
v 0.29968081 0.60263004 -0.04976275
v 0.26636655 0.65519448 -0.00055970
v 0.28735259 0.69861225 0.00113951
v 0.28169267 0.75478880 -0.04864117
v 0.27902209 0.93038039 0.00060079
v 0.30193290 0.94311421 -0.02718095
v 0.28906912 -0.09094310 0.00753570
v 0.27672472 -0.04601368 -0.00249643
v 0.30919053 0.09891455 0.01115176
v 0.32113944 0.17434623 -0.04089371
v 0.27993590 0.14944737 0.00100030
v 0.30572506 0.28442646 -0.04899181
v 0.28214471 0.66665051 -0.03903752
v 0.28231842 0.67379156 -0.00043152
v 0.29036850 0.76960688 0.01005961
v 0.29513745 0.94104200 -0.00461338
v 0.29896619 -0.09944316 0.00512416
v 0.30717982 -0.05936371 -0.03475253
v 0.29174933 0.02071029 -0.00120309
v 0.29007332 0.07964939 -0.04899279
v 0.30980044 0.25578024 0.01064695
v 0.30824861 0.43073080 -0.04788168
v 0.31514583 0.56070690 -0.04631105
v 0.28860952 0.58733620 0.01090576
v 0.32246241 0.78247288 0.00920175
v 0.29132484 0.93225722 -0.03856277
v 0.29670783 0.93996787 -0.03648247
v 0.30916756 -0.10591746 -0.00132399
v 0.31512090 0.11619704 0.01119511
v 0.29862400 0.27476351 0.01142752
v 0.30233320 0.34288571 0.00218610
v 0.30736609 0.39876148 -0.04778835
v 0.29687145 0.47461249 -0.04308234
v 0.31341308 0.69621539 0.00040014
v 0.31970214 0.77764671 -0.04758327
v 0.31461231 0.94357255 -0.03857537
v 0.30652123 -0.10642049 -0.03496564
v 0.31643304 -0.09953299 -0.04126616
v 0.30863360 0.04489784 -0.00000974
v 0.31133397 0.20373215 0.00146352
v 0.30211269 0.40622501 0.00865916
v 0.31677138 0.63016181 0.00961207
v 0.28258786 0.77614005 -0.04715113
v 0.30358732 0.93815409 -0.00007761
v 0.31345095 -0.09879821 0.00284215
v 0.33589240 0.04282505 -0.00025007
v 0.32756380 0.11127415 -0.05021180
v 0.33804413 0.13889926 -0.04867975
v 0.31839898 0.17684400 0.00136909
v 0.31876419 0.26042428 -0.04934659
v 0.32194524 0.44368342 0.00969261
v 0.30634231 0.50348580 0.00434854
v 0.31920914 0.53760493 -0.04553810
v 0.32773577 0.65575666 -0.04723840
v 0.34068238 0.66921355 0.00781102
v 0.35855733 0.81990768 -0.04384577
v 0.30519717 0.93218009 -0.00055755
v 0.33630103 0.93946847 -0.00027000
v 0.34123408 -0.10712460 0.00108918
v 0.33189755 0.00088210 0.00539633
v 0.34473185 0.14049820 0.01033712
v 0.32382835 0.21309855 -0.04070149
v 0.34293118 0.20885887 0.00035304
v 0.33935127 0.31025958 -0.04999354
v 0.31786433 0.35303049 -0.04235393
v 0.36558015 0.45013831 0.00943250
v 0.32512991 0.43391627 -0.04922059
v 0.32197095 0.56023302 0.00679370
v 0.30832548 0.69574373 -0.03933235
v 0.31081593 0.86169128 -0.03136868
v 0.34148102 0.93957654 -0.03718147
v 0.32717815 0.94780466 -0.00212716
v 0.34909015 0.95319217 -0.02667128
v 0.35448895 0.95302315 -0.00431874
v 0.34514787 -0.11484224 -0.03665270
v 0.32433394 -0.10525276 -0.04062932
v 0.37132268 -0.00107056 -0.04509788
v 0.33149941 0.05691099 -0.03913265
v 0.33807086 0.28135871 0.01043768
v 0.32686343 0.29754883 0.01142364
v 0.35119891 0.40032339 -0.04368559
v 0.34284686 0.59512575 -0.04637889
v 0.34369429 0.57754168 0.00924515
v 0.35014340 0.60692955 0.00861479
v 0.34159241 0.64604127 -0.04807932
v 0.36059430 0.75964888 0.00286899
v 0.29022707 0.89806615 -0.00621355
v 0.34109395 0.94803771 -0.03841143
v 0.34427827 0.12028485 0.01127963
v 0.36183348 0.24154124 0.00150306
v 0.34935871 0.49804015 -0.04922014
v 0.35495355 0.47751738 0.01061481
v 0.34546081 0.51548560 0.00975132
v 0.34303039 0.52887265 -0.04860033
v 0.34836453 0.58426140 -0.04975626
v 0.35298743 0.62451857 -0.04705041
v 0.32165151 0.71509867 0.00092704
v 0.34894902 0.79537359 0.00834807
v 0.32968907 0.88863344 -0.00776016
v 0.34847942 0.94686792 0.00054217
v 0.33056727 -0.01124703 0.00448799
v 0.33123656 0.03428548 -0.03972566
v 0.34846528 0.06520368 -0.00013354
v 0.35615302 0.12624388 -0.04991416
v 0.35955583 0.29531152 -0.04895314
v 0.36505627 0.34097789 0.01038507
v 0.35764586 0.46885377 -0.04897310
v 0.35720138 0.50901342 -0.06046480
v 0.35659235 0.50808596 0.02197256
v 0.34981704 0.55079304 -0.05743879
v 0.35772312 0.59455869 -0.05933088
v 0.35386382 0.58276617 0.02070766
v 0.35468922 0.61311883 -0.04857689
v 0.35871594 0.63182565 0.00908686
v 0.36238186 0.64522219 -0.04712822
v 0.33445095 0.72729485 -0.03992262
v 0.35988070 -0.11186247 -0.03991431
v 0.37958602 -0.12036357 -0.03475343
v 0.34832980 -0.04693540 -0.00555739
v 0.37788354 -0.00106525 0.00535557
v 0.36673612 0.09112499 0.00248876
v 0.36543739 0.46966885 0.02063482
v 0.36761773 0.47324998 -0.06004661
v 0.35992749 0.58714654 0.02278069
v 0.36671366 0.62003964 -0.06038629
v 0.36647783 0.62528669 0.02188691
v 0.35836099 0.72211818 -0.03988338
v 0.38169292 0.74162624 -0.04062475
v 0.36821529 0.80207930 -0.04633741
v 0.34448473 -0.11635526 -0.01900275
v 0.34690736 -0.11565826 -0.00326684
v 0.37372128 0.01078281 0.00768682
v 0.37615774 0.08058595 0.00023310
v 0.36187633 0.31085085 0.01142661
v 0.34640688 0.37572211 -0.04362548
v 0.36619285 0.44068805 -0.04635223
v 0.37750835 0.44382962 0.02154051
v 0.36016037 0.49721466 0.02269294
v 0.38608227 0.48767552 -0.05947143
v 0.41786211 0.60415687 0.01983070
v 0.37235828 0.65795422 0.00957935
v 0.37317522 0.66548007 -0.04755163
v 0.37801874 0.93088241 -0.00399210
v 0.37592719 0.95634699 -0.03380495
v 0.34871977 0.95309485 -0.01286149
v 0.35708997 -0.08713704 -0.03541452
v 0.36919433 -0.03806134 -0.03550770
v 0.37354589 0.07873074 -0.03886122
v 0.38211734 0.21943317 -0.04168499
v 0.37940901 0.33354809 -0.05061111
v 0.34070409 0.38367649 0.00330363
v 0.38034094 0.42266202 0.00837139
v 0.38582089 0.43291674 -0.05990367
v 0.37061000 0.45147916 -0.05305358
v 0.37837066 0.45610522 0.02333336
v 0.37015544 0.57474758 -0.06042149
v 0.37842985 0.64966454 -0.05942927
v 0.37678044 0.64843982 0.02156069
v 0.36944235 0.64747825 -0.04905694
v 0.36605792 0.68836955 -0.04604420
v 0.36370251 0.71400271 0.00327511
v 0.37442748 0.74700749 0.00105248
v 0.39022765 0.80878332 0.00711113
v 0.31060391 0.89763134 -0.03238874
v 0.37657167 0.95585417 -0.00163812
v 0.42339231 0.95953941 -0.03495043
v 0.37448093 -0.11381387 0.00113077
v 0.32402217 -0.06519862 -0.00570012
v 0.38113780 0.01496515 -0.04677554
v 0.41844641 0.08395693 -0.03999475
v 0.38662721 0.22270724 0.00223885
v 0.36695486 0.25544841 -0.04205370
v 0.38925728 0.34254414 0.01153280
v 0.38096427 0.41296249 -0.04605826
v 0.37975934 0.42667254 -0.04807191
v 0.39855117 0.42073661 0.02343845
v 0.40785964 0.54797569 0.01982269
v 0.38878446 0.64292123 -0.06076949
v 0.38652760 0.67855816 -0.04882169
v 0.38461175 0.67624269 0.01034146
v 0.40911875 0.76275963 -0.04148575
v 0.38384630 0.77183548 -0.04204616
v 0.39358492 0.87808250 -0.03210507
v 0.37661874 0.94835190 -0.00014895
v 0.38545388 0.94949921 -0.03782852
v 0.38780000 -0.11374231 -0.03986661
v 0.39544241 -0.12150221 -0.00409766
v 0.37441996 0.14101123 0.01167353
v 0.40641774 0.38756654 0.01061076
v 0.39494190 0.41293488 0.02006835
v 0.40255975 0.39653128 -0.05042676
v 0.40342134 0.50975193 -0.05786372
v 0.38510038 0.64344159 0.02301799
v 0.39331805 0.67497431 -0.06022083
v 0.39898220 0.67061240 0.02353220
v 0.39114394 0.67496010 0.02074457
v 0.40762338 0.96041745 -0.02401566
v 0.42146621 -0.09077372 -0.03466710
v 0.42240953 -0.05271138 -0.00815342
v 0.40543223 0.10293681 -0.03960149
v 0.37847398 0.15557174 -0.05062206
v 0.39317818 0.17322440 0.01098635
v 0.42207527 0.70232425 0.02424115
v 0.40767870 0.69267855 -0.06069211
v 0.40551661 0.70341245 -0.04856378
v 0.41101632 0.70909383 0.01021341
v 0.40272204 0.70022903 0.01001826
v 0.40515782 0.01635048 0.00814444
v 0.40652301 0.02533512 0.00895157
v 0.40822754 0.08381485 -0.00023292
v 0.40817556 0.10503434 0.00041958
v 0.39216734 0.14961012 -0.05017086
v 0.41385384 0.25513056 -0.04152679
v 0.40047802 0.26932986 0.00151918
v 0.41095367 0.36581294 -0.04999755
v 0.42382966 0.37010965 0.01170044
v 0.41596194 0.39204440 0.02248345
v 0.43430683 0.46061781 0.02015353
v 0.40172620 0.74225156 0.00357528
v 0.41314542 0.77002707 0.00105698
v 0.44573026 0.96172418 -0.02173654
v 0.38448754 0.06483667 0.00055804
v 0.42534670 0.18848537 -0.05084602
v 0.43724502 0.30205373 0.00321932
v 0.41775641 0.70969213 0.01941347
v 0.42907701 0.72638379 0.01011507
v 0.41140750 0.95485655 -0.03830583
v 0.42219435 -0.12266431 -0.00345328
v 0.41788106 -0.09563092 -0.00378657
v 0.40523727 -0.04899494 -0.03185303
v 0.45352752 0.04113819 -0.04925017
v 0.43811254 0.11095259 -0.00052700
v 0.42907010 0.17184175 -0.04960360
v 0.41341520 0.16770571 0.01186780
v 0.44229336 0.30627367 -0.04324708
v 0.42615004 0.37122671 -0.05045979
v 0.43408795 0.71606471 0.02374446
v 0.41787991 0.70707004 -0.05885389
v 0.42280952 0.72102836 -0.04840838
v 0.39576979 0.82660784 0.00539306
v 0.37854205 0.89932222 -0.03162974
v 0.45143490 0.95535162 0.00014831
v 0.41222984 0.95939367 -0.00397708
v 0.44891041 0.09489754 0.00153437
v 0.45983759 0.14949713 -0.04123554
v 0.43831650 0.36039276 -0.04967638
v 0.43519489 0.37203858 -0.05960956
v 0.44105383 0.36714643 0.02169183
v 0.44343155 0.37307858 0.02386967
v 0.46017376 0.39064885 -0.06053980
v 0.46616326 0.60793821 -0.05950155
v 0.41247061 0.68278146 -0.06135147
v 0.43404316 0.71354832 -0.06186636
v 0.41197552 0.87788784 -0.00695678
v 0.42462353 -0.12292433 -0.03544004
v 0.43043484 0.02597458 -0.04819048
v 0.44781416 0.10883412 -0.03882919
v 0.46394078 0.28591182 -0.04289720
v 0.44953225 0.36951414 -0.06147818
v 0.47112132 0.41840100 0.01981090
v 0.45233266 0.51851689 -0.05949093
v 0.45243434 0.57585472 -0.05948874
v 0.44849580 0.73347614 0.02146764
v 0.43447413 0.78303773 -0.04099008
v 0.47478701 0.93012770 -0.00511986
v 0.42522031 -0.03510068 -0.00682049
v 0.44345399 0.27313185 0.00315576
v 0.40929877 0.40155404 -0.06148574
v 0.44896168 0.74229885 -0.04814273
v 0.44515931 0.79073696 0.00211795
v 0.48665920 -0.01867046 -0.00698283
v 0.42868529 0.01954278 0.00759111
v 0.43764323 0.04149540 0.00975869
v 0.45147669 0.12941752 -0.00040800
v 0.45528007 0.21396536 0.01179479
v 0.46241458 0.20857178 -0.05136773
v 0.45804214 0.34771288 -0.04834853
v 0.43769755 0.35948298 0.01084449
v 0.47563371 0.34999591 -0.06096455
v 0.47024184 0.34975072 0.02083694
v 0.46641851 0.48425902 -0.05853923
v 0.46172362 0.48528594 0.02113085
v 0.45970429 0.50303558 -0.05808259
v 0.45844248 0.52452546 0.01148162
v 0.45822689 0.50827093 0.02123744
v 0.45828395 0.52656227 -0.05070452
v 0.45211598 0.54498024 0.02077919
v 0.45587909 0.54804567 0.01211720
v 0.45673822 0.55506536 -0.05116410
v 0.45945301 0.57489915 -0.05210479
v 0.45946927 0.58915422 -0.05872007
v 0.45105631 0.73435548 -0.05952194
v 0.47403454 0.80479936 -0.04181780
v 0.41989973 0.82930338 -0.04451836
v 0.53982302 0.88565052 -0.03162686
v 0.46361329 -0.12057417 -0.03471073
v 0.49358287 0.02030690 -0.04132337
v 0.47096847 0.04377922 0.00972598
v 0.49367858 0.26178867 -0.04823292
v 0.46587312 0.36247991 0.02392882
v 0.49504472 0.40782558 -0.05745104
v 0.43967696 0.46239011 -0.05737219
v 0.46415162 0.60034747 -0.05739909
v 0.46333070 0.58866935 0.01300259
v 0.45696563 0.58233119 0.02133627
v 0.44518327 0.63379209 0.02003413
v 0.42349936 0.62014813 -0.05734208
v 0.45518536 0.72791479 -0.06153104
v 0.47741641 0.74821251 -0.06149681
v 0.45496931 0.74585142 0.00974184
v 0.46652177 0.75892696 -0.04677351
v 0.48981543 0.76494909 0.00920087
v 0.48312686 0.79910785 0.00338597
v 0.49664655 0.95798797 -0.00395769
v 0.47585404 -0.11330393 0.00098104
v 0.46572689 0.05671695 0.01012235
v 0.47825119 0.33873110 0.01056984
v 0.47293479 0.47955440 0.02023971
v 0.46532193 0.50251708 -0.05122294
v 0.46812965 0.49666283 0.01200013
v 0.46948459 0.59977591 -0.05085428
v 0.46777558 0.60668676 0.02106179
v 0.48005373 0.63869481 -0.05874920
v 0.48450678 0.67611826 -0.05810475
v 0.45745710 0.73044129 0.02402414
v 0.47126564 0.74835108 0.02104388
v 0.45994672 0.87962144 -0.03305615
v 0.50208315 -0.04773231 -0.03154317
v 0.47622554 0.21015469 0.01132678
v 0.51101029 0.29217320 0.00806939
v 0.49762893 0.44538009 0.02089457
v 0.48133110 0.47459301 -0.05092397
v 0.48594478 0.46937725 0.01211723
v 0.48161514 0.61967250 -0.05444952
v 0.47644865 0.67410152 0.02005936
v 0.48970687 0.76855901 -0.04687013
v 0.47638553 0.95471367 -0.03857347
v 0.47731498 -0.11355396 -0.03936932
v 0.49508394 -0.10670494 -0.03851079
v 0.46358509 -0.01987120 -0.03445592
v 0.50415850 0.02991816 0.00336887
v 0.50161750 0.06229491 0.01099607
v 0.48979660 0.07414176 -0.04862308
v 0.51088068 0.13669826 0.00113129
v 0.48179480 0.15832618 0.00078391
v 0.50112292 0.34110511 -0.06137726
v 0.47932591 0.61622272 0.01193417
v 0.49594198 0.63426895 -0.05550990
v 0.49749517 0.63333115 0.00805990
v 0.49215812 0.63585492 0.02089354
v 0.51307377 0.76315679 -0.06132790
v 0.47961240 0.75818655 -0.04989523
v 0.51211885 0.77326219 0.00927973
v 0.44896046 0.83497987 0.00447705
v 0.47164505 0.88516831 -0.00720132
v 0.41833574 0.90462749 -0.00759193
v 0.48846403 -0.11732597 -0.00287869
v 0.50409668 -0.10684506 0.00090553
v 0.45772004 -0.04103200 -0.00820138
v 0.52298990 0.08765798 0.01069758
v 0.48372483 0.12333530 -0.03965826
v 0.50285852 0.15616388 -0.00077929
v 0.51453223 0.33454254 0.02160941
v 0.50227900 0.34481664 0.02335162
v 0.49163369 0.45868079 0.01964296
v 0.51325443 0.64114295 0.00337994
v 0.50997859 0.65348216 -0.05852492
v 0.49639830 0.75898089 0.02172296
v 0.53253864 0.82131702 -0.04170612
v 0.48125279 0.84295273 -0.04162571
v 0.52317700 0.87551751 -0.03257476
v 0.52635997 0.91553407 -0.00632425
v 0.50149977 0.95626858 -0.03641376
v 0.51433004 -0.11377626 -0.02708264
v 0.47482634 -0.09945193 -0.00217297
v 0.53628142 -0.05619827 -0.00671148
v 0.50823020 -0.01780075 -0.03250974
v 0.48890759 0.05535920 -0.04994780
v 0.52473637 0.06241259 -0.04834800
v 0.53898590 0.19652114 -0.00026310
v 0.49937198 0.23497034 -0.05090320
v 0.52618171 0.24825658 0.01177806
v 0.49345427 0.33358858 -0.04879809
v 0.50517794 0.44352109 -0.05842458
v 0.50766050 0.45020650 -0.05092311
v 0.51103834 0.44768020 0.01168128
v 0.51385954 0.65275698 0.02051283
v 0.50471603 0.84001296 0.00153688
v 0.50467804 0.94822982 -0.03788726
v 0.47810325 0.96026998 -0.02175166
v 0.50742264 -0.11395059 -0.03584161
v 0.52758857 -0.10448885 -0.03937474
v 0.52969587 -0.08080843 -0.03532996
v 0.51174827 -0.08226217 -0.00399112
v 0.52111653 0.32512574 -0.04881115
v 0.51147122 0.64150412 -0.01777774
v 0.48955492 0.74611959 0.02379823
v 0.51642406 0.77452906 -0.04774645
v 0.50605346 0.94979014 -0.00035083
v 0.53653697 0.24428861 -0.04863195
v 0.52659193 0.34217110 -0.06164332
v 0.51549728 0.43937238 0.02101091
v 0.51890480 0.65105822 -0.05492331
v 0.51771168 0.64945146 0.01202557
v 0.52402546 0.66431149 -0.05861779
v 0.53436947 0.66311812 0.02097560
v 0.53608079 0.95263406 -0.02493050
v 0.54252596 -0.10657449 -0.03621514
v 0.52275612 0.15259824 -0.03880088
v 0.52902293 0.25588324 -0.05069717
v 0.51932977 0.31881934 0.00933089
v 0.50885881 0.32810436 0.01062770
v 0.54861366 0.43216694 0.01209101
v 0.51903767 0.64943596 -0.02004169
v 0.52122174 0.69578212 0.01952623
v 0.52848020 0.75556813 0.02314934
v 0.53805950 0.94630341 0.00018369
v 0.52885633 -0.10077000 0.00058988
v 0.52798254 0.18975384 -0.03982952
v 0.55856460 0.27413018 -0.05044900
v 0.52748107 0.33333594 -0.06012755
v 0.53178762 0.43699099 -0.05242379
v 0.53399997 0.65667662 0.01126947
v 0.53272085 0.65598339 -0.05193453
v 0.54917154 0.78090827 -0.04856269
v 0.49532646 0.92619356 -0.03361643
v 0.53545042 -0.10784713 -0.00299674
v 0.53405087 0.42919570 -0.05843627
v 0.56599437 0.42950615 -0.05130288
v 0.53820098 0.65804651 -0.01119022
v 0.56525535 0.66924534 0.02109886
v 0.54654545 0.77106134 -0.06063807
v 0.52389270 0.76858550 0.02137965
v 0.55154778 0.79999811 0.00661307
v 0.55407889 0.83285591 -0.03882962
v 0.53329908 0.87147175 -0.00677876
v 0.54478117 0.88887032 -0.00805372
v 0.54222377 0.94551510 -0.03810678
v 0.54852433 -0.09821136 0.00120910
v 0.58342014 -0.04838783 -0.03314973
v 0.53666621 0.08935422 -0.04999045
v 0.55026720 0.66326233 -0.05570671
v 0.56467246 0.66351784 0.01203493
v 0.54513352 0.78054547 0.01011738
v 0.54894051 0.94855315 -0.03555150
v 0.55857207 -0.09611655 -0.03924732
v 0.58169480 -0.05653951 -0.00544080
v 0.55333656 0.00025899 -0.00803202
v 0.54328479 0.08036640 0.01108818
v 0.57317698 0.10866047 0.01196941
v 0.56290962 0.17172821 -0.03932457
v 0.57093764 0.21879187 -0.00008659
v 0.59504381 0.24523947 -0.04145469
v 0.55834325 0.31923166 0.01102733
v 0.57034280 0.32331678 -0.05519818
v 0.57776418 0.42883141 -0.05448716
v 0.54669182 0.65875928 -0.02569493
v 0.55129670 0.67141692 -0.05835410
v 0.57048663 0.93809989 -0.03829972
v 0.55797498 -0.10336309 -0.02407066
v 0.59093339 -0.08576856 -0.03913725
v 0.57870858 -0.00998093 -0.03086182
v 0.55318098 0.39001274 0.01907813
v 0.54461490 0.42807338 0.02026805
v 0.57824274 0.43054005 0.01237030
v 0.57877634 0.66418623 -0.05164021
v 0.56524824 0.66192143 -0.01794640
v 0.58395287 0.67194757 -0.05842355
v 0.53496126 0.71027745 -0.05730774
v 0.57032227 -0.09876671 -0.00258135
v 0.57747199 0.20403767 -0.03796801
v 0.58539208 0.28496963 0.01082690
v 0.57622065 0.66187723 -0.04362343
v 0.57864866 0.93593624 0.00024609
v 0.58887599 0.94079477 -0.03593210
v 0.55904870 0.94723514 -0.00359207
v 0.57151151 -0.09143976 0.00121831
v 0.57015704 0.01523382 -0.03291951
v 0.57879753 0.09403268 -0.04958652
v 0.59021348 0.11694516 -0.05082145
v 0.55918046 0.30500101 -0.04925636
v 0.56966972 0.33368073 0.02335657
v 0.59385758 0.78063790 -0.04930258
v 0.58761305 0.94100562 -0.00264456
v 0.58464740 -0.09445287 -0.03725362
v 0.60337698 -0.08093117 0.00078663
v 0.56296292 0.30807759 0.01050706
v 0.58237808 0.31940240 -0.05023452
v 0.56608914 0.38001478 -0.05789669
v 0.57325940 0.41992441 -0.05849812
v 0.58843551 0.42723488 0.02085215
v 0.58125457 0.43087349 -0.01898334
v 0.60517607 0.65695706 -0.01981881
v 0.59196292 0.66527613 0.01874578
v 0.59646650 0.69986403 -0.05708393
v 0.58513698 0.77594456 0.02083092
v 0.60817619 0.92800998 -0.03841555
v 0.61551577 -0.08394732 -0.03609316
v 0.62620374 0.13458424 -0.05043777
v 0.60289955 0.12166601 0.01234259
v 0.58945033 0.12912877 0.01082087
v 0.57535185 0.17716865 0.00072210
v 0.58861953 0.28288866 -0.04908363
v 0.59833478 0.32062119 0.01182578
v 0.61011299 0.33504822 0.02343896
v 0.60502037 0.34226204 -0.06140423
v 0.61217108 0.43043839 -0.05833244
v 0.59758433 0.65659689 -0.04354144
v 0.58854515 0.66109760 -0.01248914
v 0.60083802 0.66581830 -0.05770824
v 0.58586378 0.70801667 0.01900879
v 0.62020107 0.85424686 -0.00866223
v 0.61921597 0.93046475 -0.03685120
v 0.61106271 -0.07890764 -0.03900829
v 0.56483708 -0.01670337 -0.00863959
v 0.65304106 0.06896292 -0.03456676
v 0.63419565 0.15561900 0.01129324
v 0.62046472 0.21056261 -0.03943717
v 0.61612875 0.43931702 -0.05198844
v 0.61173123 0.43824094 -0.01779849
v 0.59095687 0.65991050 0.00534063
v 0.58143461 0.73432308 -0.05862691
v 0.59532840 0.78136251 0.01047664
v 0.61709118 0.93155403 -0.00215455
v 0.60687818 -0.08700710 -0.00256587
v 0.62469445 0.11905390 -0.04878725
v 0.60694279 0.33338637 -0.06162820
v 0.63009043 0.40038521 -0.05741449
v 0.61365912 0.64681902 -0.04317445
v 0.61566668 0.64503286 -0.01207931
v 0.62899694 0.65009899 0.01182979
v 0.61730472 0.66104218 0.02079070
v 0.59529947 0.76761782 0.02297093
v 0.63191809 0.77296569 -0.04931665
v 0.63262137 -0.07698116 -0.00166354
v 0.63034654 -0.07341577 -0.03904766
v 0.63364973 -0.07041614 0.00088926
v 0.64866799 -0.06348059 -0.03896256
v 0.61783920 0.07504436 0.00117936
v 0.61768365 0.25721375 0.00125204
v 0.63741142 0.31072438 -0.04817944
v 0.62724945 0.32640227 0.01216603
v 0.64206718 0.34256355 -0.06129850
v 0.63542232 0.34451429 0.02339881
v 0.61872409 0.44060525 0.01226170
v 0.62658673 0.64833891 -0.04819748
v 0.61789779 0.64139734 0.01214041
v 0.62668147 0.66330204 0.02116398
v 0.61848057 0.66248513 -0.05856602
v 0.64232643 0.75506515 0.02371300
v 0.63215314 0.76674149 0.02079648
v 0.60783974 0.76949531 -0.06104777
v 0.60274612 0.84213422 -0.03306720
v 0.65576286 0.91227070 0.00048760
v 0.62351222 0.92389417 0.00046066
v 0.62152742 0.93192762 -0.02530911
v 0.60816565 -0.08815522 -0.02612949
v 0.61558923 0.03121706 -0.00774517
v 0.62185113 0.14374074 -0.04996402
v 0.62030101 0.23156845 -0.00078901
v 0.63877054 0.33093503 -0.04980277
v 0.62610128 0.43741229 -0.05827712
v 0.63941830 0.45235084 -0.05268974
v 0.63863070 0.62740723 0.01281747
v 0.62545225 0.64236284 -0.05034588
v 0.63606973 0.64278050 -0.02098068
v 0.64834657 0.70427015 -0.05770687
v 0.65914745 0.91719635 -0.00373330
v 0.62223556 0.20426325 0.00147076
v 0.67356660 0.25682098 -0.03935484
v 0.62751233 0.23926652 -0.03876157
v 0.63198351 0.44769284 -0.00874800
v 0.64220005 0.64308996 -0.05675905
v 0.63853739 0.63523984 -0.04997899
v 0.63994788 0.63556157 0.00350928
v 0.63713622 0.65014287 0.02033244
v 0.63587978 0.65505136 -0.05821109
v 0.62798433 0.83710520 -0.00692210
v 0.62329283 0.88704477 -0.03281419
v 0.65013276 -0.06195903 0.00055603
v 0.64422005 0.25043339 -0.00104276
v 0.66207302 0.26480993 -0.00125336
v 0.68111302 0.28400625 -0.00074440
v 0.64886687 0.63784373 -0.03565654
v 0.65142917 0.75743692 -0.06082592
v 0.65582625 0.82767526 -0.03180710
v 0.66133185 0.83892002 -0.00896381
v 0.63715688 -0.03116353 -0.03329812
v 0.67717363 0.06349433 -0.00808260
v 0.64929048 0.17141672 -0.04904096
v 0.64988030 0.34437116 0.02198015
v 0.65154195 0.46255058 0.01158718
v 0.66033279 0.47071385 -0.05088348
v 0.65148711 0.63812343 -0.05392847
v 0.64909327 0.63703522 0.01104320
v 0.65729453 0.76532520 -0.04858046
v 0.64143888 0.77071901 0.01059272
v 0.64394459 0.91576770 -0.03834342
v 0.65456666 0.91803906 -0.03637177
v 0.65270567 -0.06922213 -0.03583427
v 0.67193013 -0.05846981 -0.03837808
v 0.65419264 -0.06882787 -0.00389161
v 0.67075480 -0.05966609 -0.00163510
v 0.67320647 -0.04878149 0.00031719
v 0.66738824 0.15980580 -0.05007633
v 0.65774565 0.26623170 -0.03844792
v 0.67382590 0.35358787 0.02076929
v 0.66988875 0.35469249 -0.06110308
v 0.62181042 0.43719620 0.02090828
v 0.64472720 0.44723132 -0.05811845
v 0.64917643 0.45380699 0.02071979
v 0.66614385 0.62542107 0.02087530
v 0.64880247 0.64075948 0.01928541
v 0.66301050 0.75634118 0.02043023
v 0.62138928 0.89670855 -0.00506383
v 0.68078176 -0.04253424 -0.03801965
v 0.66117442 0.02379156 -0.00895245
v 0.70233720 0.10393637 -0.00527383
v 0.70380584 0.10436215 -0.03440135
v 0.65810212 0.16831305 0.01212867
v 0.68284862 0.20382944 -0.04842037
v 0.65719721 0.33767454 0.01089040
v 0.66956863 0.36008198 0.02323074
v 0.63238369 0.39725949 0.01960930
v 0.67424689 0.42284941 -0.05767576
v 0.66941276 0.47092236 -0.05778103
v 0.66330694 0.76195850 0.01048487
v 0.67348863 0.90395360 -0.03826893
v 0.68300443 0.90519377 -0.03639140
v 0.66500485 0.91558891 -0.02493146
v 0.68611710 -0.05142787 -0.03737579
v 0.63895590 0.02859650 -0.03087023
v 0.65815706 0.14870910 0.01093379
v 0.67412354 0.34619038 -0.04941491
v 0.64223680 0.31231560 0.00913180
v 0.69501860 0.44328957 0.02023321
v 0.67439537 0.48982739 -0.05520186
v 0.67915979 0.49984570 -0.05238702
v 0.66867480 0.48207329 0.01201094
v 0.68009301 0.50330219 0.01166210
v 0.68046360 0.59445587 -0.05253045
v 0.67442610 0.60685933 -0.05102378
v 0.66786037 0.61665376 0.01208817
v 0.68625835 0.59344517 0.02086322
v 0.67171493 0.62584047 -0.05803279
v 0.69792291 0.73757758 0.02025950
v 0.68283077 0.89972900 0.00035954
v 0.68637692 -0.05167093 -0.00178025
v 0.68320764 0.28900627 -0.03910048
v 0.67829437 0.48745396 0.02096396
v 0.68586438 0.51603584 -0.05555081
v 0.68924353 0.53561635 0.01206844
v 0.68767108 0.57053291 -0.05328956
v 0.68844496 0.56283344 0.01159142
v 0.68374272 0.58568816 0.01224472
v 0.68104860 0.60737864 -0.05778050
v 0.67386631 0.67356954 -0.05732162
v 0.68002073 0.74122579 0.02377977
v 0.69162223 0.74768425 0.01021476
v 0.68896437 0.74993050 -0.04860273
v 0.67952625 0.83253280 -0.03112465
v 0.70167512 0.88941907 0.00037487
v 0.67222340 -0.06097868 -0.02654732
v 0.69691741 -0.04091508 -0.03919669
v 0.69420384 -0.04257186 0.00085822
v 0.69358305 0.18822184 0.01156450
v 0.68241312 0.19997173 0.01010046
v 0.71199364 0.30935102 0.00052350
v 0.69364057 0.35725839 -0.04861010
v 0.68485365 0.48531399 -0.05811613
v 0.69097735 0.52229212 0.02108449
v 0.68795236 0.52701259 -0.05134287
v 0.69549984 0.56865800 -0.05868618
v 0.68943004 0.55051433 -0.05118370
v 0.69021488 0.58910788 -0.05842932
v 0.72788948 0.60280999 0.02014565
v 0.69283303 0.80643722 -0.00671792
v 0.70693644 -0.04173570 -0.03443690
v 0.71768416 -0.02191936 -0.03814679
v 0.68759913 0.26820480 0.00048135
v 0.68670702 0.35269541 0.01034685
v 0.70638637 0.37784469 -0.06066180
v 0.70151012 0.36354004 0.01105977
v 0.69498006 0.51838696 -0.05879176
v 0.66325184 0.68423853 0.01939115
v 0.68436419 0.74318620 -0.06030021
v 0.71281706 0.73228582 -0.04916961
v 0.70640246 0.79632355 -0.03313326
v 0.73100611 0.87021126 0.00000043
v 0.70027841 0.89045261 -0.03788441
v 0.69663890 0.89921365 -0.00436864
v 0.71237471 -0.03109907 0.00074233
v 0.68942092 -0.00912196 -0.00498903
v 0.71394399 0.20733649 -0.04975113
v 0.71977403 0.21921433 0.01125915
v 0.72680981 0.24265797 0.00985534
v 0.71333465 0.31921475 -0.04029983
v 0.70247395 0.37082131 0.02075959
v 0.69621783 0.37637755 0.02312939
v 0.73661025 0.54548452 0.01985793
v 0.73347835 0.56785582 -0.05720655
v 0.69417385 0.55287987 0.02128217
v 0.71109118 0.63257918 -0.05653482
v 0.67754261 0.70556465 -0.05920633
v 0.72397902 0.82634127 -0.03176532
v 0.69394974 0.18244874 -0.04986161
v 0.75597963 0.27069404 0.01119202
v 0.70388909 0.29086933 -0.03913077
v 0.73303134 0.39018765 -0.04763193
v 0.71074273 0.72350179 -0.06093433
v 0.71748379 0.72936174 0.01002780
v 0.72979016 0.79923246 -0.00846691
v 0.76783519 0.76810811 -0.03071900
v 0.71924201 0.88518316 -0.00207854
v 0.70766682 0.89178879 -0.03670457
v 0.72226153 -0.02999616 -0.03814498
v 0.72511463 -0.02946337 -0.00402695
v 0.72158116 -0.02024260 0.00065068
v 0.73914311 -0.01460378 -0.03891384
v 0.75117573 0.09747552 -0.00971220
v 0.77873888 0.15934743 -0.03041657
v 0.72427187 0.23895638 -0.04892964
v 0.71969426 0.35054473 0.00524419
v 0.71001470 0.37015761 -0.04862029
v 0.72675769 0.39499636 0.02229629
v 0.68460407 0.84883791 -0.00794192
v 0.72718615 0.87443963 -0.03806105
v 0.73875391 0.87257640 -0.03514753
v 0.71694841 0.88858678 -0.02730114
v 0.73621340 -0.02104710 -0.00198137
v 0.74633823 -0.00546418 -0.03803011
v 0.71527589 0.05535567 -0.00880274
v 0.72431685 0.19734989 0.00851849
v 0.74106464 0.34200867 0.00179838
v 0.73915087 0.34741686 -0.04166204
v 0.72238316 0.37496398 0.00841889
v 0.72347288 0.39419158 -0.06044556
v 0.74065541 0.40136000 0.01164593
v 0.70983322 0.46546537 -0.05756472
v 0.73962768 0.71839270 -0.04581564
v 0.74309156 0.77652694 -0.00700570
v 0.75483384 0.75755010 -0.03326081
v 0.70472019 0.02895777 -0.03148111
v 0.72569057 0.07791688 -0.03024138
v 0.74721215 0.12598363 -0.00831276
v 0.74399344 0.23730886 -0.04929683
v 0.75133156 0.41177663 -0.04680390
v 0.74277906 0.41116259 0.02056660
v 0.72681906 0.70326554 0.02381374
v 0.70217784 0.75690151 -0.04415358
v 0.73204705 0.87821041 -0.00457075
v 0.74230541 -0.01087924 0.00088434
v 0.73588470 0.11977069 -0.03223364
v 0.73897651 0.33199147 -0.04107359
v 0.74830203 0.39912537 0.00669285
v 0.75921165 0.36864242 0.00286495
v 0.74353341 0.41679712 -0.06057838
v 0.73983474 0.41972509 0.02321121
v 0.76823962 0.46357519 0.02306398
v 0.76049655 0.65834069 0.02356808
v 0.74397769 0.69293807 -0.05918534
v 0.73372802 0.70652077 0.02025880
v 0.74808339 0.69668275 -0.04988615
v 0.74635942 0.70009327 0.01016704
v 0.74071321 0.82239165 -0.00640551
v 0.75346217 0.85630703 -0.03811867
v 0.74100224 -0.01998439 -0.02587764
v 0.75050542 -0.01194365 -0.03543710
v 0.77252601 0.02376147 -0.00069767
v 0.74694944 0.23689117 0.01048073
v 0.76090429 0.36024583 -0.04282260
v 0.76118779 0.40759897 0.00570469
v 0.76053212 0.42596891 0.00916086
v 0.77009270 0.43888862 -0.04687022
v 0.76373190 0.44469175 0.02222341
v 0.76712352 0.45190112 -0.05975435
v 0.74684959 0.63506882 -0.05952307
v 0.74491567 0.86822845 -0.00222253
v 0.77963971 0.00958908 -0.02568926
v 0.79066789 0.01957032 -0.03493206
v 0.76208290 -0.00258115 -0.00251595
v 0.75593983 0.00505919 0.00000373
v 0.76087922 0.00189716 -0.03875058
v 0.76278395 0.05495326 -0.03332658
v 0.79104411 0.20324329 -0.03496289
v 0.76506519 0.26870104 -0.04933835
v 0.78158687 0.31520723 0.01020469
v 0.75866951 0.39936629 -0.04374204
v 0.77252940 0.63046245 0.02316468
v 0.76555429 0.65466964 -0.06068087
v 0.74534093 0.84080138 -0.03500364
v 0.77625215 0.84344763 -0.03570605
v 0.76762585 0.85184384 -0.00468969
v 0.77726220 0.01541349 0.00044953
v 0.77475365 0.10583839 -0.02992389
v 0.78605726 0.15956443 -0.01004409
v 0.78287396 0.40087148 0.00608408
v 0.77685572 0.44130041 0.00747458
v 0.77680903 0.45550334 0.00996262
v 0.78113252 0.47887042 0.02064054
v 0.77368722 0.47120369 -0.06052135
v 0.77843024 0.51865205 -0.06060881
v 0.77991502 0.50299956 0.02321615
v 0.78151509 0.59659261 0.02335952
v 0.77852115 0.61451476 -0.06068407
v 0.76495793 0.66354439 0.02086351
v 0.77002616 0.66599558 0.01035587
v 0.76724046 0.67658438 -0.04753008
v 0.80110605 0.71006961 -0.03212043
v 0.75620887 0.86167028 -0.02684686
v 0.78727113 0.02703193 -0.03879534
v 0.79797622 0.04305863 -0.00014075
v 0.74948302 0.03762644 -0.00549852
v 0.79449722 0.30661715 -0.04764805
v 0.78122967 0.28618287 0.00965730
v 0.77072942 0.30323393 -0.04852709
v 0.78248144 0.46964653 -0.04974863
v 0.78523942 0.47422160 0.01092502
v 0.77940798 0.62695340 -0.05968275
v 0.78444117 0.63639880 -0.04842252
v 0.77154212 0.66022501 -0.05026333
v 0.79924686 0.62559083 -0.04593403
v 0.79206132 0.66188532 0.00536561
v 0.79695813 0.68199080 -0.03936423
v 0.76864648 0.84239091 0.00028824
v 0.79789857 0.02723756 -0.00377622
v 0.79178720 0.03138636 0.00052247
v 0.78075845 0.25086741 0.00487686
v 0.77774107 0.42289767 -0.04425852
v 0.78521151 0.45322168 -0.04552315
v 0.79078521 0.46886846 0.00825252
v 0.79333042 0.48134622 -0.04727884
v 0.78993875 0.51106153 0.02051671
v 0.78362187 0.49832589 -0.06036660
v 0.79093292 0.52953904 -0.05999675
v 0.78978393 0.58883437 -0.05952685
v 0.79142949 0.58496525 0.02085422
v 0.79600889 0.60093795 -0.04877172
v 0.78365909 0.63661552 0.01026589
v 0.78220236 0.62132911 0.02109862
v 0.80711111 0.03771120 -0.03838300
v 0.80944735 0.10822643 -0.03279750
v 0.79968210 0.32339999 0.00918611
v 0.79850127 0.49720766 0.00958310
v 0.79086470 0.49494737 -0.05049330
v 0.79637065 0.50978094 0.01108346
v 0.79860167 0.53645538 -0.05049686
v 0.79176288 0.54506427 0.02226323
v 0.79965406 0.56296401 0.01200023
v 0.79368499 0.60620827 0.01012475
v 0.80340653 0.03071940 -0.03562545
v 0.80401889 0.03680638 -0.00050269
v 0.81085292 0.05015465 0.00043111
v 0.81143204 0.14502127 -0.03029821
v 0.81484669 0.18568842 -0.02968099
v 0.81567058 0.45822736 0.01070623
v 0.80370038 0.51893985 -0.04842354
v 0.80084397 0.71434103 -0.00685164
v 0.81429249 0.80584888 -0.03607318
v 0.81433917 0.04294782 -0.00341611
v 0.81744229 0.23545532 -0.00596655
v 0.79788042 0.34328481 -0.04901746
v 0.80430253 0.35087196 0.01069361
v 0.81244461 0.39369849 -0.04940526
v 0.81259816 0.37553031 0.01069030
v 0.80596029 0.53460303 0.00989314
v 0.80567782 0.57997557 -0.04743653
v 0.81216508 0.71856792 -0.00830404
v 0.80339267 0.77835257 -0.03452410
v 0.79441142 0.76095776 -0.00740135
v 0.81697232 0.79425265 -0.03856978
v 0.81423730 0.79681647 -0.00030627
v 0.82166431 0.05095372 -0.00379896
v 0.81318839 0.05251917 -0.03899314
v 0.81779969 0.05768390 0.00052104
v 0.83338480 0.07176656 -0.03942182
v 0.81227681 0.12418052 -0.00753310
v 0.84108243 0.27510563 -0.03293472
v 0.83806331 0.37244862 -0.04243309
v 0.81990893 0.46084620 -0.04879984
v 0.82229123 0.68096722 -0.03174220
v 0.84706122 0.75859124 0.00046675
v 0.79260998 0.83014388 -0.02720816
v 0.82095650 0.04944186 -0.03774000
v 0.83704695 0.06824231 -0.03543984
v 0.83716308 0.09034059 -0.03828465
v 0.83957843 0.22722060 -0.03052486
v 0.83079391 0.54502546 -0.04446683
v 0.81182156 0.60487087 0.00623562
v 0.85334390 0.74893297 -0.03844515
v 0.80242838 0.81978016 -0.00270075
v 0.85265507 0.76098243 -0.00321765
v 0.84200317 0.08140603 -0.03911049
v 0.83563761 0.07454722 0.00067515
v 0.84617387 0.28957885 -0.00666987
v 0.83534311 0.45744291 -0.04612545
v 0.83092763 0.52675518 0.00698780
v 0.82678612 0.66016017 -0.00612124
v 0.83539261 0.66935516 -0.00860141
v 0.80018127 0.74134363 -0.03089367
v 0.84951550 0.76366100 -0.03683788
v 0.85123762 0.76464506 -0.02471395
v 0.85112774 0.08679851 -0.00243183
v 0.84722896 0.09441107 0.00069497
v 0.84819178 0.09468503 -0.03918915
v 0.82504966 0.17064747 -0.00911378
v 0.83503493 0.22022383 -0.00863551
v 0.87978474 0.45356999 -0.03347992
v 0.86327702 0.58533687 -0.03231967
v 0.83819577 0.06857346 -0.02447134
v 0.87166330 0.12627991 -0.03928268
v 0.86260371 0.12200290 0.00010072
v 0.84121623 0.44417478 0.00570884
v 0.85691789 0.59765078 -0.00622912
v 0.85394457 0.09033543 -0.03585591
v 0.86770340 0.11206104 -0.03751613
v 0.86066864 0.09852025 -0.02767694
v 0.86032199 0.11826048 -0.03857908
v 0.85908944 0.20163216 -0.03184109
v 0.87200187 0.29189987 -0.00874444
v 0.86694952 0.30400509 -0.03096131
v 0.88037443 0.50668068 -0.03223245
v 0.86480569 0.62114804 -0.00806561
v 0.85215247 0.68891872 -0.03251188
v 0.85404992 0.65199183 -0.03075200
v 0.89704105 0.64670028 -0.03601021
v 0.86051132 0.69713717 -0.00439472
v 0.87587387 0.72832967 -0.00315727
v 0.86832224 0.11176180 -0.00237109
v 0.87878236 0.14944435 0.00009196
v 0.87929258 0.14305617 -0.03861554
v 0.87115769 0.34214092 -0.00763254
v 0.87907674 0.38524745 -0.03275125
v 0.87406039 0.52535189 -0.00617630
v 0.88011963 0.55710261 -0.00806591
v 0.87544338 0.60624022 -0.03107471
v 0.87499163 0.71642227 0.00055656
v 0.87686243 0.71448213 -0.03844683
v 0.89153383 0.70005265 -0.00246116
v 0.87337808 0.73167813 -0.03505983
v 0.87799890 0.12606382 -0.03505584
v 0.88922587 0.15061301 -0.00034510
v 0.88846566 0.16706014 -0.03799779
v 0.87807780 0.25315001 -0.00775421
v 0.89229386 0.34047543 -0.03119272
v 0.88191539 0.42229200 -0.00667062
v 0.87948332 0.49763587 -0.00689242
v 0.89517431 0.67913184 -0.03831351
v 0.87933157 0.13136787 -0.00111317
v 0.89244235 0.17530932 0.00002473
v 0.89392230 0.41456344 -0.00802547
v 0.89067370 0.52830925 -0.00820303
v 0.89269850 0.51453124 -0.03123813
v 0.89714433 0.58831580 -0.00664326
v 0.90013727 0.66415213 -0.00004668
v 0.88723313 0.70883475 -0.03446664
v 0.89046222 0.14601584 -0.02399764
v 0.89277242 0.15298031 -0.03610831
v 0.90059622 0.16831787 -0.00273220
v 0.90495255 0.20060887 -0.03799057
v 0.90119006 0.18389267 0.00046830
v 0.88437681 0.20374727 -0.00370944
v 0.89966797 0.27375724 -0.03306704
v 0.90415439 0.40109487 -0.00800397
v 0.90790624 0.65185227 0.00028994
v 0.89321591 0.68325305 0.00034185
v 0.89793944 0.68621511 -0.03630236
v 0.90294063 0.17434471 -0.03770542
v 0.91161576 0.18968955 -0.00247271
v 0.89734211 0.34889427 -0.00808939
v 0.90918564 0.66145741 -0.03739454
v 0.90380985 0.67858305 -0.02392115
v 0.90687110 0.17733531 -0.02759877
v 0.91566918 0.20132278 -0.03662248
v 0.91185967 0.20813475 0.00018250
v 0.91956743 0.49062357 -0.03289887
v 0.91593720 0.57097860 -0.03459400
v 0.91559264 0.63041738 0.00021759
v 0.91255134 0.64334437 -0.03837705
v 0.92036846 0.64124015 -0.02592753
v 0.90860209 0.66491102 -0.00291086
v 0.92888318 0.22846609 -0.02506806
v 0.92433631 0.22166304 -0.00257509
v 0.92270591 0.23728546 0.00017969
v 0.92058313 0.22873582 -0.03856681
v 0.90986115 0.30159984 -0.00571152
v 0.91970629 0.39408860 -0.03239813
v 0.91965730 0.49936254 -0.00616279
v 0.93100363 0.58664909 -0.03866282
v 0.92368527 0.60839766 0.00032411
v 0.92102541 0.61958637 -0.03853332
v 0.92411578 0.62751673 -0.00368403
v 0.91754210 0.64416013 -0.03561882
v 0.91624755 0.64604684 -0.00237860
v 0.92509824 0.22407592 -0.03594649
v 0.93261114 0.24349031 -0.00222226
v 0.93171600 0.26606955 -0.03836189
v 0.93472451 0.27782942 0.00007273
v 0.93887268 0.28691942 -0.03860234
v 0.92490720 0.39196241 -0.00573040
v 0.94000334 0.54403443 -0.03835282
v 0.93483641 0.57490473 0.00020777
v 0.92971203 0.61219979 -0.03589943
v 0.93246294 0.24684945 -0.03754584
v 0.94000997 0.27047512 -0.03638435
v 0.94146425 0.27399375 -0.00194365
v 0.94453144 0.31508838 0.00025591
v 0.94710297 0.50628939 0.00009386
v 0.93915509 0.54548606 -0.00011084
v 0.93659715 0.58861875 -0.00312045
v 0.93967155 0.57549755 -0.03695710
v 0.93758717 0.59024008 -0.02351253
v 0.94730850 0.30047941 -0.03565988
v 0.94497264 0.28315923 -0.02699395
v 0.94883286 0.30408800 -0.00277187
v 0.94581542 0.31678849 -0.03851641
v 0.94805543 0.35544531 -0.03815945
v 0.94765999 0.35313659 0.00002590
v 0.95328816 0.46716313 0.00032922
v 0.94734615 0.49806755 -0.03851978
v 0.94843485 0.53256678 -0.03789528
v 0.94849470 0.53554007 -0.00198103
v 0.94705308 0.54816944 -0.00400815
v 0.95512735 0.33691209 -0.02677099
v 0.95533843 0.41369547 0.00045940
v 0.95473061 0.38422653 -0.03874622
v 0.95427386 0.46317897 -0.03890774
v 0.95628499 0.49697374 -0.03597393
v 0.95707200 0.48898968 -0.00301242
v 0.95552691 0.50452612 -0.01282617
v 0.94806230 0.54605520 -0.03466897
v 0.95479285 0.34408278 -0.03577011
v 0.95507554 0.34092708 -0.00399220
v 0.95657319 0.35389033 -0.00182982
v 0.96065107 0.39899772 -0.02592315
v 0.96082554 0.43546431 -0.00414100
v 0.95969790 0.39999707 -0.03520859
v 0.96041377 0.44529559 -0.03386082
f 1 4 2
f 6 3 16
f 6 2 3
f 3 2 4
f 1 2 11
f 4 1 8
f 2 6 11
f 14 6 16
f 4 7 3
f 5 7 4
f 19 16 3
f 8 1 26
f 26 1 20
f 11 18 17
f 1 11 17
f 9 4 8
f 10 4 9
f 11 14 18
f 11 6 14
f 4 10 5
f 5 10 12
f 12 13 5
f 5 13 7
f 16 15 14
f 3 7 24
f 8 31 9
f 22 10 9
f 17 18 21
f 12 10 33
f 12 61 13
f 13 34 7
f 42 24 7
f 34 42 7
f 19 3 24
f 8 26 31
f 22 31 32
f 21 30 17
f 20 1 17
f 20 17 30
f 22 9 31
f 22 33 10
f 33 61 12
f 23 18 41
f 18 14 41
f 15 41 14
f 35 15 16
f 19 35 16
f 37 45 26
f 37 26 25
f 27 31 26
f 20 28 38
f 25 20 38
f 26 20 25
f 28 30 29
f 20 30 28
f 27 32 31
f 32 33 22
f 29 30 21
f 21 18 23
f 61 34 13
f 54 24 42
f 25 38 36
f 36 37 25
f 45 37 36
f 45 47 27
f 45 27 26
f 38 28 39
f 39 28 29
f 40 27 47
f 40 32 27
f 32 40 33
f 33 67 61
f 29 21 23
f 41 15 48
f 54 42 43
f 49 35 19
f 36 44 51
f 51 62 36
f 44 38 46
f 44 36 38
f 45 36 62
f 39 57 46
f 46 38 39
f 39 29 60
f 33 40 67
f 61 43 34
f 41 48 53
f 34 43 42
f 48 15 35
f 44 56 51
f 50 44 46
f 45 66 47
f 66 73 47
f 57 39 60
f 47 58 40
f 48 55 53
f 55 48 35
f 43 52 54
f 59 24 54
f 19 24 64
f 59 64 24
f 44 50 56
f 46 57 50
f 62 66 45
f 29 23 60
f 76 41 53
f 61 67 43
f 19 84 49
f 84 19 64
f 50 57 70
f 66 87 73
f 73 58 47
f 40 58 67
f 76 23 41
f 67 93 43
f 43 93 52
f 63 55 35
f 63 35 49
f 51 85 62
f 57 60 65
f 79 60 75
f 60 23 76
f 63 68 55
f 54 69 59
f 54 52 69
f 85 66 62
f 70 57 65
f 65 60 79
f 73 109 58
f 63 81 68
f 85 87 66
f 60 76 75
f 53 55 68
f 52 71 69
f 50 70 56
f 70 72 56
f 52 93 71
f 69 71 83
f 59 69 83
f 51 56 118
f 51 118 85
f 65 97 70
f 58 88 67
f 67 92 93
f 98 53 89
f 53 68 89
f 89 68 77
f 83 71 74
f 64 59 102
f 70 97 72
f 97 65 79
f 75 76 80
f 68 81 77
f 63 90 81
f 49 90 63
f 78 64 102
f 84 108 49
f 64 78 84
f 86 87 85
f 97 79 123
f 53 98 76
f 93 74 71
f 81 94 77
f 90 94 81
f 83 74 82
f 108 90 49
f 59 83 102
f 72 96 56
f 109 91 58
f 58 91 88
f 75 80 104
f 83 117 102
f 83 82 117
f 72 97 96
f 85 118 86
f 79 75 104
f 80 76 98
f 88 92 67
f 100 74 93
f 117 82 95
f 56 96 157
f 86 103 87
f 99 98 89
f 92 105 93
f 105 100 93
f 89 77 114
f 82 101 95
f 94 132 77
f 94 115 132
f 90 115 94
f 90 106 115
f 108 106 90
f 107 78 102
f 78 140 84
f 56 157 118
f 86 118 135
f 97 122 134
f 134 96 97
f 97 123 122
f 152 164 73
f 73 164 109
f 79 104 184
f 80 98 119
f 110 98 99
f 89 113 99
f 105 92 111
f 113 89 114
f 105 112 100
f 100 126 74
f 74 101 82
f 77 132 151
f 102 128 107
f 102 117 128
f 140 108 84
f 140 78 107
f 86 135 103
f 123 79 184
f 109 164 91
f 104 80 189
f 91 142 88
f 119 98 110
f 99 129 110
f 88 111 92
f 99 113 129
f 111 112 105
f 130 100 112
f 126 127 74
f 114 77 125
f 125 77 138
f 127 101 74
f 138 77 151
f 115 116 132
f 106 116 115
f 117 95 120
f 106 108 121
f 135 148 103
f 103 152 87
f 87 152 73
f 145 113 114
f 100 130 126
f 145 114 125
f 117 133 128
f 117 120 133
f 140 121 108
f 103 148 152
f 189 80 165
f 119 110 124
f 124 110 136
f 136 110 129
f 142 111 88
f 137 113 145
f 101 120 95
f 133 120 131
f 157 96 147
f 118 173 135
f 184 104 189
f 91 159 142
f 80 119 165
f 113 137 129
f 130 127 126
f 125 138 145
f 120 171 131
f 146 139 116
f 106 146 116
f 146 106 121
f 134 147 96
f 119 124 165
f 136 149 124
f 111 144 112
f 136 129 137
f 127 130 162
f 162 101 127
f 139 132 116
f 141 147 134
f 134 122 141
f 122 123 141
f 165 124 160
f 124 149 160
f 142 144 111
f 136 137 143
f 101 171 120
f 151 132 212
f 212 132 139
f 197 146 121
f 148 135 173
f 164 159 91
f 144 142 169
f 169 142 166
f 136 143 149
f 112 144 130
f 180 137 181
f 181 137 145
f 130 161 162
f 145 155 181
f 155 145 138
f 155 138 150
f 150 138 151
f 148 174 152
f 153 123 184
f 152 178 164
f 169 154 144
f 143 137 180
f 144 154 130
f 154 161 130
f 212 139 163
f 171 156 131
f 146 163 139
f 176 146 197
f 140 197 121
f 173 174 148
f 152 225 178
f 142 159 166
f 165 160 205
f 143 168 149
f 162 171 101
f 150 151 170
f 156 172 131
f 146 176 163
f 133 131 172
f 140 107 213
f 118 157 198
f 164 158 159
f 205 160 167
f 169 166 179
f 149 167 160
f 143 180 168
f 170 155 150
f 170 151 194
f 157 147 183
f 118 198 173
f 187 147 141
f 164 178 158
f 159 179 166
f 149 168 167
f 185 191 169
f 191 154 169
f 154 175 161
f 155 170 220
f 162 254 171
f 156 182 172
f 163 176 177
f 133 172 182
f 183 198 157
f 198 199 173
f 174 225 152
f 167 168 190
f 185 169 179
f 191 175 154
f 170 194 220
f 171 211 156
f 156 195 182
f 176 272 177
f 272 176 197
f 147 187 183
f 173 199 174
f 199 201 174
f 201 225 174
f 153 184 188
f 189 165 205
f 205 167 190
f 180 207 168
f 175 192 161
f 180 181 208
f 208 181 209
f 161 192 162
f 194 151 212
f 212 163 177
f 272 196 177
f 133 282 128
f 133 186 282
f 133 182 186
f 182 195 186
f 187 141 200
f 141 123 200
f 188 184 216
f 216 184 229
f 184 189 229
f 190 168 218
f 168 207 218
f 191 185 231
f 207 180 208
f 191 192 175
f 162 192 193
f 220 181 155
f 220 219 181
f 219 209 181
f 162 193 254
f 212 177 196
f 213 107 244
f 128 244 107
f 128 282 244
f 197 140 245
f 245 140 213
f 201 224 225
f 225 202 178
f 153 188 203
f 216 203 188
f 217 202 215
f 202 217 178
f 217 158 178
f 217 204 158
f 229 189 230
f 158 260 159
f 260 179 159
f 189 205 230
f 179 275 185
f 205 190 206
f 190 218 206
f 191 234 192
f 234 193 192
f 235 220 194
f 171 254 211
f 194 212 210
f 211 255 156
f 223 222 183
f 198 183 222
f 198 222 221
f 199 198 221
f 183 187 223
f 223 187 200
f 200 123 153
f 237 202 225
f 246 153 203
f 214 246 203
f 237 214 215
f 202 237 215
f 228 214 203
f 215 214 228
f 217 215 228
f 228 203 227
f 275 231 185
f 220 239 219
f 193 253 254
f 194 210 235
f 212 196 256
f 259 221 222
f 221 259 201
f 221 201 199
f 223 200 258
f 226 246 214
f 237 226 214
f 203 216 227
f 217 228 265
f 217 265 204
f 216 229 227
f 158 204 260
f 230 205 206
f 208 232 207
f 208 209 233
f 209 219 233
f 235 210 240
f 211 254 255
f 210 212 240
f 240 212 242
f 282 186 257
f 186 195 257
f 236 259 222
f 223 258 236
f 222 223 236
f 225 224 237
f 237 247 226
f 319 228 227
f 227 229 249
f 229 230 249
f 260 275 179
f 218 207 238
f 251 191 231
f 232 208 233
f 233 219 239
f 254 253 277
f 235 240 241
f 241 240 242
f 242 212 243
f 255 263 156
f 212 256 243
f 291 245 213
f 201 259 247
f 201 247 224
f 200 153 246
f 200 246 248
f 224 247 237
f 226 248 246
f 247 248 226
f 351 319 227
f 227 249 351
f 265 250 204
f 250 260 204
f 230 206 292
f 238 207 252
f 207 232 252
f 276 191 251
f 233 239 267
f 234 253 193
f 254 277 255
f 241 242 243
f 243 256 264
f 280 257 195
f 282 257 270
f 244 282 350
f 244 291 213
f 248 258 200
f 259 248 247
f 319 265 228
f 307 250 265
f 218 238 206
f 231 266 251
f 252 232 261
f 233 262 232
f 262 233 267
f 253 294 277
f 268 239 220
f 268 220 235
f 316 235 241
f 241 243 316
f 316 243 264
f 255 277 263
f 263 269 156
f 156 269 195
f 269 280 195
f 280 296 257
f 305 272 197
f 236 258 259
f 258 248 259
f 319 307 265
f 249 371 274
f 249 274 351
f 250 307 283
f 250 283 260
f 283 275 260
f 275 266 231
f 266 276 251
f 276 234 191
f 267 239 268
f 268 235 316
f 264 256 279
f 196 271 256
f 257 296 270
f 271 196 272
f 282 270 273
f 290 271 272
f 305 290 272
f 350 291 244
f 245 305 197
f 206 238 292
f 238 252 261
f 261 232 293
f 276 285 234
f 293 232 262
f 253 234 285
f 262 267 286
f 267 268 286
f 277 278 263
f 287 278 277
f 263 278 269
f 269 278 280
f 270 296 273
f 296 288 273
f 290 281 271
f 249 230 371
f 371 230 292
f 276 284 285
f 285 321 253
f 321 302 253
f 253 302 294
f 295 316 264
f 271 281 256
f 256 281 394
f 298 394 281
f 290 298 281
f 282 273 289
f 273 288 289
f 350 282 300
f 289 300 282
f 285 313 321
f 286 268 303
f 303 268 304
f 294 309 277
f 268 316 304
f 309 310 277
f 277 310 287
f 295 264 279
f 287 280 278
f 279 256 317
f 280 323 296
f 296 297 288
f 288 297 289
f 297 311 289
f 300 289 311
f 290 299 298
f 290 305 299
f 275 312 266
f 292 238 261
f 266 284 276
f 293 262 308
f 284 301 285
f 313 285 301
f 262 286 314
f 314 286 303
f 337 280 287
f 317 256 318
f 256 394 318
f 305 306 299
f 283 312 275
f 292 261 352
f 261 293 352
f 352 293 308
f 266 335 284
f 335 301 284
f 302 309 294
f 304 316 330
f 279 317 295
f 280 337 323
f 323 297 296
f 245 325 305
f 291 325 245
f 283 326 312
f 312 333 266
f 314 303 315
f 302 321 309
f 303 304 315
f 315 304 328
f 304 330 328
f 376 323 337
f 323 324 297
f 283 307 378
f 283 378 326
f 326 333 312
f 335 384 301
f 321 313 327
f 262 314 308
f 314 315 320
f 321 322 309
f 309 322 310
f 324 340 297
f 311 341 300
f 342 306 305
f 325 342 305
f 301 384 313
f 384 327 313
f 320 315 347
f 315 328 347
f 322 329 310
f 310 329 287
f 330 316 358
f 329 337 287
f 295 317 338
f 376 324 323
f 317 318 338
f 338 318 349
f 318 394 349
f 340 368 297
f 297 368 311
f 299 331 298
f 306 331 299
f 300 332 350
f 300 341 332
f 306 342 331
f 291 350 363
f 291 363 325
f 371 292 352
f 333 334 266
f 266 334 335
f 308 314 320
f 322 321 346
f 347 328 336
f 328 330 336
f 322 348 329
f 336 330 358
f 329 348 337
f 324 339 340
f 349 394 359
f 364 378 307
f 343 333 326
f 333 343 334
f 344 308 320
f 327 345 321
f 346 321 345
f 336 358 357
f 348 356 337
f 356 374 337
f 295 338 367
f 367 338 349
f 324 376 339
f 340 353 368
f 331 379 298
f 379 394 298
f 331 354 379
f 342 354 331
f 342 325 448
f 319 364 307
f 343 326 378
f 352 308 344
f 384 345 327
f 322 346 348
f 346 356 348
f 295 358 316
f 359 367 349
f 339 353 340
f 368 418 311
f 311 418 341
f 341 418 332
f 418 361 332
f 350 361 363
f 350 332 361
f 351 274 382
f 351 355 319
f 382 355 351
f 355 364 319
f 320 373 344
f 345 372 346
f 357 347 336
f 358 295 375
f 376 337 401
f 337 374 401
f 359 394 360
f 342 362 354
f 448 362 342
f 361 370 363
f 363 449 325
f 449 448 325
f 378 365 343
f 343 365 334
f 365 335 334
f 335 383 384
f 347 357 386
f 356 366 374
f 367 359 360
f 339 376 353
f 360 394 393
f 354 362 379
f 361 369 381
f 448 380 362
f 449 363 370
f 370 361 381
f 274 371 395
f 274 395 382
f 365 383 335
f 384 372 345
f 320 347 373
f 347 386 409
f 357 358 386
f 358 375 386
f 376 388 353
f 353 388 368
f 368 377 418
f 361 418 369
f 365 378 471
f 396 365 471
f 396 383 365
f 373 398 344
f 372 385 346
f 366 356 346
f 375 295 411
f 367 392 295
f 392 411 295
f 376 401 388
f 360 393 367
f 368 388 377
f 380 379 362
f 370 381 420
f 364 471 378
f 371 397 395
f 371 352 397
f 352 344 397
f 383 407 384
f 384 385 372
f 373 347 409
f 346 410 366
f 386 375 391
f 366 387 374
f 375 411 391
f 374 387 401
f 377 403 418
f 389 379 380
f 389 405 379
f 420 381 390
f 381 369 390
f 380 406 389
f 448 406 380
f 383 396 407
f 397 344 421
f 373 408 398
f 409 408 373
f 385 399 346
f 386 391 409
f 410 387 366
f 411 392 424
f 388 401 377
f 401 403 377
f 403 404 418
f 394 379 417
f 379 405 417
f 407 414 384
f 384 431 385
f 431 399 385
f 410 346 399
f 391 411 416
f 393 394 402
f 402 394 417
f 417 405 452
f 389 406 405
f 449 370 437
f 395 397 421
f 384 422 431
f 432 344 398
f 398 408 426
f 399 415 410
f 387 400 401
f 444 401 400
f 367 427 392
f 367 393 427
f 393 402 427
f 429 452 405
f 405 412 429
f 406 412 405
f 406 413 412
f 448 486 413
f 448 413 406
f 420 437 370
f 396 414 407
f 414 422 384
f 421 344 450
f 450 344 432
f 432 398 426
f 410 415 441
f 387 410 400
f 411 424 416
f 401 444 434
f 403 401 434
f 434 404 403
f 369 418 390
f 390 418 420
f 412 419 429
f 413 419 412
f 395 421 440
f 396 422 414
f 399 431 415
f 391 416 433
f 410 423 400
f 433 416 424
f 424 392 425
f 425 392 427
f 402 417 427
f 404 428 418
f 467 420 418
f 419 430 429
f 413 430 419
f 437 420 455
f 420 435 455
f 486 430 413
f 421 450 440
f 422 451 431
f 423 410 441
f 409 391 433
f 423 444 400
f 434 428 404
f 466 417 452
f 467 435 420
f 436 452 429
f 355 382 438
f 364 438 456
f 364 355 438
f 456 471 364
f 396 439 422
f 439 451 422
f 433 443 409
f 409 443 408
f 434 445 428
f 427 417 478
f 428 446 418
f 418 458 467
f 429 430 436
f 486 454 430
f 440 382 395
f 471 439 396
f 451 460 431
f 415 431 441
f 441 431 442
f 426 408 443
f 441 442 423
f 423 496 444
f 424 425 464
f 444 457 434
f 434 457 489
f 489 445 434
f 445 446 428
f 418 446 458
f 454 436 430
f 435 447 455
f 474 486 448
f 449 474 448
f 382 440 459
f 459 440 450
f 423 442 463
f 427 465 425
f 427 478 465
f 435 453 447
f 452 436 481
f 469 481 436
f 436 454 469
f 382 459 470
f 439 471 460
f 459 450 461
f 460 451 439
f 462 442 431
f 433 424 495
f 424 464 495
f 496 457 444
f 425 465 464
f 464 465 488
f 490 458 445
f 445 458 446
f 466 452 507
f 467 453 435
f 486 469 454
f 437 455 468
f 470 438 382
f 460 475 431
f 462 463 442
f 423 463 496
f 457 472 489
f 478 477 465
f 417 466 478
f 453 468 447
f 447 468 455
f 484 437 468
f 460 471 503
f 450 432 461
f 426 443 476
f 476 443 495
f 433 495 443
f 487 496 463
f 457 496 472
f 488 465 473
f 473 465 477
f 445 489 490
f 490 467 458
f 467 479 453
f 483 469 486
f 437 493 449
f 493 437 484
f 484 468 482
f 474 449 502
f 449 493 502
f 471 456 520
f 503 471 520
f 503 475 460
f 431 475 462
f 490 479 467
f 479 480 453
f 483 491 469
f 493 484 492
f 486 485 483
f 474 514 486
f 503 494 475
f 432 426 541
f 472 496 497
f 464 498 495
f 488 473 499
f 472 505 489
f 489 510 516
f 489 516 490
f 479 490 516
f 452 481 507
f 469 491 481
f 482 508 484
f 485 491 483
f 484 508 492
f 486 514 485
f 475 494 462
f 476 541 426
f 463 462 487
f 464 488 498
f 488 499 498
f 497 505 472
f 505 510 489
f 511 477 478
f 517 478 466
f 479 516 480
f 507 517 466
f 468 453 482
f 453 508 482
f 500 512 491
f 512 481 491
f 491 485 500
f 485 501 500
f 493 492 509
f 485 514 501
f 461 432 504
f 476 495 536
f 487 522 496
f 536 495 498
f 499 473 506
f 473 477 506
f 506 477 511
f 478 517 511
f 480 518 453
f 501 512 500
f 492 508 509
f 508 525 509
f 461 504 459
f 515 494 503
f 432 541 504
f 494 515 462
f 462 515 521
f 496 522 497
f 501 513 512
f 513 501 514
f 503 520 515
f 536 541 476
f 510 505 497
f 499 506 498
f 506 511 527
f 510 529 516
f 529 530 516
f 516 534 480
f 480 534 518
f 518 524 453
f 453 525 508
f 547 481 512
f 512 513 519
f 538 493 509
f 459 504 562
f 470 459 562
f 487 567 522
f 530 534 516
f 481 523 507
f 512 519 547
f 525 526 509
f 509 526 538
f 582 514 474
f 502 582 474
f 504 541 549
f 462 567 487
f 522 531 497
f 542 510 497
f 506 527 498
f 527 511 528
f 517 528 511
f 517 507 523
f 524 537 453
f 537 546 453
f 453 560 525
f 560 526 525
f 540 438 470
f 529 532 530
f 532 533 530
f 517 559 528
f 559 544 528
f 534 530 572
f 518 534 524
f 523 481 553
f 453 546 560
f 513 539 519
f 539 513 514
f 538 591 493
f 582 502 557
f 493 557 502
f 540 548 438
f 548 456 438
f 515 520 535
f 562 504 549
f 522 567 531
f 531 551 497
f 498 527 558
f 510 542 529
f 542 532 529
f 527 528 552
f 552 528 544
f 533 545 530
f 530 545 572
f 534 537 524
f 553 481 554
f 561 547 519
f 519 539 561
f 535 520 456
f 535 521 515
f 521 567 462
f 542 497 551
f 558 536 498
f 542 543 532
f 532 543 533
f 543 545 533
f 538 556 591
f 538 526 556
f 584 521 535
f 541 536 576
f 567 550 531
f 531 550 551
f 558 527 552
f 545 570 572
f 559 517 571
f 534 572 537
f 537 572 546
f 546 566 560
f 481 547 554
f 526 560 556
f 539 555 561
f 555 539 514
f 590 514 582
f 557 493 591
f 456 548 535
f 521 584 567
f 584 585 567
f 549 541 576
f 550 568 551
f 569 536 558
f 551 568 542
f 558 552 621
f 543 542 563
f 552 544 564
f 544 559 564
f 571 565 559
f 554 547 587
f 556 575 591
f 555 573 561
f 555 514 581
f 514 590 581
f 470 562 540
f 601 542 568
f 564 559 565
f 545 543 578
f 578 570 545
f 523 571 517
f 571 523 553
f 571 553 554
f 546 572 566
f 566 588 560
f 560 648 556
f 562 598 540
f 584 535 548
f 598 549 576
f 576 536 600
f 558 621 569
f 542 601 563
f 621 552 586
f 552 564 586
f 586 564 565
f 563 578 543
f 604 566 572
f 574 573 555
f 562 549 598
f 548 583 584
f 593 585 584
f 585 577 567
f 567 577 550
f 536 569 600
f 550 577 568
f 600 569 594
f 577 601 568
f 563 601 602
f 563 623 578
f 565 571 579
f 570 595 572
f 603 579 571
f 615 571 554
f 554 587 615
f 587 547 580
f 547 561 605
f 561 573 605
f 574 589 573
f 589 605 573
f 555 581 574
f 590 617 581
f 599 540 598
f 583 548 540
f 584 583 593
f 576 600 612
f 569 621 594
f 566 604 588
f 587 580 597
f 588 596 560
f 556 648 575
f 581 617 574
f 599 592 540
f 592 583 540
f 611 585 593
f 585 611 577
f 620 563 602
f 565 579 586
f 595 570 578
f 604 596 588
f 648 607 575
f 606 589 574
f 617 606 574
f 582 645 590
f 557 645 582
f 593 583 609
f 610 593 609
f 593 610 611
f 598 576 612
f 611 629 577
f 614 578 623
f 578 614 595
f 595 604 572
f 596 616 560
f 635 580 636
f 560 616 648
f 547 605 580
f 575 618 591
f 575 607 618
f 619 557 591
f 618 619 591
f 583 592 609
f 608 592 599
f 599 598 612
f 577 632 601
f 594 621 613
f 579 624 586
f 579 603 624
f 625 595 614
f 595 625 604
f 615 587 597
f 604 616 596
f 597 580 635
f 606 626 589
f 617 626 606
f 590 626 617
f 645 660 590
f 599 638 608
f 592 608 609
f 599 612 638
f 611 610 651
f 612 630 679
f 651 629 611
f 612 600 630
f 629 631 577
f 594 613 600
f 601 632 602
f 602 632 620
f 620 622 563
f 633 563 622
f 633 623 563
f 571 641 603
f 625 634 604
f 634 654 604
f 615 597 635
f 636 580 605
f 605 589 643
f 607 649 618
f 626 637 589
f 626 627 637
f 590 660 627
f 590 627 626
f 628 608 638
f 608 628 677
f 679 630 703
f 630 600 639
f 632 622 620
f 621 586 668
f 586 624 668
f 624 603 641
f 625 642 634
f 641 571 653
f 615 653 571
f 604 656 616
f 648 722 607
f 645 557 672
f 672 557 619
f 608 677 702
f 608 702 691
f 608 691 609
f 609 691 610
f 651 662 629
f 577 631 632
f 639 600 640
f 600 613 640
f 624 641 694
f 614 687 625
f 625 687 642
f 654 656 604
f 615 635 674
f 635 636 674
f 616 657 648
f 722 649 607
f 643 589 637
f 627 644 643
f 627 643 637
f 618 649 619
f 660 644 627
f 619 661 672
f 649 661 619
f 610 691 666
f 610 666 651
f 630 639 652
f 632 664 622
f 664 633 622
f 633 646 623
f 621 668 613
f 614 623 687
f 642 647 634
f 647 654 634
f 636 605 658
f 649 671 661
f 638 679 650
f 612 679 638
f 703 630 652
f 631 629 662
f 662 663 631
f 663 632 631
f 685 613 668
f 687 647 642
f 615 655 653
f 615 674 655
f 658 674 636
f 616 656 657
f 648 657 722
f 657 670 722
f 643 644 659
f 638 650 628
f 666 667 651
f 662 651 667
f 662 705 663
f 632 692 664
f 640 613 685
f 633 664 646
f 646 669 623
f 624 694 668
f 641 653 694
f 653 655 680
f 647 673 654
f 654 673 695
f 658 605 710
f 649 722 671
f 659 644 665
f 660 665 644
f 639 640 693
f 632 663 692
f 664 669 646
f 687 623 669
f 674 681 655
f 695 675 654
f 675 656 654
f 656 675 657
f 675 670 657
f 670 682 722
f 605 643 710
f 643 659 698
f 659 665 698
f 671 683 661
f 628 650 712
f 712 677 628
f 666 691 678
f 667 666 678
f 667 705 662
f 680 655 690
f 655 681 690
f 720 681 674
f 658 710 674
f 675 682 670
f 676 698 665
f 665 699 676
f 699 665 660
f 779 660 645
f 672 779 645
f 684 650 679
f 706 663 705
f 706 692 663
f 669 686 687
f 668 694 685
f 653 680 694
f 689 695 673
f 709 682 675
f 682 697 722
f 643 698 710
f 722 683 671
f 779 700 660
f 779 672 734
f 672 701 734
f 672 661 701
f 683 701 661
f 652 639 693
f 692 749 664
f 647 687 707
f 694 680 688
f 680 690 688
f 695 696 675
f 681 720 708
f 674 732 720
f 732 674 710
f 709 697 682
f 699 660 711
f 711 660 700
f 677 712 724
f 677 724 702
f 664 749 669
f 727 640 685
f 749 686 669
f 647 707 673
f 673 707 689
f 688 690 708
f 690 681 708
f 676 716 698
f 716 715 698
f 716 676 699
f 702 724 735
f 702 725 691
f 691 725 678
f 667 704 705
f 704 718 705
f 706 713 692
f 694 750 685
f 686 707 687
f 730 689 707
f 695 689 696
f 696 739 675
f 675 739 709
f 697 714 722
f 710 698 715
f 722 759 683
f 683 759 717
f 699 711 716
f 683 717 701
f 735 725 702
f 726 712 650
f 684 679 703
f 678 704 667
f 703 652 737
f 706 705 718
f 652 693 772
f 692 713 748
f 748 749 692
f 765 693 640
f 685 750 727
f 686 728 707
f 688 708 738
f 708 720 738
f 720 732 731
f 709 788 697
f 788 714 697
f 721 710 715
f 711 723 716
f 723 711 700
f 650 684 726
f 684 747 726
f 703 747 684
f 737 652 772
f 693 753 772
f 694 688 719
f 689 730 696
f 721 732 710
f 714 741 722
f 759 743 717
f 717 743 701
f 678 725 736
f 678 736 704
f 736 746 704
f 703 737 747
f 713 706 718
f 765 753 693
f 765 640 727
f 694 766 750
f 694 719 766
f 728 729 707
f 730 707 729
f 688 738 719
f 696 730 739
f 720 731 738
f 739 751 709
f 722 741 759
f 733 715 716
f 716 723 733
f 723 742 733
f 700 742 723
f 712 726 744
f 712 744 724
f 753 765 784
f 749 793 686
f 793 728 686
f 729 767 730
f 738 731 756
f 740 731 732
f 709 776 788
f 714 788 741
f 741 758 759
f 759 760 743
f 724 744 752
f 735 724 752
f 735 752 745
f 725 735 745
f 736 725 745
f 736 745 746
f 737 772 771
f 704 754 718
f 793 773 728
f 750 755 727
f 728 773 729
f 773 767 729
f 719 738 756
f 751 776 709
f 777 732 721
f 788 758 741
f 721 715 768
f 761 733 742
f 761 715 733
f 701 743 762
f 700 763 742
f 744 726 770
f 752 744 780
f 744 770 780
f 781 745 752
f 737 771 747
f 746 783 704
f 718 754 713
f 754 764 713
f 748 793 749
f 794 765 727
f 755 750 766
f 719 796 766
f 816 739 730
f 739 816 751
f 721 768 777
f 758 769 759
f 715 761 798
f 763 761 742
f 743 760 762
f 700 829 763
f 780 781 752
f 782 781 780
f 726 747 810
f 726 810 770
f 745 781 800
f 745 800 746
f 800 783 746
f 704 801 754
f 772 753 803
f 753 784 803
f 748 713 764
f 793 806 773
f 767 775 730
f 740 732 777
f 758 788 789
f 763 799 761
f 829 799 763
f 829 700 779
f 810 747 771
f 704 783 801
f 748 785 793
f 727 755 794
f 767 773 774
f 767 774 775
f 774 786 775
f 775 816 730
f 731 740 756
f 756 740 757
f 751 855 776
f 758 789 769
f 769 804 759
f 759 804 760
f 760 778 762
f 762 809 701
f 790 799 829
f 701 809 734
f 791 781 782
f 800 781 791
f 796 755 766
f 773 795 774
f 774 795 786
f 796 719 814
f 757 740 787
f 776 789 788
f 777 787 740
f 769 789 804
f 825 768 715
f 715 798 825
f 799 798 761
f 762 778 809
f 779 734 819
f 819 734 809
f 772 803 802
f 764 792 748
f 785 748 792
f 784 765 812
f 765 794 812
f 773 822 795
f 786 807 775
f 719 815 814
f 719 756 815
f 751 816 855
f 757 787 797
f 777 768 808
f 809 778 818
f 790 798 799
f 790 833 798
f 829 833 790
f 819 829 779
f 780 770 820
f 810 917 770
f 800 801 783
f 771 772 802
f 754 792 764
f 803 784 812
f 773 806 822
f 755 796 852
f 852 796 814
f 786 795 807
f 816 775 807
f 757 797 756
f 776 856 789
f 776 855 856
f 808 768 825
f 833 805 798
f 820 873 780
f 780 873 782
f 791 782 873
f 771 802 998
f 792 849 785
f 807 813 816
f 756 797 815
f 787 777 823
f 777 808 823
f 804 789 824
f 804 826 760
f 825 798 831
f 778 882 818
f 800 791 811
f 800 811 801
f 810 771 983
f 771 998 983
f 803 812 821
f 754 849 792
f 812 794 850
f 795 822 877
f 795 813 807
f 797 787 817
f 787 823 817
f 804 824 826
f 826 882 760
f 760 882 778
f 819 809 827
f 809 818 827
f 770 917 820
f 830 791 873
f 811 791 830
f 917 810 983
f 874 754 801
f 821 812 850
f 806 793 785
f 794 755 919
f 755 852 919
f 877 851 795
f 795 851 813
f 814 815 900
f 813 851 816
f 816 851 853
f 853 920 816
f 816 920 855
f 880 808 825
f 831 798 805
f 818 828 827
f 811 874 801
f 874 875 754
f 754 875 934
f 802 803 821
f 754 934 849
f 935 806 785
f 806 876 822
f 900 852 814
f 817 815 797
f 823 808 857
f 856 824 789
f 880 825 831
f 824 882 826
f 882 828 818
f 833 832 805
f 833 859 832
f 859 833 829
f 819 827 861
f 827 828 861
f 819 860 829
f 836 834 865
f 838 836 865
f 840 834 836
f 865 837 838
f 835 837 865
f 837 835 839
f 837 841 838
f 841 837 839
f 842 840 836
f 847 841 839
f 838 844 836
f 838 843 844
f 841 843 838
f 844 842 836
f 845 842 844
f 843 848 844
f 841 846 843
f 846 841 847
f 848 845 844
f 846 848 843
f 802 821 933
f 821 850 933
f 850 794 966
f 966 794 919
f 822 876 877
f 853 878 920
f 817 854 815
f 937 824 856
f 880 857 808
f 858 882 824
f 859 860 902
f 859 829 860
f 861 860 819
f 884 862 864
f 866 863 865
f 864 865 863
f 887 864 862
f 864 835 865
f 888 864 887
f 835 864 888
f 865 834 866
f 888 839 835
f 839 910 847
f 910 867 847
f 842 845 868
f 847 867 846
f 870 845 848
f 870 869 845
f 869 868 845
f 846 872 848
f 892 846 867
f 871 869 870
f 846 892 872
f 891 871 870
f 848 872 870
f 872 891 870
f 873 951 830
f 811 830 898
f 811 898 874
f 849 935 785
f 850 966 899
f 935 876 806
f 855 988 856
f 817 823 879
f 937 856 988
f 823 857 879
f 824 937 938
f 831 901 880
f 940 882 858
f 831 881 901
f 831 805 881
f 902 832 859
f 883 860 861
f 902 860 883
f 903 863 926
f 884 863 903
f 884 864 863
f 907 886 884
f 863 885 926
f 862 884 886
f 863 866 885
f 834 840 912
f 839 888 910
f 840 842 912
f 910 928 867
f 842 868 927
f 868 869 927
f 928 890 867
f 946 869 889
f 867 890 892
f 869 871 889
f 871 891 889
f 894 889 891
f 892 890 896
f 892 897 872
f 893 894 891
f 872 895 891
f 895 893 891
f 897 895 872
f 897 892 896
f 850 899 933
f 877 968 851
f 852 900 969
f 851 968 853
f 853 968 878
f 879 857 939
f 939 857 880
f 858 824 938
f 880 901 939
f 832 902 922
f 828 921 861
f 883 861 924
f 924 861 921
f 906 903 924
f 907 906 905
f 903 908 904
f 884 903 906
f 907 884 906
f 909 907 905
f 903 926 908
f 909 886 907
f 926 885 944
f 886 977 862
f 885 866 944
f 866 834 944
f 944 834 912
f 911 910 888
f 927 912 842
f 928 910 911
f 927 869 946
f 889 894 946
f 890 959 896
f 894 893 913
f 913 893 947
f 897 896 914
f 916 947 893
f 893 895 916
f 895 897 915
f 915 897 914
f 820 918 873
f 918 951 873
f 820 917 997
f 898 875 874
f 934 984 849
f 849 984 935
f 919 852 967
f 967 852 969
f 876 985 877
f 900 815 986
f 878 971 920
f 815 854 986
f 855 920 988
f 940 942 882
f 882 942 828
f 902 883 922
f 924 921 925
f 923 925 921
f 883 924 922
f 904 943 922
f 924 904 922
f 975 925 923
f 906 924 925
f 903 904 924
f 906 925 905
f 905 925 975
f 904 908 943
f 975 909 905
f 862 977 887
f 955 911 888
f 928 959 890
f 946 894 913
f 896 959 914
f 959 930 914
f 914 930 915
f 947 916 929
f 932 929 916
f 932 916 895
f 915 931 895
f 931 915 930
f 931 932 895
f 997 918 820
f 997 917 1023
f 917 983 1023
f 898 830 952
f 952 875 898
f 802 933 998
f 875 963 934
f 899 966 965
f 877 985 968
f 817 879 936
f 879 939 936
f 940 858 973
f 881 805 941
f 832 922 1059
f 921 974 923
f 922 943 954
f 974 975 923
f 943 908 976
f 976 908 926
f 977 886 1018
f 955 887 977
f 955 888 887
f 945 912 957
f 912 927 957
f 911 958 928
f 957 927 946
f 930 959 931
f 959 948 931
f 960 929 932
f 931 948 949
f 931 949 932
f 932 950 960
f 949 950 932
f 952 963 875
f 963 1000 934
f 1056 984 934
f 933 899 964
f 964 899 965
f 966 919 967
f 969 900 972
f 817 936 854
f 1005 936 939
f 938 953 858
f 1005 939 901
f 1005 901 881
f 973 942 940
f 805 832 941
f 942 991 828
f 941 832 1059
f 991 921 828
f 1059 922 954
f 954 943 976
f 1018 909 975
f 926 944 1031
f 977 1007 955
f 944 912 956
f 956 912 945
f 955 958 911
f 928 1010 959
f 946 913 1034
f 1010 1011 959
f 913 947 1034
f 947 929 1034
f 959 1011 948
f 949 961 981
f 949 948 961
f 950 962 960
f 981 950 949
f 1063 830 951
f 952 1063 999
f 952 830 1063
f 999 963 952
f 984 1025 935
f 965 966 1015
f 1015 966 967
f 876 1065 985
f 968 970 878
f 878 970 971
f 972 900 986
f 971 1002 920
f 988 920 1002
f 1003 937 988
f 1003 953 937
f 937 953 938
f 953 973 858
f 991 974 921
f 886 909 1018
f 1031 944 956
f 1007 978 955
f 955 978 958
f 978 979 958
f 945 957 980
f 958 1010 928
f 957 946 1019
f 1019 946 1034
f 929 960 1050
f 960 962 1050
f 1012 993 962
f 1012 962 950
f 981 961 982
f 981 994 950
f 994 981 982
f 999 1000 963
f 934 1000 1038
f 1056 1025 984
f 964 965 1015
f 935 1001 876
f 876 1001 1065
f 968 985 970
f 986 854 987
f 1003 989 953
f 953 989 990
f 990 973 953
f 1005 881 1028
f 881 941 1028
f 1043 974 991
f 1059 954 1006
f 954 976 1006
f 976 926 1031
f 956 945 1046
f 978 992 979
f 980 957 1009
f 1009 957 1019
f 979 1008 958
f 1050 1034 929
f 948 1035 961
f 1050 962 993
f 1035 982 961
f 994 982 995
f 994 996 950
f 996 994 995
f 1014 1012 950
f 998 933 964
f 934 1038 1056
f 1001 935 1025
f 971 970 1002
f 1003 988 1002
f 854 936 1027
f 1027 936 1005
f 989 1004 990
f 975 974 1029
f 1029 1018 975
f 976 1031 1030
f 1018 1007 977
f 1031 956 1046
f 1007 1045 978
f 980 1047 945
f 978 1060 992
f 979 992 1008
f 958 1008 1010
f 1035 948 1011
f 993 1012 1020
f 1014 950 996
f 996 995 1013
f 1014 1020 1012
f 999 1024 1000
f 1038 1000 1024
f 964 1015 1039
f 1039 1015 1026
f 1026 1015 967
f 1001 1057 1065
f 967 969 1041
f 970 1042 1002
f 972 986 987
f 987 854 1016
f 1002 1017 1003
f 1067 1003 1017
f 1003 1067 989
f 1067 1004 989
f 1027 1016 854
f 1027 1005 1028
f 1028 941 1069
f 1091 1043 991
f 1006 976 1030
f 1018 1029 1093
f 1046 945 1047
f 1081 992 1060
f 992 1032 1008
f 1009 1019 1048
f 1032 1033 1008
f 1008 1033 1010
f 1010 1049 1011
f 1049 1035 1011
f 982 1035 995
f 995 1035 1013
f 1022 1021 1014
f 1021 1020 1014
f 1014 996 1037
f 996 1036 1037
f 996 1013 1036
f 967 1090 1026
f 967 1041 1090
f 985 1065 970
f 969 972 1041
f 1002 1042 1017
f 942 1091 991
f 1043 1078 974
f 974 1078 1029
f 1093 1007 1018
f 1030 1031 1071
f 1045 1060 978
f 1082 980 1083
f 980 1009 1083
f 1081 1032 992
f 1033 1061 1010
f 1019 1034 1048
f 1010 1061 1049
f 993 1020 1098
f 1020 1021 1098
f 1052 1021 1022
f 1022 1014 1037
f 951 918 1053
f 1063 951 1053
f 1024 999 1063
f 1038 1074 1056
f 1056 1040 1025
f 1025 1040 1001
f 1026 1090 1075
f 972 987 1041
f 1042 1067 1017
f 1004 1068 990
f 1068 942 990
f 990 942 973
f 1069 941 1059
f 1044 1006 1030
f 1093 1079 1007
f 1031 1046 1071
f 1079 1045 1007
f 980 1082 1047
f 1083 1009 1048
f 1032 1072 1033
f 1048 1034 1086
f 1049 1051 1035
f 1051 1013 1035
f 1013 1051 1036
f 1098 1021 1052
f 1037 1036 1062
f 1037 1062 1022
f 918 997 1111
f 918 1111 1053
f 1054 997 1023
f 1111 997 1054
f 983 998 1055
f 983 1055 1023
f 1064 1024 1063
f 1064 1038 1024
f 1038 1064 1074
f 964 1039 1183
f 1039 1026 1075
f 1001 1040 1057
f 1065 1066 970
f 970 1066 1042
f 1041 987 1058
f 1016 1058 987
f 1058 1016 1027
f 1067 1068 1004
f 1059 1006 1044
f 1044 1030 1071
f 1071 1046 1095
f 1095 1046 1047
f 1081 1072 1032
f 1072 1084 1033
f 1033 1108 1061
f 1034 1050 1086
f 1086 1050 1098
f 1050 993 1098
f 1051 1073 1036
f 1052 1022 1087
f 1036 1073 1062
f 1088 1087 1022
f 998 964 1183
f 1041 1113 1090
f 1113 1041 1058
f 1027 1028 1139
f 1068 1091 942
f 1028 1069 1139
f 1069 1059 1077
f 1059 1044 1077
f 1043 1114 1078
f 1044 1071 1070
f 1071 1095 1094
f 1083 1048 1085
f 1098 1052 1087
f 1087 1099 1098
f 1088 1101 1087
f 1022 1062 1088
f 1089 1062 1100
f 1062 1073 1100
f 1088 1062 1089
f 1056 1112 1040
f 1057 1066 1065
f 1066 1076 1042
f 1042 1076 1067
f 1067 1076 1068
f 1058 1027 1139
f 1078 1115 1029
f 1071 1105 1070
f 1071 1106 1105
f 1071 1094 1106
f 1079 1117 1045
f 1117 1080 1045
f 1080 1060 1045
f 1095 1047 1082
f 1085 1048 1168
f 1033 1084 1108
f 1168 1048 1086
f 1086 1098 1109
f 1061 1121 1049
f 1049 1121 1051
f 1063 1053 1158
f 1063 1158 1064
f 1064 1158 1124
f 1064 1124 1074
f 1055 998 1183
f 1056 1074 1112
f 1040 1112 1160
f 1040 1160 1057
f 1043 1091 1114
f 1069 1077 1128
f 1077 1044 1092
f 1044 1070 1092
f 1104 1115 1078
f 1093 1029 1116
f 1116 1079 1093
f 1095 1082 1096
f 1096 1082 1097
f 1082 1083 1097
f 1081 1119 1072
f 1061 1108 1121
f 1100 1110 1089
f 1156 1146 1088
f 1146 1101 1088
f 1023 1055 1137
f 1054 1023 1137
f 1090 1113 1102
f 1057 1103 1066
f 1058 1139 1163
f 1114 1091 1127
f 1114 1104 1078
f 1029 1115 1116
f 1106 1094 1107
f 1094 1095 1107
f 1107 1095 1130
f 1080 1131 1060
f 1060 1131 1081
f 1131 1119 1081
f 1096 1097 1132
f 1132 1097 1133
f 1097 1083 1133
f 1083 1085 1133
f 1133 1085 1144
f 1108 1120 1121
f 1109 1098 1099
f 1155 1087 1101
f 1073 1051 1100
f 1100 1123 1110
f 1156 1088 1134
f 1134 1088 1089
f 1110 1134 1089
f 1124 1112 1074
f 1160 1125 1057
f 1125 1103 1057
f 1068 1126 1091
f 1126 1127 1091
f 1139 1069 1148
f 1069 1128 1148
f 1128 1077 1129
f 1115 1142 1116
f 1079 1116 1117
f 1185 1105 1106
f 1116 1166 1117
f 1168 1144 1085
f 1086 1109 1168
f 1109 1099 1145
f 1121 1122 1051
f 1122 1180 1051
f 1099 1087 1155
f 1101 1146 1155
f 1100 1051 1123
f 1134 1110 1135
f 1110 1123 1135
f 1137 1204 1054
f 1054 1204 1111
f 1053 1111 1190
f 1111 1204 1190
f 1039 1075 1138
f 1075 1090 1102
f 1127 1141 1114
f 1114 1141 1104
f 1104 1142 1115
f 1185 1106 1107
f 1117 1176 1080
f 1130 1095 1118
f 1095 1096 1118
f 1118 1096 1132
f 1132 1133 1167
f 1119 1178 1072
f 1072 1178 1084
f 1084 1153 1108
f 1120 1108 1201
f 1121 1120 1122
f 1156 1171 1146
f 1134 1135 1157
f 1136 1156 1134
f 1158 1053 1190
f 1055 1205 1137
f 1075 1102 1138
f 1102 1113 1162
f 1113 1058 1163
f 1076 1207 1068
f 1068 1222 1126
f 1140 1141 1127
f 1092 1174 1077
f 1104 1150 1142
f 1142 1166 1116
f 1166 1176 1117
f 1107 1130 1143
f 1167 1133 1144
f 1108 1153 1201
f 1145 1099 1154
f 1099 1155 1154
f 1123 1051 1180
f 1123 1180 1135
f 1157 1135 1181
f 1157 1136 1134
f 1262 1183 1039
f 1160 1147 1125
f 1125 1147 1173
f 1103 1125 1173
f 1066 1103 1076
f 1207 1222 1068
f 1163 1139 1164
f 1139 1148 1164
f 1128 1184 1148
f 1141 1140 1149
f 1184 1128 1165
f 1129 1077 1174
f 1141 1150 1104
f 1092 1070 1174
f 1070 1105 1152
f 1142 1151 1166
f 1105 1185 1152
f 1176 1186 1080
f 1080 1186 1131
f 1130 1118 1177
f 1177 1118 1213
f 1132 1198 1118
f 1132 1167 1198
f 1131 1215 1119
f 1119 1215 1178
f 1167 1144 1168
f 1168 1109 1169
f 1122 1170 1180
f 1155 1146 1171
f 1135 1180 1181
f 1124 1158 1191
f 1191 1112 1124
f 1191 1159 1112
f 1160 1112 1159
f 1138 1102 1161
f 1102 1162 1161
f 1208 1126 1222
f 1164 1148 1209
f 1129 1174 1224
f 1142 1150 1151
f 1236 1107 1143
f 1130 1177 1143
f 1213 1118 1198
f 1084 1178 1153
f 1169 1109 1145
f 1156 1189 1171
f 1156 1136 1172
f 1136 1157 1182
f 1157 1181 1182
f 1172 1189 1156
f 1205 1204 1137
f 1055 1183 1205
f 1262 1039 1138
f 1208 1193 1126
f 1126 1193 1127
f 1194 1148 1184
f 1127 1193 1140
f 1128 1129 1165
f 1149 1235 1141
f 1224 1165 1129
f 1141 1235 1150
f 1070 1152 1174
f 1150 1175 1151
f 1151 1210 1166
f 1210 1212 1166
f 1166 1212 1176
f 1185 1107 1236
f 1167 1168 1179
f 1178 1200 1153
f 1153 1200 1228
f 1153 1228 1201
f 1169 1216 1168
f 1257 1120 1201
f 1171 1189 1218
f 1203 1172 1136
f 1182 1203 1136
f 1158 1190 1191
f 1191 1220 1159
f 1113 1163 1328
f 1209 1148 1194
f 1152 1254 1174
f 1254 1152 1196
f 1152 1185 1196
f 1236 1143 1177
f 1131 1186 1265
f 1131 1265 1215
f 1199 1198 1167
f 1179 1168 1216
f 1120 1257 1122
f 1170 1187 1180
f 1181 1188 1182
f 1188 1203 1182
f 1261 1190 1204
f 1191 1190 1220
f 1160 1159 1206
f 1159 1220 1206
f 1160 1206 1147
f 1147 1233 1173
f 1103 1173 1233
f 1162 1113 1328
f 1103 1221 1076
f 1221 1207 1076
f 1163 1164 1192
f 1192 1164 1209
f 1184 1165 1251
f 1165 1224 1223
f 1235 1195 1150
f 1150 1195 1175
f 1185 1236 1196
f 1212 1197 1176
f 1176 1197 1186
f 1199 1167 1179
f 1216 1169 1230
f 1201 1267 1257
f 1122 1257 1170
f 1145 1154 1241
f 1180 1217 1181
f 1202 1218 1189
f 1202 1189 1172
f 1220 1190 1261
f 1205 1183 1262
f 1262 1138 1247
f 1138 1161 1247
f 1328 1163 1192
f 1193 1292 1140
f 1194 1184 1314
f 1292 1149 1140
f 1165 1223 1251
f 1224 1174 1225
f 1196 1236 1211
f 1212 1226 1197
f 1237 1236 1177
f 1213 1198 1214
f 1198 1199 1214
f 1296 1228 1200
f 1179 1216 1227
f 1155 1171 1342
f 1171 1218 1342
f 1181 1217 1188
f 1217 1219 1188
f 1218 1202 1243
f 1188 1219 1203
f 1245 1203 1219
f 1231 1206 1220
f 1231 1246 1206
f 1147 1206 1246
f 1221 1103 1233
f 1289 1207 1221
f 1222 1249 1208
f 1192 1209 1288
f 1195 1253 1175
f 1174 1254 1225
f 1275 1151 1175
f 1275 1210 1151
f 1254 1196 1304
f 1210 1226 1212
f 1177 1213 1239
f 1239 1213 1214
f 1178 1215 1296
f 1178 1296 1200
f 1227 1216 1229
f 1229 1216 1230
f 1228 1256 1201
f 1201 1256 1267
f 1169 1145 1241
f 1170 1257 1187
f 1257 1280 1187
f 1154 1155 1258
f 1187 1242 1180
f 1258 1155 1342
f 1180 1242 1217
f 1205 1271 1204
f 1205 1262 1271
f 1231 1220 1261
f 1147 1246 1232
f 1147 1286 1233
f 1162 1248 1161
f 1249 1222 1207
f 1288 1209 1234
f 1234 1209 1194
f 1208 1250 1193
f 1234 1194 1314
f 1292 1193 1250
f 1184 1251 1314
f 1223 1224 1273
f 1293 1210 1275
f 1293 1226 1210
f 1196 1211 1304
f 1211 1236 1255
f 1226 1238 1197
f 1237 1239 1277
f 1237 1177 1239
f 1238 1265 1186
f 1265 1278 1215
f 1296 1256 1228
f 1179 1227 1240
f 1229 1230 1297
f 1241 1154 1258
f 1280 1281 1187
f 1187 1281 1242
f 1218 1243 1342
f 1244 1243 1202
f 1244 1202 1172
f 1172 1203 1245
f 1204 1271 1310
f 1261 1204 1310
f 1246 1231 1261
f 1232 1246 1272
f 1248 1247 1161
f 1233 1286 1221
f 1248 1162 1328
f 1249 1207 1289
f 1249 1311 1208
f 1311 1250 1208
f 1250 1291 1292
f 1292 1252 1149
f 1251 1223 1263
f 1149 1252 1235
f 1263 1223 1273
f 1225 1273 1224
f 1253 1275 1175
f 1304 1211 1317
f 1255 1236 1237
f 1226 1294 1238
f 1197 1238 1186
f 1199 1179 1240
f 1240 1227 1229
f 1256 1320 1267
f 1243 1244 1342
f 1219 1259 1245
f 1172 1260 1244
f 1244 1260 1282
f 1172 1245 1260
f 1298 1245 1259
f 1284 1246 1261
f 1272 1246 1284
f 1147 1232 1286
f 1328 1192 1288
f 1288 1234 1290
f 1234 1314 1301
f 1252 1303 1235
f 1235 1303 1195
f 1195 1303 1253
f 1303 1350 1253
f 1225 1254 1274
f 1278 1296 1215
f 1199 1240 1295
f 1297 1230 1279
f 1320 1266 1267
f 1230 1169 1279
f 1241 1258 1322
f 1281 1269 1242
f 1298 1259 1270
f 1298 1260 1245
f 1299 1326 1232
f 1232 1326 1286
f 1248 1328 1327
f 1249 1289 1311
f 1273 1225 1337
f 1274 1254 1304
f 1293 1294 1226
f 1317 1211 1255
f 1255 1237 1276
f 1237 1277 1276
f 1277 1239 1264
f 1238 1364 1265
f 1364 1278 1265
f 1214 1199 1295
f 1229 1297 1307
f 1279 1169 1308
f 1308 1169 1241
f 1267 1266 1257
f 1257 1266 1280
f 1378 1308 1241
f 1258 1268 1322
f 1219 1217 1259
f 1217 1270 1259
f 1283 1282 1260
f 1262 1247 1285
f 1272 1299 1232
f 1287 1289 1221
f 1328 1288 1421
f 1288 1290 1312
f 1311 1407 1250
f 1250 1407 1291
f 1291 1330 1292
f 1251 1263 1314
f 1253 1350 1275
f 1350 1293 1275
f 1266 1309 1280
f 1378 1241 1322
f 1280 1309 1281
f 1309 1269 1281
f 1268 1258 1342
f 1244 1393 1342
f 1244 1282 1393
f 1217 1334 1270
f 1325 1261 1310
f 1310 1271 1324
f 1247 1248 1327
f 1286 1300 1221
f 1221 1300 1287
f 1421 1288 1312
f 1311 1349 1407
f 1291 1407 1330
f 1313 1292 1330
f 1314 1263 1336
f 1263 1273 1302
f 1252 1315 1303
f 1225 1360 1337
f 1225 1274 1360
f 1318 1294 1293
f 1255 1276 1338
f 1338 1276 1305
f 1294 1319 1238
f 1276 1277 1305
f 1277 1264 1305
f 1264 1239 1375
f 1239 1214 1375
f 1214 1295 1306
f 1256 1296 1340
f 1307 1297 1333
f 1297 1279 1333
f 1279 1308 1333
f 1268 1342 1366
f 1270 1334 1298
f 1324 1271 1345
f 1299 1272 1284
f 1271 1262 1285
f 1247 1327 1285
f 1287 1311 1289
f 1234 1301 1290
f 1273 1337 1302
f 1274 1304 1331
f 1304 1317 1331
f 1255 1363 1317
f 1332 1319 1294
f 1238 1319 1364
f 1278 1339 1296
f 1229 1307 1240
f 1256 1340 1320
f 1266 1321 1309
f 1268 1366 1322
f 1269 1356 1242
f 1242 1356 1217
f 1356 1323 1217
f 1217 1323 1334
f 1298 1335 1260
f 1335 1298 1334
f 1324 1325 1310
f 1284 1261 1325
f 1271 1285 1345
f 1299 1284 1326
f 1312 1290 1329
f 1348 1349 1311
f 1290 1301 1329
f 1301 1314 1336
f 1292 1313 1252
f 1313 1315 1252
f 1373 1274 1331
f 1350 1316 1293
f 1316 1318 1293
f 1255 1338 1363
f 1305 1264 1351
f 1374 1364 1319
f 1264 1375 1351
f 1375 1214 1306
f 1295 1240 1353
f 1296 1339 1340
f 1307 1333 1341
f 1320 1354 1266
f 1282 1283 1393
f 1393 1283 1343
f 1380 1343 1283
f 1283 1260 1335
f 1357 1284 1325
f 1326 1284 1357
f 1326 1357 1346
f 1286 1326 1346
f 1346 1300 1286
f 1327 1328 1347
f 1328 1421 1347
f 1300 1369 1287
f 1311 1287 1348
f 1336 1263 1302
f 1360 1274 1373
f 1332 1294 1318
f 1305 1351 1389
f 1364 1376 1278
f 1340 1354 1320
f 1333 1308 1341
f 1341 1308 1378
f 1323 1344 1334
f 1343 1380 1367
f 1334 1344 1335
f 1335 1380 1283
f 1285 1358 1345
f 1358 1285 1327
f 1300 1346 1406
f 1300 1406 1369
f 1348 1359 1349
f 1330 1398 1313
f 1313 1371 1315
f 1315 1372 1303
f 1303 1426 1350
f 1350 1361 1316
f 1305 1389 1338
f 1332 1374 1319
f 1364 1374 1352
f 1278 1376 1339
f 1306 1295 1353
f 1339 1365 1340
f 1240 1413 1353
f 1240 1307 1413
f 1354 1321 1266
f 1309 1321 1355
f 1378 1322 1402
f 1323 1403 1344
f 1335 1395 1380
f 1395 1335 1344
f 1382 1324 1345
f 1368 1325 1324
f 1357 1325 1368
f 1345 1358 1382
f 1358 1327 1347
f 1421 1312 1397
f 1329 1301 1370
f 1301 1336 1386
f 1371 1372 1315
f 1303 1372 1426
f 1331 1317 1362
f 1317 1363 1362
f 1388 1318 1316
f 1318 1429 1332
f 1391 1365 1339
f 1365 1377 1340
f 1307 1432 1413
f 1309 1379 1269
f 1322 1366 1402
f 1269 1379 1356
f 1366 1342 1415
f 1342 1393 1415
f 1343 1367 1394
f 1380 1416 1367
f 1368 1324 1382
f 1357 1368 1381
f 1346 1357 1381
f 1346 1383 1406
f 1348 1287 1384
f 1370 1301 1386
f 1407 1398 1330
f 1337 1360 1409
f 1332 1412 1374
f 1352 1399 1364
f 1364 1399 1376
f 1375 1306 1400
f 1353 1400 1306
f 1376 1391 1339
f 1341 1378 1414
f 1355 1379 1309
f 1356 1392 1323
f 1344 1403 1395
f 1358 1396 1382
f 1396 1358 1347
f 1369 1384 1287
f 1359 1348 1384
f 1312 1329 1397
f 1397 1329 1370
f 1359 1385 1349
f 1398 1387 1313
f 1387 1371 1313
f 1371 1408 1372
f 1302 1337 1409
f 1428 1362 1363
f 1318 1388 1429
f 1363 1338 1411
f 1429 1430 1332
f 1338 1441 1411
f 1412 1332 1430
f 1441 1338 1389
f 1389 1351 1390
f 1351 1375 1390
f 1353 1413 1431
f 1307 1341 1432
f 1354 1401 1321
f 1401 1355 1321
f 1356 1379 1392
f 1392 1549 1323
f 1416 1394 1367
f 1382 1404 1368
f 1382 1396 1444
f 1382 1444 1404
f 1346 1381 1383
f 1381 1419 1383
f 1405 1347 1421
f 1406 1446 1369
f 1369 1446 1384
f 1384 1447 1359
f 1385 1437 1349
f 1349 1437 1407
f 1302 1409 1336
f 1372 1458 1426
f 1409 1360 1427
f 1360 1373 1427
f 1361 1410 1316
f 1316 1410 1388
f 1428 1363 1411
f 1374 1412 1352
f 1432 1341 1414
f 1366 1433 1402
f 1549 1403 1323
f 1343 1394 1393
f 1403 1417 1395
f 1368 1404 1381
f 1383 1420 1406
f 1347 1405 1396
f 1421 1397 1422
f 1446 1436 1384
f 1384 1436 1447
f 1397 1370 1482
f 1370 1386 1438
f 1438 1386 1457
f 1386 1336 1457
f 1371 1387 1408
f 1350 1426 1361
f 1331 1362 1450
f 1331 1450 1373
f 1388 1439 1429
f 1441 1389 1390
f 1352 1412 1399
f 1390 1375 1451
f 1375 1400 1451
f 1431 1400 1353
f 1365 1464 1377
f 1340 1377 1354
f 1378 1402 1505
f 1379 1452 1392
f 1366 1415 1433
f 1394 1416 1434
f 1380 1418 1416
f 1416 1418 1435
f 1395 1418 1380
f 1418 1395 1417
f 1381 1404 1419
f 1420 1446 1406
f 1359 1423 1385
f 1370 1438 1482
f 1385 1423 1437
f 1437 1398 1407
f 1398 1473 1387
f 1409 1427 1425
f 1361 1460 1410
f 1450 1362 1428
f 1428 1411 1461
f 1376 1486 1391
f 1391 1464 1365
f 1413 1432 1475
f 1354 1377 1465
f 1354 1465 1401
f 1414 1378 1466
f 1466 1378 1505
f 1355 1477 1379
f 1433 1505 1402
f 1433 1415 1532
f 1415 1393 1434
f 1394 1434 1393
f 1435 1434 1416
f 1445 1383 1419
f 1420 1383 1445
f 1420 1470 1446
f 1405 1421 1422
f 1446 1456 1436
f 1422 1397 1448
f 1397 1482 1448
f 1359 1447 1423
f 1387 1473 1424
f 1409 1449 1336
f 1387 1424 1408
f 1372 1408 1458
f 1425 1427 1459
f 1439 1430 1429
f 1484 1411 1441
f 1430 1440 1412
f 1412 1442 1399
f 1462 1390 1451
f 1399 1442 1376
f 1431 1413 1475
f 1464 1476 1377
f 1476 1465 1377
f 1432 1414 1466
f 1403 1549 1417
f 1417 1467 1418
f 1478 1418 1467
f 1444 1499 1404
f 1404 1454 1419
f 1454 1445 1419
f 1444 1396 1443
f 1443 1396 1405
f 1422 1448 1455
f 1436 1481 1447
f 1457 1336 1449
f 1502 1408 1424
f 1449 1409 1425
f 1427 1373 1474
f 1426 1492 1361
f 1474 1373 1450
f 1492 1460 1361
f 1388 1410 1439
f 1411 1484 1461
f 1430 1439 1440
f 1390 1462 1441
f 1442 1486 1376
f 1451 1400 1463
f 1463 1400 1431
f 1486 1464 1391
f 1475 1432 1531
f 1415 1434 1626
f 1549 1467 1417
f 1434 1435 1488
f 1418 1468 1435
f 1453 1499 1444
f 1444 1443 1453
f 1454 1469 1445
f 1469 1420 1445
f 1446 1470 1456
f 1481 1501 1447
f 1447 1501 1423
f 1423 1471 1437
f 1438 1457 1510
f 1458 1492 1426
f 1427 1474 1459
f 1410 1503 1439
f 1514 1412 1440
f 1412 1514 1442
f 1463 1431 1475
f 1476 1496 1465
f 1401 1477 1355
f 1379 1477 1452
f 1415 1626 1532
f 1435 1489 1488
f 1435 1468 1489
f 1418 1478 1468
f 1404 1499 1592
f 1454 1479 1469
f 1456 1522 1436
f 1522 1481 1436
f 1482 1540 1448
f 1437 1491 1398
f 1510 1457 1472
f 1457 1449 1472
f 1473 1511 1424
f 1425 1459 1512
f 1408 1483 1458
f 1492 1542 1460
f 1460 1493 1410
f 1450 1428 1494
f 1410 1493 1503
f 1441 1495 1484
f 1440 1439 1513
f 1495 1441 1462
f 1442 1530 1486
f 1486 1504 1464
f 1504 1476 1464
f 1432 1466 1531
f 1434 1488 1626
f 1549 1519 1467
f 1478 1467 1506
f 1467 1519 1506
f 1454 1404 1490
f 1404 1592 1490
f 1454 1490 1479
f 1469 1479 1507
f 1469 1507 1420
f 1470 1420 1630
f 1405 1422 1480
f 1482 1438 1509
f 1437 1471 1491
f 1438 1510 1509
f 1398 1491 1473
f 1472 1449 1524
f 1425 1524 1449
f 1524 1425 1512
f 1408 1502 1483
f 1458 1483 1492
f 1542 1493 1460
f 1428 1461 1494
f 1494 1461 1484
f 1503 1513 1439
f 1514 1530 1442
f 1462 1451 1485
f 1451 1463 1485
f 1516 1463 1475
f 1516 1475 1531
f 1466 1578 1531
f 1401 1465 1559
f 1466 1505 1497
f 1505 1433 1518
f 1499 1500 1538
f 1499 1453 1500
f 1490 1507 1479
f 1453 1443 1500
f 1443 1405 1500
f 1500 1405 1480
f 1581 1563 1470
f 1470 1563 1456
f 1456 1563 1522
f 1564 1448 1540
f 1491 1523 1473
f 1450 1494 1527
f 1495 1462 1515
f 1462 1485 1515
f 1504 1517 1476
f 1517 1496 1476
f 1496 1559 1465
f 1559 1477 1401
f 1487 1452 1477
f 1452 1561 1392
f 1392 1561 1549
f 1626 1488 1498
f 1488 1489 1498
f 1507 1630 1420
f 1630 1581 1470
f 1422 1455 1480
f 1448 1564 1455
f 1481 1508 1501
f 1423 1501 1471
f 1523 1511 1473
f 1511 1502 1424
f 1483 1541 1492
f 1541 1542 1492
f 1459 1474 1512
f 1474 1450 1526
f 1493 1613 1503
f 1494 1484 1529
f 1484 1495 1529
f 1495 1515 1553
f 1548 1477 1559
f 1548 1487 1477
f 1626 1498 1533
f 1490 1592 1593
f 1521 1490 1593
f 1490 1521 1507
f 1507 1521 1630
f 1481 1522 1508
f 1512 1474 1526
f 1526 1450 1527
f 1529 1495 1553
f 1513 1555 1440
f 1440 1555 1514
f 1530 1546 1486
f 1463 1516 1547
f 1505 1518 1497
f 1519 1520 1506
f 1478 1506 1534
f 1506 1520 1534
f 1468 1498 1489
f 1535 1498 1468
f 1607 1468 1478
f 1534 1607 1478
f 1501 1565 1471
f 1565 1583 1471
f 1482 1509 1540
f 1471 1551 1491
f 1491 1551 1523
f 1511 1525 1502
f 1512 1634 1524
f 1527 1494 1543
f 1494 1529 1543
f 1613 1528 1503
f 1503 1528 1513
f 1514 1555 1530
f 1515 1485 1544
f 1486 1546 1504
f 1497 1518 1591
f 1487 1560 1452
f 1533 1498 1550
f 1468 1607 1535
f 1534 1536 1607
f 1499 1538 1537
f 1592 1499 1537
f 1538 1500 1608
f 1500 1480 1608
f 1455 1609 1480
f 1455 1539 1609
f 1455 1564 1631
f 1508 1565 1501
f 1483 1502 1552
f 1552 1502 1525
f 1483 1552 1541
f 1512 1526 1567
f 1513 1554 1555
f 1553 1515 1556
f 1515 1544 1556
f 1555 1545 1530
f 1530 1545 1546
f 1485 1463 1544
f 1463 1547 1544
f 1546 1576 1504
f 1504 1576 1517
f 1589 1516 1531
f 1531 1578 1589
f 1466 1497 1578
f 1578 1497 1644
f 1560 1702 1452
f 1561 1605 1549
f 1549 1605 1519
f 1519 1605 1520
f 1520 1562 1534
f 1498 1535 1550
f 1562 1536 1534
f 1537 1580 1592
f 1537 1538 1579
f 1538 1608 1579
f 1480 1609 1692
f 1455 1631 1539
f 1508 1522 1594
f 1509 1610 1540
f 1471 1583 1551
f 1509 1510 1566
f 1551 1650 1523
f 1472 1524 1611
f 1634 1512 1567
f 1541 1596 1542
f 1596 1568 1542
f 1542 1568 1493
f 1527 1597 1526
f 1597 1527 1543
f 1543 1529 1598
f 1598 1529 1569
f 1569 1529 1553
f 1557 1572 1556
f 1556 1544 1557
f 1546 1545 1574
f 1557 1544 1575
f 1575 1544 1558
f 1544 1547 1558
f 1547 1516 1622
f 1559 1624 1548
f 1548 1560 1487
f 1497 1591 1644
f 1532 1626 1645
f 1605 1562 1520
f 1550 1535 1606
f 1537 1579 1580
f 1593 1629 1521
f 1480 1692 1608
f 1563 1594 1522
f 1610 1509 1566
f 1523 1664 1511
f 1528 1554 1513
f 1570 1569 1553
f 1600 1555 1554
f 1571 1555 1600
f 1553 1556 1570
f 1556 1572 1570
f 1571 1574 1545
f 1555 1571 1545
f 1574 1571 1586
f 1573 1570 1572
f 1572 1557 1573
f 1575 1573 1557
f 1588 1576 1574
f 1576 1546 1574
f 1558 1547 1577
f 1517 1576 1603
f 1516 1589 1622
f 1517 1623 1496
f 1496 1623 1559
f 1559 1623 1624
f 1518 1433 1532
f 1579 1608 1648
f 1691 1630 1521
f 1581 1582 1563
f 1563 1582 1594
f 1508 1684 1565
f 1684 1595 1565
f 1565 1595 1583
f 1674 1566 1663
f 1566 1510 1663
f 1664 1525 1511
f 1525 1633 1552
f 1524 1634 1611
f 1567 1526 1612
f 1526 1597 1612
f 1493 1568 1613
f 1613 1614 1528
f 1616 1598 1569
f 1585 1616 1569
f 1584 1554 1528
f 1584 1600 1554
f 1569 1570 1585
f 1600 1639 1571
f 1639 1586 1571
f 1570 1573 1618
f 1587 1618 1573
f 1573 1575 1587
f 1574 1586 1588
f 1619 1587 1575
f 1575 1621 1619
f 1621 1575 1558
f 1621 1558 1577
f 1588 1603 1576
f 1577 1547 1604
f 1547 1622 1604
f 1589 1578 1590
f 1590 1578 1644
f 1560 1625 1702
f 1561 1818 1605
f 1627 1607 1536
f 1646 1536 1562
f 1579 1648 1580
f 1629 1691 1521
f 1608 1692 1660
f 1630 1661 1581
f 1564 1540 1610
f 1674 1610 1566
f 1583 1650 1551
f 1510 1472 1663
f 1663 1472 1611
f 1664 1633 1525
f 1596 1635 1568
f 1568 1651 1613
f 1597 1543 1636
f 1543 1598 1636
f 1637 1598 1616
f 1584 1528 1599
f 1599 1617 1584
f 1584 1617 1600
f 1585 1570 1601
f 1601 1570 1618
f 1639 1602 1586
f 1620 1603 1588
f 1621 1577 1604
f 1603 1623 1517
f 1626 1533 1703
f 1606 1647 1550
f 1536 1646 1627
f 1594 1671 1508
f 1674 1662 1610
f 1673 1650 1583
f 1650 1664 1523
f 1611 1634 1675
f 1552 1676 1541
f 1634 1567 1697
f 1541 1676 1596
f 1636 1598 1637
f 1614 1599 1528
f 1616 1615 1637
f 1585 1615 1616
f 1617 1680 1600
f 1618 1587 1640
f 1586 1602 1588
f 1602 1655 1588
f 1588 1655 1620
f 1619 1640 1587
f 1619 1641 1656
f 1619 1621 1641
f 1621 1604 1641
f 1620 1642 1603
f 1604 1622 1641
f 1603 1642 1623
f 1548 1625 1560
f 1452 1702 1716
f 1532 1645 1518
f 1533 1550 1647
f 1606 1628 1647
f 1607 1659 1535
f 1535 1659 1606
f 1607 1627 1659
f 1592 1580 1649
f 1593 1592 1649
f 1649 1629 1593
f 1661 1728 1581
f 1631 1564 1632
f 1564 1610 1632
f 1684 1672 1595
f 1567 1612 1697
f 1568 1635 1651
f 1677 1597 1636
f 1613 1651 1614
f 1637 1653 1636
f 1614 1652 1599
f 1599 1638 1617
f 1680 1639 1600
f 1656 1640 1619
f 1620 1657 1658
f 1620 1655 1657
f 1642 1620 1658
f 1641 1622 1667
f 1622 1589 1667
f 1623 1681 1624
f 1590 1644 1643
f 1624 1682 1548
f 1591 1518 1756
f 1452 1716 1561
f 1645 1626 1703
f 1561 1716 1818
f 1533 1647 1703
f 1562 1605 1646
f 1627 1705 1659
f 1690 1649 1717
f 1717 1649 1580
f 1648 1608 1660
f 1582 1670 1594
f 1594 1670 1671
f 1671 1735 1508
f 1684 1508 1735
f 1610 1662 1632
f 1672 1673 1595
f 1595 1673 1583
f 1650 1696 1664
f 1552 1633 1676
f 1612 1597 1677
f 1635 1678 1651
f 1653 1637 1615
f 1652 1638 1599
f 1615 1585 1601
f 1601 1618 1654
f 1656 1641 1667
f 1642 1658 1687
f 1642 1669 1623
f 1589 1590 1667
f 1623 1669 1681
f 1624 1681 1682
f 1548 1682 1625
f 1518 1645 1756
f 1647 1628 1689
f 1606 1659 1628
f 1649 1690 1629
f 1691 1661 1630
f 1609 1539 1802
f 1581 1734 1582
f 1734 1670 1582
f 1673 1696 1650
f 1663 1611 1685
f 1676 1686 1596
f 1596 1686 1635
f 1686 1740 1635
f 1614 1651 1652
f 1653 1615 1730
f 1679 1638 1652
f 1638 1680 1617
f 1654 1618 1769
f 1618 1640 1769
f 1655 1768 1657
f 1640 1656 1714
f 1666 1714 1656
f 1687 1658 1665
f 1658 1657 1665
f 1667 1666 1656
f 1642 1687 1669
f 1590 1643 1667
f 1816 1702 1625
f 1703 1647 1689
f 1646 1704 1627
f 1704 1705 1627
f 1648 1717 1580
f 1692 1609 1802
f 1539 1631 1718
f 1674 1663 1685
f 1634 1697 1675
f 1697 1612 1708
f 1708 1612 1677
f 1635 1740 1678
f 1636 1653 1677
f 1678 1679 1651
f 1651 1679 1652
f 1730 1615 1712
f 1615 1601 1712
f 1711 1680 1638
f 1602 1768 1655
f 1666 1667 1700
f 1667 1701 1700
f 1669 1687 1668
f 1668 1681 1669
f 1667 1643 1701
f 1643 1644 1726
f 1644 1591 1726
f 1818 1727 1605
f 1888 1703 1689
f 1659 1705 1683
f 1717 1648 1800
f 1648 1660 1800
f 1660 1692 1790
f 1581 1728 1734
f 1670 1734 1671
f 1631 1632 1718
f 1718 1632 1693
f 1684 1735 1672
f 1672 1694 1673
f 1696 1673 1736
f 1674 1685 1695
f 1664 1737 1633
f 1737 1729 1633
f 1653 1698 1677
f 1653 1709 1698
f 1678 1710 1679
f 1653 1730 1709
f 1679 1711 1638
f 1687 1688 1668
f 1668 1688 1681
f 1681 1688 1772
f 1681 1772 1682
f 1732 1625 1682
f 1625 1732 1816
f 1716 1817 1818
f 1735 1706 1672
f 1662 1719 1632
f 1662 1674 1707
f 1674 1695 1707
f 1633 1729 1676
f 1729 1686 1676
f 1709 1730 1721
f 1711 1722 1680
f 1712 1601 1764
f 1764 1601 1654
f 1654 1769 1723
f 1723 1769 1724
f 1639 1767 1602
f 1769 1640 1714
f 1768 1665 1657
f 1700 1715 1666
f 1715 1714 1666
f 1665 1699 1687
f 1701 1643 1731
f 1645 1703 1789
f 1605 1727 1646
f 1646 1727 1704
f 1690 1777 1629
f 1539 1718 1802
f 1671 1734 1735
f 1693 1632 1805
f 1672 1706 1694
f 1694 1736 1673
f 1696 1737 1664
f 1675 1761 1611
f 1675 1697 1720
f 1697 1708 1739
f 1698 1708 1677
f 1710 1711 1679
f 1654 1723 1764
f 1724 1769 1713
f 1754 1715 1700
f 1700 1701 1754
f 1688 1687 1725
f 1699 1725 1687
f 1726 1731 1643
f 1591 1756 1726
f 1659 1683 1628
f 1629 1777 1691
f 1777 1837 1691
f 1661 1821 1728
f 1662 1707 1719
f 1736 1807 1696
f 1695 1685 1738
f 1791 1737 1696
f 1685 1611 1738
f 1675 1720 1761
f 1709 1708 1698
f 1740 1710 1678
f 1680 1747 1639
f 1747 1749 1639
f 1639 1749 1767
f 1665 1797 1699
f 1754 1770 1715
f 1701 1731 1754
f 1702 1817 1716
f 1717 1800 1758
f 1758 1690 1717
f 1819 1690 1758
f 1819 1777 1690
f 1800 1660 1801
f 1734 1760 1735
f 1719 1805 1632
f 1735 1778 1706
f 1792 1729 1737
f 1611 1761 1738
f 1708 1709 1739
f 1721 1730 1712
f 1711 1762 1722
f 1722 1744 1680
f 1744 1747 1680
f 1767 1768 1602
f 1768 1797 1665
f 1699 1787 1725
f 1725 1772 1688
f 1726 1756 1755
f 1756 1645 1789
f 1702 1816 1817
f 1888 1689 1799
f 1689 1628 1799
f 1705 1776 1683
f 1776 1705 1704
f 1692 1802 1790
f 1728 1733 1734
f 1718 1693 1759
f 1760 1778 1735
f 1693 1805 1840
f 1707 1695 1738
f 1709 1741 1739
f 1740 1742 1710
f 1709 1721 1741
f 1710 1762 1711
f 1712 1764 1763
f 1743 1764 1745
f 1764 1723 1745
f 1748 1745 1723
f 1748 1746 1781
f 1747 1746 1749
f 1746 1748 1750
f 1724 1751 1723
f 1751 1748 1723
f 1750 1748 1751
f 1749 1746 1750
f 1752 1750 1751
f 1751 1724 1752
f 1750 1752 1766
f 1749 1750 1767
f 1767 1750 1766
f 1753 1752 1724
f 1724 1713 1753
f 1767 1784 1768
f 1714 1786 1769
f 1797 1787 1699
f 1731 1814 1754
f 1788 1772 1725
f 1788 1725 1787
f 1814 1731 1773
f 1731 1726 1773
f 1726 1798 1773
f 1798 1726 1755
f 1756 1789 1832
f 1789 1703 1757
f 1683 1776 1852
f 1660 1790 1801
f 1661 1838 1821
f 1821 1733 1728
f 1718 1759 1802
f 1694 1706 1736
f 1736 1824 1807
f 1696 1807 1791
f 1686 1779 1740
f 1742 1740 1779
f 1762 1710 1742
f 1747 1744 1780
f 1782 1781 1746
f 1747 1782 1746
f 1745 1748 1781
f 1753 1783 1752
f 1753 1713 1765
f 1765 1783 1753
f 1766 1752 1783
f 1767 1766 1784
f 1769 1785 1713
f 1768 1812 1797
f 1714 1715 1786
f 1715 1770 1786
f 1771 1770 1754
f 1754 1814 1771
f 1772 1774 1682
f 1682 1774 1732
f 1774 1775 1732
f 1817 1899 1818
f 1727 1861 1704
f 1837 1856 1691
f 1691 1856 1661
f 1759 1693 1840
f 1706 1806 1736
f 1736 1806 1824
f 1719 1707 1823
f 1738 1881 1707
f 1720 1697 1739
f 1741 1845 1739
f 1741 1721 1712
f 1764 1743 1846
f 1794 1745 1781
f 1794 1743 1745
f 1781 1782 1794
f 1780 1782 1747
f 1765 1713 1783
f 1766 1783 1796
f 1809 1766 1796
f 1766 1809 1784
f 1784 1812 1768
f 1769 1786 1785
f 1787 1859 1788
f 1788 1774 1772
f 1732 1775 1816
f 1816 1850 1817
f 1888 1799 1851
f 1628 1835 1799
f 1628 1683 1835
f 1758 1836 1819
f 1777 1820 1837
f 1790 1802 1839
f 1734 1733 1803
f 1760 1804 1778
f 1706 1778 1822
f 1742 1826 1762
f 1763 1764 1846
f 1722 1793 1744
f 1780 1744 1793
f 1794 1846 1743
f 1795 1794 1782
f 1780 1795 1782
f 1783 1713 1796
f 1713 1785 1796
f 1809 1812 1784
f 1786 1770 1771
f 1797 1859 1787
f 1814 1773 1798
f 1798 1755 1860
f 1774 1815 1775
f 1755 1756 1831
f 1756 1832 1831
f 1818 1834 1727
f 1683 1852 1835
f 1856 1838 1661
f 1734 1803 1760
f 1804 1822 1778
f 1805 1719 1823
f 1822 1806 1706
f 1823 1707 1871
f 1738 1843 1881
f 1738 1761 1843
f 1729 1792 1686
f 1686 1873 1779
f 1720 1739 1845
f 1741 1808 1845
f 1779 1825 1742
f 1825 1826 1742
f 1827 1795 1780
f 1793 1827 1780
f 1796 1785 1810
f 1811 1796 1810
f 1809 1796 1811
f 1812 1809 1811
f 1786 1771 1931
f 1814 1813 1771
f 1788 1859 1830
f 1830 1774 1788
f 1815 1896 1775
f 1833 1789 1757
f 1861 1776 1704
f 1800 1853 1758
f 1758 1853 1836
f 1800 1801 1853
f 1777 1819 1820
f 1855 1801 1790
f 1821 1977 1733
f 1839 1802 1759
f 1803 1804 1760
f 1791 1807 1842
f 1737 1791 1844
f 1686 1792 1873
f 1873 1874 1779
f 1779 1874 1825
f 1741 1712 1808
f 1762 1925 1722
f 1864 1793 1722
f 1847 1846 1794
f 1794 1795 1848
f 1847 1794 1848
f 1795 1827 1848
f 1864 1827 1793
f 1810 1785 1829
f 1785 1786 1829
f 1812 1877 1797
f 1774 1830 1815
f 1775 1850 1816
f 1789 1833 1832
f 1817 1898 1899
f 1899 1834 1818
f 1851 1799 1835
f 1854 1801 1855
f 1837 1880 1856
f 1759 1940 1839
f 1805 1823 1903
f 1707 1881 1871
f 1857 1845 1808
f 1864 1848 1827
f 1810 1858 1811
f 1812 1811 1828
f 1849 1812 1828
f 1797 1877 1859
f 1860 1813 1814
f 1860 1814 1798
f 1831 1860 1755
f 1850 1898 1817
f 1757 1703 1888
f 1853 1801 1854
f 1819 1836 1889
f 1889 1820 1819
f 1820 1880 1837
f 1821 1838 1977
f 1977 1910 1733
f 1803 1733 1910
f 1840 1805 1841
f 1841 1805 1903
f 1804 1911 1822
f 1807 1824 1842
f 1842 1844 1791
f 1761 1720 1943
f 1720 1845 1857
f 1808 1863 1883
f 1883 1857 1808
f 1826 1925 1762
f 1712 1763 1863
f 1846 1847 1884
f 1811 1858 1828
f 1829 1865 1810
f 1858 1810 1865
f 1828 1858 1866
f 1849 1828 1866
f 1812 1849 1877
f 1849 1868 1877
f 1931 1771 1813
f 1830 1895 1815
f 1897 1832 1833
f 1907 1851 1835
f 1803 1911 1804
f 1903 1823 1871
f 1881 1843 1862
f 1843 1761 1872
f 1844 1792 1737
f 1872 1761 1943
f 1792 1949 1873
f 1720 1857 1943
f 1808 1712 1863
f 1951 1863 1763
f 1763 1846 1890
f 1890 1846 1884
f 1848 1884 1847
f 1865 1876 1858
f 1876 1866 1858
f 1876 1865 1886
f 1866 1885 1849
f 1849 1885 1868
f 1865 1829 1867
f 1829 1786 1867
f 1786 1931 1920
f 1859 1878 1830
f 1830 1878 1895
f 1896 1850 1775
f 1831 1832 1897
f 1888 1851 1900
f 1851 1907 1900
f 1835 1852 1869
f 1835 1869 1907
f 1869 1852 1776
f 1853 1854 1870
f 1853 1870 1836
f 1880 1820 1889
f 1840 1841 1759
f 1842 1914 1844
f 1862 1843 1872
f 1792 1844 1949
f 1917 1857 1883
f 1722 1925 1864
f 1848 1875 1884
f 1875 1848 1864
f 1866 1876 1892
f 1866 1892 1885
f 1865 1867 1886
f 1867 1786 1920
f 1906 1815 1895
f 1815 1906 1896
f 1860 1831 1887
f 1850 1896 1898
f 1757 1888 2041
f 1834 1879 1727
f 1727 1879 1861
f 1879 1776 1861
f 1889 1836 1922
f 1855 1790 1902
f 1790 1839 1924
f 1924 1839 1940
f 1964 1842 1824
f 1872 1943 1882
f 1874 1873 1916
f 1825 1874 1916
f 1883 1863 1989
f 1925 1926 1864
f 1875 1864 1926
f 1919 1876 1886
f 1892 1876 1919
f 1886 1867 1904
f 1877 1878 1859
f 1887 1813 1860
f 1776 1938 1869
f 1938 1776 1879
f 1870 1854 1908
f 1901 1880 1889
f 1854 1855 1908
f 1880 1901 1856
f 1901 1939 1856
f 1841 1903 1941
f 1822 1912 1806
f 1824 1806 1964
f 1871 1881 1913
f 1872 1882 1862
f 1825 1944 1826
f 1884 1891 1890
f 1886 1904 1919
f 1868 1885 1893
f 1904 1867 1920
f 1984 1931 1813
f 1878 1995 1895
f 1894 1813 1887
f 1836 1870 1922
f 1889 1922 1932
f 1932 1901 1889
f 1908 1855 1923
f 1939 1909 1856
f 1856 1909 1838
f 1911 1803 2001
f 1822 1911 1912
f 1913 1881 1933
f 1934 1949 1844
f 1943 1857 1950
f 1950 1857 1917
f 1944 1925 1826
f 1884 1875 1891
f 1892 1919 1929
f 1892 1929 1905
f 1885 1892 1905
f 1893 1885 1905
f 1920 1931 1957
f 1877 1973 1878
f 1995 1958 1895
f 1895 1958 1906
f 1887 1831 1945
f 1896 1985 1898
f 1834 1936 1879
f 1936 1938 1879
f 1870 1908 1947
f 1870 1947 1922
f 1901 1932 1939
f 1923 1855 1902
f 1803 1910 2020
f 1912 1963 1806
f 1862 1915 1881
f 1862 1882 1965
f 1949 1916 1873
f 1883 1989 1917
f 1825 1916 1944
f 2086 1953 1925
f 1763 1890 1952
f 1925 1953 1926
f 1952 1890 1918
f 1890 1891 1918
f 1868 1973 1877
f 1984 1813 1894
f 1878 1973 1995
f 1945 1831 1897
f 1897 1833 2015
f 2015 1833 1757
f 1900 1921 1888
f 1921 1900 1907
f 1946 1869 1938
f 1803 2020 2001
f 1841 1940 1759
f 1841 1941 1940
f 1903 1871 1942
f 1942 1871 1913
f 1964 1914 1842
f 1862 1965 1915
f 1875 1954 1891
f 1875 1927 1954
f 1927 1875 1926
f 1919 1904 1935
f 1904 1928 1935
f 1919 1935 1929
f 1904 1920 1928
f 1928 1920 1930
f 1894 1887 2014
f 1906 1958 1985
f 1906 1985 1896
f 1899 2077 1834
f 1907 1869 1937
f 1937 1869 1946
f 1947 2019 1922
f 1947 1908 1923
f 1939 1948 1909
f 1790 1924 1902
f 1903 1942 1941
f 1942 1913 2021
f 1963 1964 1806
f 1881 1915 1933
f 1844 2002 1934
f 1916 1966 1944
f 1863 1951 1968
f 1951 1763 1990
f 1763 1952 1990
f 1929 1935 1971
f 1905 1929 1983
f 1929 1971 1983
f 1893 1905 1956
f 1887 1945 2014
f 1897 2015 1945
f 1898 1985 2040
f 2077 1936 1834
f 1907 1937 1921
f 1946 1938 1936
f 1922 2019 1932
f 1838 1909 1977
f 1924 1940 2094
f 1911 2001 1912
f 1912 1962 1963
f 2002 1844 1914
f 1949 1966 1916
f 1944 1967 1925
f 1863 1968 1989
f 1953 1927 1926
f 1905 1983 1956
f 1930 1920 1957
f 1868 1893 1973
f 1984 1894 2014
f 1898 1974 1899
f 1888 1921 1959
f 1987 1939 1932
f 1939 1987 1948
f 2001 1962 1912
f 1963 1979 1964
f 1882 1943 1965
f 1944 1966 1967
f 1952 1918 1969
f 1891 1954 1918
f 1935 1928 1970
f 1928 1972 1970
f 1971 1935 1970
f 1971 1970 1955
f 1928 1930 1972
f 1930 1957 1972
f 1984 2014 2029
f 1945 2015 1996
f 2059 2040 1985
f 2040 1974 1898
f 1888 1959 2041
f 2077 2017 1936
f 1959 1921 1937
f 1960 2019 1947
f 2019 1987 1932
f 1960 1947 1923
f 1923 1902 1976
f 1902 1924 2050
f 1940 1941 1978
f 1942 2021 1961
f 1913 1933 1980
f 1964 2031 1914
f 2031 2022 1914
f 1965 1943 1950
f 1949 1934 1966
f 1967 2086 1925
f 1952 1969 1990
f 1954 1982 1918
f 1927 1982 1954
f 1927 2007 1982
f 1927 1953 2007
f 1956 2010 1893
f 2015 1757 2048
f 1974 2077 1899
f 1937 1975 1959
f 1923 1976 1960
f 1909 2079 1977
f 1924 2094 2050
f 1910 1977 2020
f 1941 1942 1988
f 1942 1961 1988
f 1963 1962 1979
f 1979 2031 1964
f 1980 2021 1913
f 1980 1933 2033
f 1933 1915 2033
f 1914 2022 2002
f 1965 1950 2003
f 1989 1950 1917
f 2086 2071 1953
f 1981 1969 1918
f 1981 1918 1982
f 2071 2007 1953
f 1955 1992 1971
f 1992 1983 1971
f 1972 2011 1970
f 1956 1983 1994
f 1956 1994 2010
f 1972 1957 2011
f 2010 1973 1893
f 1957 1931 1984
f 2147 2012 1973
f 1945 1996 2014
f 1974 2188 2077
f 2017 1986 1936
f 1937 2018 1975
f 1946 2018 1937
f 1986 1946 1936
f 1977 2079 2020
f 1978 2094 1940
f 1934 2097 1966
f 1950 2023 2003
f 1950 1989 2023
f 1990 1968 1951
f 2007 2034 1982
f 1983 1992 2009
f 1993 1983 2009
f 1991 1970 2011
f 1955 1970 1991
f 1993 2038 1994
f 1993 1994 1983
f 1957 1984 2029
f 1946 1986 2018
f 2019 1997 1987
f 1960 1976 1998
f 1997 1999 1987
f 1999 1948 1987
f 1976 1902 1998
f 1998 1902 2000
f 1948 1999 1909
f 1909 2155 2079
f 2095 1979 1962
f 2021 1980 2052
f 1979 2082 2031
f 2022 2043 2002
f 2004 1966 2097
f 1967 1966 2004
f 1989 1968 2005
f 2004 2006 1967
f 1968 1990 2005
f 1967 2006 2086
f 1990 1969 2024
f 1969 1981 2024
f 2034 1981 1982
f 2008 1991 2011
f 1991 2028 1955
f 1992 1955 2028
f 1973 2010 2147
f 2059 1985 1958
f 2059 1958 2013
f 2013 1958 1995
f 1757 2041 2123
f 2077 2016 2017
f 1960 1998 2062
f 1960 2062 2019
f 2050 2000 1902
f 1941 1988 1978
f 2001 2095 1962
f 2033 1915 2068
f 1915 1965 2068
f 1934 2002 2097
f 1989 2005 2023
f 1981 2025 2024
f 2034 2025 1981
f 2026 2009 2037
f 2008 2027 1991
f 1991 2027 2028
f 2037 2009 2028
f 2028 2009 1992
f 2011 2039 2008
f 2010 1994 2038
f 2012 1995 1973
f 2029 2014 2047
f 2047 2014 1996
f 1995 2012 2013
f 2048 1757 2123
f 2060 1959 1975
f 1986 2030 2018
f 2030 1986 2017
f 2064 1997 2019
f 2062 1998 2000
f 2064 1999 1997
f 1999 2042 1909
f 2021 2052 1961
f 1980 2033 2032
f 2031 2043 2022
f 1965 2003 2068
f 2004 2084 2053
f 2053 2006 2004
f 2005 1990 2070
f 2006 2085 2086
f 1990 2024 2072
f 2025 2072 2024
f 2073 2007 2071
f 2027 2035 2036
f 2027 2008 2035
f 2036 2046 2027
f 2027 2046 2028
f 2038 1993 2026
f 2026 1993 2009
f 2008 2039 2035
f 2039 2011 2119
f 2119 2011 1957
f 2119 1957 2029
f 2040 2049 1974
f 1959 2060 2041
f 2016 2030 2017
f 1975 2061 2060
f 1975 2018 2061
f 2018 2030 2092
f 2019 2062 2125
f 2064 2019 2125
f 2042 1999 2064
f 1909 2042 2155
f 2050 2094 2205
f 2001 2020 2051
f 2082 1979 2095
f 1961 2052 2067
f 2032 2033 2068
f 2043 2044 2002
f 2045 2097 2002
f 2084 2004 2097
f 2053 2085 2006
f 2025 2055 2072
f 2034 2054 2025
f 2025 2054 2055
f 2034 2007 2054
f 2073 2054 2007
f 2035 2056 2036
f 2036 2056 2046
f 2028 2046 2037
f 2037 2046 2057
f 2026 2037 2057
f 2057 2075 2026
f 2056 2035 2039
f 2038 2026 2075
f 2010 2038 2075
f 2166 2029 2047
f 2089 2059 2013
f 2089 2013 2076
f 2076 2013 2012
f 1996 2015 2058
f 2049 2188 1974
f 2123 2041 2167
f 2061 2018 2092
f 2042 2066 2155
f 2020 2079 2051
f 2001 2051 2080
f 1988 1961 2067
f 2082 2129 2031
f 2031 2142 2043
f 2142 2044 2043
f 2044 2045 2002
f 2111 2068 2003
f 2087 2070 1990
f 1990 2072 2087
f 2057 2074 2075
f 2056 2039 2107
f 2075 2074 2010
f 2039 2119 2107
f 2120 2076 2012
f 2047 1996 2058
f 2058 2015 2048
f 2062 2000 2063
f 2125 2062 2063
f 2065 2042 2064
f 2000 2050 2063
f 2065 2066 2042
f 2052 1980 2083
f 1980 2032 2083
f 2023 2005 2096
f 2005 2070 2096
f 2053 2069 2085
f 2055 2088 2072
f 2054 2101 2055
f 2101 2073 2112
f 2101 2054 2073
f 2056 2105 2046
f 2105 2057 2046
f 2057 2105 2074
f 2074 2147 2010
f 2059 2139 2040
f 2041 2060 2090
f 2090 2060 2061
f 2064 2125 2065
f 2063 2050 2078
f 1988 2067 2081
f 2052 2083 2067
f 2067 2083 2168
f 2128 2129 2082
f 2129 2142 2031
f 2032 2068 2111
f 2130 2097 2045
f 2003 2023 2096
f 2069 2053 2084
f 2070 2087 2144
f 2086 2098 2071
f 2072 2088 2087
f 2099 2088 2055
f 2055 2101 2099
f 2056 2118 2104
f 2104 2105 2056
f 2056 2107 2118
f 2107 2119 2165
f 2119 2029 2166
f 2047 2058 2148
f 2139 2089 2121
f 2139 2059 2089
f 2212 2058 2150
f 2058 2048 2150
f 2040 2139 2049
f 2077 2109 2016
f 2061 2091 2090
f 2061 2092 2091
f 2110 2066 2065
f 2063 2078 2093
f 2078 2050 2205
f 2094 1978 2206
f 2080 2095 2001
f 1988 2081 1978
f 2082 2095 2128
f 2044 2142 2045
f 2111 2003 2096
f 2084 2143 2069
f 2071 2098 2073
f 2201 2087 2132
f 2087 2088 2132
f 2073 2098 2112
f 2088 2099 2132
f 2099 2101 2100
f 2101 2102 2100
f 2102 2101 2112
f 2118 2103 2104
f 2117 2105 2104
f 2106 2105 2117
f 2106 2074 2105
f 2076 2120 2108
f 2148 2058 2122
f 2121 2089 2076
f 2058 2212 2122
f 2077 2188 2109
f 2030 2016 2109
f 2063 2093 2125
f 2065 2125 2110
f 2093 2078 2126
f 2110 2127 2066
f 2066 2127 2155
f 2079 2194 2051
f 2206 1978 2081
f 2129 2158 2142
f 2032 2111 2170
f 2097 2143 2084
f 2096 2070 2144
f 2131 2096 2144
f 2161 2085 2069
f 2161 2086 2085
f 2099 2100 2132
f 2113 2132 2100
f 2102 2112 2133
f 2134 2113 2100
f 2102 2134 2100
f 2114 2134 2102
f 2133 2114 2102
f 2117 2103 2115
f 2137 2115 2103
f 2103 2118 2137
f 2104 2103 2117
f 2166 2047 2148
f 2121 2076 2108
f 2049 2227 2188
f 2041 2090 2152
f 2092 2030 2153
f 2153 2030 2109
f 2093 2126 2140
f 2125 2093 2140
f 2126 2078 2141
f 2205 2141 2078
f 2094 2206 2205
f 2095 2080 2128
f 2168 2083 2156
f 2096 2159 2111
f 2159 2096 2131
f 2143 2145 2069
f 2069 2145 2160
f 2160 2161 2069
f 2086 2161 2098
f 2161 2220 2098
f 2112 2098 2162
f 2162 2133 2112
f 2132 2113 2146
f 2134 2146 2113
f 2114 2133 2164
f 2136 2146 2134
f 2135 2146 2136
f 2114 2136 2134
f 2115 2135 2136
f 2116 2115 2136
f 2114 2116 2136
f 2164 2116 2114
f 2117 2115 2116
f 2106 2116 2164
f 2135 2115 2137
f 2116 2106 2117
f 2137 2118 2165
f 2118 2107 2165
f 2106 2138 2074
f 2074 2138 2147
f 2147 2120 2012
f 2166 2148 2172
f 2048 2123 2150
f 2049 2174 2227
f 2167 2041 2152
f 2188 2124 2109
f 2177 2152 2091
f 2152 2090 2091
f 2153 2109 2124
f 2177 2091 2191
f 2091 2092 2191
f 2092 2153 2191
f 2179 2110 2140
f 2110 2125 2140
f 2110 2179 2127
f 2179 2154 2127
f 2127 2154 2155
f 2067 2168 2081
f 2128 2157 2129
f 2156 2083 2184
f 2083 2032 2184
f 2129 2157 2158
f 2032 2170 2184
f 2142 2130 2045
f 2170 2111 2159
f 2130 2143 2097
f 2144 2186 2131
f 2144 2087 2199
f 2165 2135 2137
f 2164 2162 2106
f 2165 2119 2166
f 2148 2122 2149
f 2108 2173 2121
f 2149 2122 2212
f 2139 2174 2049
f 2188 2151 2124
f 2126 2178 2140
f 2126 2141 2178
f 2205 2193 2141
f 2155 2275 2079
f 2080 2195 2128
f 2158 2169 2142
f 2142 2169 2130
f 2143 2185 2145
f 2185 2198 2145
f 2132 2146 2201
f 2146 2163 2201
f 2146 2135 2163
f 2133 2162 2164
f 2135 2165 2163
f 2106 2162 2138
f 2147 2211 2120
f 2211 2108 2120
f 2148 2149 2172
f 2121 2203 2139
f 2124 2176 2153
f 2229 2140 2178
f 2179 2140 2229
f 2154 2180 2155
f 2181 2141 2193
f 2079 2275 2194
f 2194 2182 2051
f 2051 2182 2080
f 2195 2157 2128
f 2185 2143 2130
f 2186 2144 2199
f 2187 2161 2160
f 2187 2220 2161
f 2166 2239 2165
f 2173 2108 2224
f 2108 2211 2224
f 2149 2212 2202
f 2121 2173 2203
f 2204 2212 2150
f 2150 2123 2175
f 2123 2167 2175
f 2152 2177 2189
f 2151 2176 2124
f 2153 2213 2191
f 2153 2176 2213
f 2154 2179 2180
f 2180 2214 2155
f 2206 2081 2215
f 2182 2207 2080
f 2081 2168 2215
f 2183 2168 2156
f 2170 2159 2216
f 2216 2159 2197
f 2159 2131 2197
f 2197 2131 2186
f 2200 2145 2198
f 2145 2200 2160
f 2199 2171 2186
f 2160 2200 2187
f 2199 2087 2219
f 2201 2219 2087
f 2166 2172 2252
f 2172 2149 2225
f 2225 2149 2202
f 2224 2226 2173
f 2139 2203 2174
f 2190 2189 2177
f 2190 2177 2191
f 2178 2141 2181
f 2192 2179 2229
f 2192 2180 2179
f 2180 2192 2214
f 2214 2275 2155
f 2193 2205 2246
f 2215 2168 2183
f 2195 2232 2157
f 2156 2184 2208
f 2157 2232 2158
f 2184 2170 2278
f 2130 2196 2185
f 2196 2198 2185
f 2186 2171 2197
f 2199 2219 2171
f 2171 2219 2209
f 2187 2210 2220
f 2220 2221 2098
f 2098 2221 2162
f 2163 2165 2239
f 2138 2251 2147
f 2166 2252 2239
f 2251 2222 2147
f 2222 2211 2147
f 2223 2172 2225
f 2150 2175 2204
f 2175 2167 2253
f 2152 2253 2167
f 2152 2189 2253
f 2213 2176 2151
f 2178 2181 2230
f 2230 2229 2178
f 2193 2246 2245
f 2194 2275 2182
f 2080 2207 2195
f 2183 2156 2208
f 2170 2216 2278
f 2169 2249 2130
f 2130 2249 2196
f 2198 2196 2217
f 2200 2198 2217
f 2187 2200 2210
f 2188 2227 2151
f 2253 2189 2228
f 2189 2190 2228
f 2190 2191 2272
f 2272 2191 2213
f 2240 2213 2151
f 2181 2193 2230
f 2214 2244 2275
f 2205 2206 2246
f 2206 2215 2257
f 2258 2195 2207
f 2232 2169 2158
f 2208 2184 2248
f 2184 2278 2248
f 2218 2217 2196
f 2197 2171 2250
f 2171 2209 2250
f 2235 2200 2217
f 2235 2210 2200
f 2219 2236 2209
f 2265 2162 2221
f 2223 2252 2172
f 2224 2211 2268
f 2211 2222 2268
f 2202 2212 2204
f 2203 2173 2320
f 2175 2253 2362
f 2227 2287 2151
f 2287 2240 2151
f 2272 2213 2255
f 2255 2213 2240
f 2230 2193 2245
f 2241 2229 2230
f 2192 2229 2243
f 2243 2214 2192
f 2214 2243 2244
f 2244 2231 2275
f 2183 2208 2247
f 2278 2216 2233
f 2216 2197 2233
f 2197 2250 2233
f 2218 2234 2217
f 2217 2234 2235
f 2236 2219 2238
f 2210 2235 2237
f 2210 2237 2220
f 2220 2237 2221
f 2219 2201 2238
f 2238 2201 2263
f 2263 2201 2264
f 2201 2163 2264
f 2267 2239 2252
f 2268 2269 2224
f 2270 2225 2202
f 2224 2269 2226
f 2226 2320 2173
f 2203 2332 2174
f 2332 2227 2174
f 2254 2228 2190
f 2254 2190 2272
f 2230 2245 2242
f 2242 2241 2230
f 2241 2243 2229
f 2275 2231 2274
f 2245 2246 2273
f 2246 2206 2257
f 2257 2215 2183
f 2195 2290 2232
f 2208 2248 2247
f 2218 2196 2249
f 2250 2209 2236
f 2235 2261 2237
f 2162 2266 2138
f 2266 2251 2138
f 2223 2283 2252
f 2223 2225 2283
f 2225 2270 2283
f 2287 2255 2240
f 2256 2244 2243
f 2244 2256 2231
f 2182 2258 2207
f 2323 2290 2195
f 2232 2290 2169
f 2290 2277 2169
f 2169 2277 2249
f 2233 2250 2291
f 2218 2259 2234
f 2259 2260 2234
f 2250 2236 2291
f 2234 2260 2235
f 2261 2235 2260
f 2261 2262 2237
f 2262 2221 2237
f 2265 2266 2162
f 2264 2163 2267
f 2163 2239 2267
f 2281 2267 2252
f 2281 2252 2283
f 2222 2251 2268
f 2269 2285 2226
f 2270 2202 2286
f 2286 2202 2271
f 2202 2204 2271
f 2254 2272 2345
f 2345 2272 2255
f 2242 2245 2273
f 2231 2289 2274
f 2182 2339 2258
f 2323 2195 2258
f 2247 2248 2276
f 2248 2278 2276
f 2278 2233 2324
f 2324 2233 2291
f 2291 2236 2292
f 2236 2238 2292
f 2279 2292 2238
f 2261 2280 2262
f 2263 2279 2238
f 2296 2279 2263
f 2262 2265 2221
f 2263 2264 2296
f 2266 2302 2251
f 2251 2302 2268
f 2283 2282 2281
f 2268 2302 2301
f 2282 2283 2284
f 2268 2301 2269
f 2283 2270 2284
f 2320 2226 2285
f 2271 2204 2175
f 2203 2330 2332
f 2362 2253 2331
f 2334 2287 2227
f 2255 2287 2353
f 2288 2243 2241
f 2243 2288 2256
f 2288 2289 2256
f 2289 2231 2256
f 2246 2257 2304
f 2275 2339 2182
f 2257 2183 2316
f 2183 2247 2317
f 2276 2278 2324
f 2249 2325 2218
f 2218 2325 2259
f 2259 2293 2260
f 2260 2293 2261
f 2261 2293 2280
f 2279 2294 2292
f 2307 2294 2279
f 2296 2307 2279
f 2295 2262 2280
f 2262 2295 2265
f 2296 2264 2297
f 2295 2310 2265
f 2297 2264 2298
f 2264 2267 2298
f 2265 2310 2266
f 2310 2299 2266
f 2298 2267 2281
f 2281 2300 2298
f 2302 2299 2312
f 2299 2302 2266
f 2282 2300 2281
f 2302 2312 2301
f 2269 2301 2285
f 2284 2270 2286
f 2331 2253 2333
f 2253 2228 2333
f 2345 2255 2353
f 2242 2273 2313
f 2313 2273 2303
f 2288 2314 2289
f 2314 2274 2289
f 2273 2246 2303
f 2339 2368 2258
f 2247 2276 2340
f 2277 2305 2249
f 2305 2325 2249
f 2324 2291 2326
f 2325 2327 2259
f 2280 2293 2306
f 2307 2319 2294
f 2308 2280 2306
f 2280 2308 2295
f 2307 2297 2309
f 2296 2297 2307
f 2309 2319 2307
f 2311 2310 2308
f 2308 2310 2295
f 2298 2309 2297
f 2299 2310 2311
f 2309 2298 2300
f 2299 2311 2312
f 2300 2282 2284
f 2271 2175 2362
f 2320 2330 2203
f 2227 2332 2334
f 2333 2228 2321
f 2321 2228 2254
f 2321 2254 2345
f 2241 2242 2313
f 2288 2241 2313
f 2314 2288 2313
f 2303 2246 2336
f 2314 2315 2274
f 2315 2337 2274
f 2246 2304 2336
f 2274 2337 2275
f 2275 2337 2339
f 2257 2316 2304
f 2316 2183 2317
f 2290 2323 2277
f 2323 2357 2277
f 2327 2318 2259
f 2259 2318 2293
f 2291 2292 2326
f 2326 2292 2342
f 2293 2318 2306
f 2342 2294 2319
f 2306 2328 2308
f 2328 2311 2308
f 2319 2309 2329
f 2329 2309 2300
f 2351 2311 2328
f 2311 2351 2312
f 2312 2285 2301
f 2343 2286 2271
f 2334 2353 2287
f 2313 2322 2314
f 2303 2336 2346
f 2314 2322 2315
f 2258 2369 2323
f 2305 2277 2357
f 2292 2294 2342
f 2306 2318 2328
f 2342 2319 2329
f 2328 2359 2351
f 2329 2300 2284
f 2351 2285 2312
f 2320 2285 2360
f 2361 2320 2360
f 2330 2389 2332
f 2313 2303 2346
f 2335 2315 2322
f 2315 2335 2337
f 2336 2304 2338
f 2258 2368 2369
f 2317 2247 2349
f 2247 2340 2349
f 2305 2357 2394
f 2325 2305 2394
f 2276 2324 2341
f 2324 2326 2341
f 2318 2359 2328
f 2329 2284 2350
f 2351 2360 2285
f 2343 2271 2362
f 2361 2330 2320
f 2386 2362 2331
f 2389 2344 2332
f 2344 2334 2332
f 2345 2353 2364
f 2353 2334 2354
f 2346 2322 2313
f 2346 2336 2347
f 2372 2322 2346
f 2372 2335 2322
f 2347 2336 2338
f 2335 2356 2337
f 2337 2356 2339
f 2338 2304 2348
f 2356 2366 2339
f 2348 2304 2380
f 2326 2342 2358
f 2327 2375 2318
f 2375 2359 2318
f 2358 2342 2350
f 2342 2329 2350
f 2284 2286 2371
f 2286 2343 2371
f 2331 2333 2352
f 2352 2333 2363
f 2354 2334 2344
f 2363 2333 2321
f 2364 2363 2321
f 2364 2321 2345
f 2347 2372 2346
f 2335 2372 2365
f 2335 2365 2356
f 2338 2348 2355
f 2380 2304 2316
f 2316 2317 2381
f 2341 2326 2358
f 2354 2364 2353
f 2347 2338 2355
f 2355 2348 2367
f 2356 2365 2366
f 2367 2348 2380
f 2366 2374 2339
f 2380 2316 2373
f 2369 2357 2323
f 2276 2341 2340
f 2325 2394 2327
f 2359 2376 2351
f 2350 2284 2371
f 2351 2376 2360
f 2376 2361 2360
f 2371 2343 2387
f 2343 2362 2387
f 2387 2362 2386
f 2331 2352 2386
f 2347 2355 2377
f 2355 2367 2377
f 2379 2372 2347
f 2365 2372 2379
f 2317 2349 2381
f 2340 2341 2383
f 2383 2341 2395
f 2359 2375 2396
f 2359 2396 2376
f 2376 2385 2361
f 2361 2389 2330
f 2377 2379 2347
f 2365 2379 2391
f 2377 2367 2378
f 2367 2380 2378
f 2391 2366 2365
f 2366 2391 2374
f 2373 2316 2393
f 2393 2316 2405
f 2374 2368 2339
f 2316 2381 2405
f 2368 2406 2369
f 2369 2406 2357
f 2406 2382 2357
f 2349 2340 2383
f 2357 2382 2394
f 2341 2358 2395
f 2395 2358 2370
f 2370 2358 2384
f 2358 2350 2384
f 2384 2350 2371
f 2371 2387 2398
f 2385 2389 2361
f 2400 2386 2352
f 2389 2399 2344
f 2402 2363 2364
f 2378 2380 2373
f 2391 2411 2374
f 2368 2424 2406
f 2327 2394 2408
f 2327 2408 2375
f 2408 2409 2375
f 2375 2409 2396
f 2397 2385 2376
f 2387 2386 2388
f 2428 2399 2389
f 2400 2352 2402
f 2354 2344 2390
f 2344 2399 2390
f 2352 2363 2402
f 2378 2379 2377
f 2378 2373 2403
f 2379 2378 2403
f 2391 2379 2403
f 2411 2392 2374
f 2374 2392 2368
f 2392 2412 2368
f 2412 2424 2368
f 2381 2349 2425
f 2349 2383 2425
f 2396 2397 2376
f 2410 2388 2386
f 2386 2400 2410
f 2401 2390 2399
f 2402 2364 2390
f 2390 2364 2354
f 2403 2419 2391
f 2403 2373 2393
f 2411 2391 2419
f 2411 2404 2392
f 2407 2383 2395
f 2409 2414 2396
f 2384 2371 2415
f 2396 2414 2397
f 2415 2371 2398
f 2397 2416 2385
f 2385 2416 2389
f 2400 2402 2418
f 2390 2418 2402
f 2403 2393 2420
f 2419 2403 2420
f 2393 2405 2420
f 2404 2411 2419
f 2420 2405 2430
f 2392 2404 2412
f 2405 2381 2422
f 2381 2425 2422
f 2383 2407 2425
f 2382 2432 2394
f 2394 2432 2408
f 2432 2413 2408
f 2395 2370 2407
f 2407 2370 2415
f 2408 2413 2409
f 2370 2384 2415
f 2413 2414 2409
f 2415 2398 2438
f 2389 2417 2428
f 2429 2400 2418
f 2429 2410 2400
f 2399 2428 2401
f 2401 2418 2390
f 2419 2420 2435
f 2431 2419 2435
f 2404 2419 2421
f 2421 2419 2431
f 2435 2420 2430
f 2421 2412 2404
f 2421 2423 2412
f 2430 2405 2422
f 2412 2423 2424
f 2406 2448 2382
f 2448 2432 2382
f 2432 2426 2413
f 2407 2415 2449
f 2426 2414 2413
f 2449 2415 2438
f 2414 2416 2397
f 2438 2398 2439
f 2398 2387 2388
f 2440 2389 2416
f 2389 2440 2417
f 2434 2429 2418
f 2401 2434 2418
f 2431 2423 2421
f 2423 2431 2424
f 2431 2437 2424
f 2422 2425 2447
f 2437 2446 2424
f 2424 2446 2406
f 2407 2449 2425
f 2426 2450 2414
f 2414 2450 2416
f 2388 2439 2398
f 2440 2416 2452
f 2440 2427 2417
f 2441 2388 2433
f 2388 2410 2433
f 2427 2443 2417
f 2433 2410 2429
f 2433 2429 2434
f 2428 2417 2443
f 2443 2434 2401
f 2443 2401 2428
f 2435 2430 2436
f 2430 2422 2436
f 2422 2447 2436
f 2446 2448 2406
f 2448 2462 2432
f 2432 2462 2426
f 2462 2450 2426
f 2439 2388 2453
f 2388 2441 2453
f 2440 2456 2427
f 2455 2441 2433
f 2442 2455 2433
f 2456 2442 2443
f 2443 2442 2434
f 2456 2443 2427
f 2442 2433 2434
f 2457 2435 2436
f 2435 2457 2444
f 2431 2435 2444
f 2445 2431 2444
f 2431 2445 2437
f 2436 2447 2457
f 2445 2446 2437
f 2447 2425 2459
f 2450 2471 2416
f 2451 2439 2453
f 2452 2454 2440
f 2455 2465 2453
f 2453 2441 2455
f 2440 2454 2456
f 2454 2442 2456
f 2445 2444 2458
f 2466 2444 2457
f 2445 2458 2446
f 2457 2447 2466
f 2447 2459 2466
f 2458 2460 2446
f 2446 2460 2448
f 2459 2425 2461
f 2460 2469 2448
f 2462 2448 2469
f 2461 2425 2478
f 2478 2425 2449
f 2463 2438 2439
f 2463 2439 2451
f 2471 2464 2416
f 2416 2464 2452
f 2464 2472 2452
f 2465 2451 2453
f 2474 2465 2442
f 2454 2474 2442
f 2472 2474 2454
f 2472 2454 2452
f 2442 2465 2455
f 2466 2459 2467
f 2467 2476 2444
f 2467 2444 2466
f 2458 2444 2476
f 2458 2476 2468
f 2468 2460 2458
f 2467 2459 2461
f 2449 2479 2478
f 2462 2481 2450
f 2449 2438 2489
f 2481 2470 2450
f 2463 2482 2438
f 2470 2471 2450
f 2463 2451 2473
f 2451 2465 2473
f 2474 2473 2465
f 2467 2461 2475
f 2476 2467 2475
f 2477 2468 2476
f 2468 2477 2460
f 2477 2469 2460
f 2461 2478 2475
f 2469 2480 2462
f 2480 2487 2462
f 2479 2449 2488
f 2462 2487 2481
f 2449 2489 2488
f 2438 2482 2489
f 2482 2463 2483
f 2470 2484 2471
f 2483 2463 2493
f 2484 2485 2471
f 2493 2463 2473
f 2473 2474 2493
f 2493 2474 2485
f 2472 2464 2485
f 2464 2471 2485
f 2472 2485 2474
f 2476 2475 2486
f 2477 2476 2486
f 2477 2495 2469
f 2475 2478 2494
f 2486 2475 2494
f 2495 2477 2486
f 2469 2495 2480
f 2478 2479 2494
f 2495 2496 2480
f 2494 2479 2488
f 2480 2496 2487
f 2489 2482 2490
f 2481 2491 2470
f 2490 2482 2483
f 2490 2493 2492
f 2491 2492 2484
f 2491 2484 2470
f 2490 2483 2493
f 2484 2492 2485
f 2492 2493 2485
f 2486 2494 2499
f 2495 2486 2496
f 2494 2488 2499
f 2486 2499 2497
f 2496 2486 2497
f 2496 2497 2498
f 2496 2498 2487
f 2497 2499 2500
f 2498 2497 2500
f 2499 2489 2500
f 2488 2489 2499
f 2498 2491 2487
f 2498 2500 2490
f 2487 2491 2481
f 2498 2490 2492
f 2491 2498 2492
f 2489 2490 2500

