# https://github.com/mikedh/trimesh
v -0.99715704 -0.70182023 -0.01283911
v -0.99545240 -0.70725311 -0.03803809
v -0.99177637 -0.71364647 0.00639662
v -0.97935016 -0.71952772 0.03782284
v -0.97996688 -0.72315588 -0.07585820
v -0.99619924 -0.71307786 -0.02010177
v -0.98248129 -0.71266309 0.03346666
v -0.98039468 -0.71078967 -0.07427833
v -0.96212151 -0.73556067 -0.09109795
v -0.96143859 -0.74128658 0.04991830
v -0.94662707 -0.74791585 -0.10189196
v -0.94998108 -0.74187658 0.05842831
v -0.96987940 -0.71116316 0.04103217
v -0.94782033 -0.75708947 -0.10172645
v -0.95090268 -0.75320970 0.05745366
v -0.96364961 -0.74140660 -0.08270336
v -0.97030960 -0.67656744 -0.02889761
v -0.93424208 -0.77363435 0.05145981
v -0.92835018 -0.77929612 -0.09895109
v -0.93406657 -0.75883108 0.07081632
v -0.92387954 -0.70505427 0.05436601
v -0.93243382 -0.68164658 -0.08357497
v -0.93341241 -0.63999253 -0.02220101
v -0.91464035 -0.79780966 -0.08233901
v -0.92148645 -0.79512145 -0.01857077
v -0.91826067 -0.78240887 0.05711285
v -0.92821019 -0.75892413 -0.11078019
v -0.91641209 -0.62741921 -0.01155567
v -0.90602526 -0.80062846 -0.08483169
v -0.92912950 -0.77025629 0.06663219
v -0.91687340 -0.74382472 -0.11130035
v -0.91381783 -0.74382402 0.07162585
v -0.92538451 -0.67112778 0.04249543
v -0.89864164 -0.82259892 -0.02705714
v -0.91100558 -0.80087397 0.04078173
v -0.90331799 -0.74644539 -0.10791095
v -0.89655127 -0.72754663 0.07244091
v -0.91237792 -0.64912774 0.03510539
v -0.90046704 -0.81700381 0.00416525
v -0.90116006 -0.81235276 -0.06838887
v -0.90145691 -0.80658354 0.04080262
v -0.89182160 -0.82779599 -0.02022152
v -0.89790233 -0.72178355 -0.11017538
v -0.87715566 -0.71131469 0.07290709
v -0.93977942 -0.67379423 -0.07503668
v -0.88448493 -0.82287928 -0.02824494
v -0.89097061 -0.81697351 -0.05194769
v -0.88769102 -0.80301836 -0.07582738
v -0.87861446 -0.79590765 0.03875178
v -0.88863692 -0.73177902 0.06970883
v -0.83582575 -0.55513423 -0.01806463
v -0.84859437 -0.76517053 -0.08099744
v -0.89592499 -0.73064957 -0.11176008
v -0.88169593 -0.71863248 -0.11219773
v -0.87207583 -0.62436024 -0.08193371
v -0.89094269 -0.81955167 0.00588342
v -0.85742495 -0.69331446 -0.11275765
v -0.85451802 -0.68776774 0.07142283
v -0.85652346 -0.61047703 0.04314944
v -0.86898678 -0.70612383 -0.11311019
v -0.86323420 -0.70336256 0.07348123
v -0.88264722 -0.82381956 -0.01997127
v -0.83016006 -0.65808333 0.06787438
v -0.87204635 -0.61555114 -0.07574462
v -0.85030344 -0.79692164 -0.01115700
v -0.82781807 -0.67264960 0.07411706
v -0.81817479 -0.56980328 0.03676913
v -0.80772081 -0.76605044 -0.01955385
v -0.83946669 -0.76435419 0.03931211
v -0.84312585 -0.68899936 -0.11213378
v -0.84576077 -0.69190896 0.07288612
v -0.83676801 -0.67694322 -0.11315670
v -0.80580890 -0.73989062 -0.07452628
v -0.77213472 -0.72301484 -0.05715949
v -0.81951503 -0.66507631 -0.11408082
v -0.82543515 -0.57610149 -0.07740976
v -0.81749464 -0.57854100 -0.08186283
v -0.76439902 -0.67038288 -0.09339009
v -0.82872567 -0.62385864 -0.09498312
v -0.80193649 -0.60114886 0.05554242
v -0.80414844 -0.73028412 -0.08134081
v -0.79850155 -0.73139008 0.03912712
v -0.80974422 -0.65998373 -0.11343018
v -0.79777137 -0.52573411 -0.00969898
v -0.78103234 -0.73154019 0.01275718
v -0.80093503 -0.65066768 0.07436227
v -0.79776668 -0.64384517 -0.11340561
v -0.77678861 -0.63191583 0.07492338
v -0.84139089 -0.56268704 -0.02804018
v -0.80284708 -0.76003852 -0.02776073
v -0.75345693 -0.69173266 -0.08067650
v -0.78839865 -0.64161425 -0.11422457
v -0.75513859 -0.72492365 -0.01209502
v -0.78613049 -0.55098868 0.04328678
v -0.76713190 -0.62833594 -0.11336887
v -0.75389860 -0.61384959 0.07463387
v -0.77265665 -0.62172269 -0.11249269
v -0.77428842 -0.54279350 -0.08199770
v -0.75715271 -0.72910592 -0.02140820
v -0.76335312 -0.70324398 0.03871260
v -0.73192215 -0.67888646 0.03870431
v -0.77569378 -0.53424892 -0.07562758
v -0.74382602 -0.60578409 -0.11518244
v -0.72847024 -0.58699479 0.07333501
v -0.73038078 -0.50593326 -0.08222345
v -0.73002485 -0.75959581 -0.06218125
v -0.74632005 -0.75906654 -0.02336563
v -0.74272993 -0.75836095 -0.00425144
v -0.69435490 -0.51474367 0.05688100
v -0.76136620 -0.50579120 -0.04541040
v -0.73278624 -0.46932329 -0.01715952
v -0.74481183 -0.76716941 -0.01687494
v -0.72784378 -0.75922929 0.03066036
v -0.72679939 -0.75066089 -0.06654774
v -0.71921605 -0.74747361 0.03837871
v -0.73520630 -0.74763975 -0.02971736
v -0.67822261 -0.66221143 -0.02701951
v -0.72899543 -0.54939527 -0.09809666
v -0.73437206 -0.50043648 0.03749775
v -0.74722061 -0.48368655 -0.02729310
v -0.72805344 -0.78332508 -0.02234562
v -0.70552100 -0.77967149 -0.06497596
v -0.71810288 -0.75474102 -0.07945078
v -0.71736428 -0.72443300 -0.01846080
v -0.71035262 -0.72195082 -0.00470264
v -0.73083414 -0.59838310 0.07437034
v -0.71655336 -0.74238235 -0.07324107
v -0.73541913 -0.68466268 -0.07473974
v -0.65528052 -0.86641841 -0.02741045
v -0.70698192 -0.76721634 0.03818907
v -0.68452522 -0.75476100 -0.10365207
v -0.69136647 -0.73902712 -0.10589744
v -0.66657459 -0.65513682 -0.01966292
v -0.70042902 -0.64735917 0.04406103
v -0.72237674 -0.58735099 -0.11559425
v -0.70755258 -0.58197127 0.07408508
v -0.70902165 -0.57097606 0.07396434
v -0.70486478 -0.48468952 0.04330041
v -0.66662612 -0.41857575 -0.01123383
v -0.70600642 -0.77992492 0.02849618
v -0.70486381 -0.72442286 -0.05207307
v -0.71627943 -0.62559799 0.05751497
v -0.71378167 -0.48319680 -0.07437507
v -0.69715607 -0.77454014 -0.07324535
v -0.68835949 -0.75071080 0.06312976
v -0.69798958 -0.70486747 -0.02913931
v -0.70511593 -0.56935342 -0.11456669
v -0.68149543 -0.45619269 0.03565732
v -0.69327042 -0.73664659 0.06324922
v -0.66915882 -0.67473970 -0.01711613
v -0.68168262 -0.63209753 -0.08329569
v -0.67808523 -0.55585201 -0.11441565
v -0.69757231 -0.47971143 -0.08263165
v -0.72846882 -0.77960503 -0.01115270
v -0.65687815 -0.83740499 0.02597301
v -0.66895921 -0.81341174 0.03199617
v -0.66957153 -0.76442781 0.05572365
v -0.66352388 -0.77011944 -0.08980028
v -0.67659069 -0.73617841 0.06709799
v -0.66447990 -0.62826263 -0.07413701
v -0.70412439 -0.61601565 -0.09696607
v -0.67838750 -0.55597444 0.07535255
v -0.64222631 -0.49372295 -0.10492127
v -0.64179467 -0.43266028 0.04337056
v -0.65833879 -0.83376641 -0.06611345
v -0.66641410 -0.72565206 0.06701964
v -0.67360211 -0.71781392 -0.09898266
v -0.66558435 -0.69832079 0.03831764
v -0.67633306 -0.66041786 -0.01124182
v -0.66115912 -0.61548466 0.04387914
v -0.60503012 -0.38079701 -0.04972271
v -0.65786589 -0.71747341 -0.10875840
v -0.63061996 -0.61280279 -0.04557043
v -0.59844568 -0.36221970 -0.02769033
v -0.65420438 -0.77500649 0.04926096
v -0.65433971 -0.75406309 0.05457166
v -0.68166343 -0.70683638 -0.06602718
v -0.67550861 -0.63606618 0.03470635
v -0.61903322 -0.37667623 -0.01975928
v -0.61305028 -0.88602078 0.02779606
v -0.66144100 -0.79251108 0.03837188
v -0.67336786 -0.78455051 -0.07566539
v -0.64837108 -0.78425098 -0.08695453
v -0.61271012 -0.71781498 0.05530872
v -0.62975142 -0.69997877 -0.10870684
v -0.62614042 -0.63764743 -0.01774255
v -0.62386377 -0.50023161 0.07468308
v -0.64575964 -0.43775637 -0.08203635
v -0.64619272 -0.42931625 -0.07570664
v -0.65621761 -0.71104603 0.06589441
v -0.63266081 -0.62669905 -0.02029384
v -0.62588694 -0.58698544 -0.08281547
v -0.58317933 -0.52043703 0.05584781
v -0.59620406 -0.91275674 0.02096803
v -0.60734827 -0.89855653 -0.05963540
v -0.62881916 -0.77332237 0.03782574
v -0.63219648 -0.70496588 0.06771497
v -0.62111784 -0.58968649 -0.07632363
v -0.62754793 -0.56102650 -0.09329779
v -0.62745647 -0.90198870 -0.01953264
v -0.61769950 -0.87643452 -0.06701277
v -0.58831146 -0.89009981 -0.07023920
v -0.61302521 -0.83321402 0.04298656
v -0.61768724 -0.82090386 -0.08339190
v -0.63905058 -0.79064439 0.04604087
v -0.61906219 -0.67744529 -0.10740210
v -0.61428172 -0.67354214 0.06721226
v -0.67564411 -0.72289798 0.06178527
v -0.59547885 -0.43465894 0.05706963
v -0.60538740 -0.82862479 0.04168557
v -0.57707843 -0.82665442 0.02927251
v -0.61887366 -0.77301180 -0.07466455
v -0.61070768 -0.68711318 -0.10764296
v -0.61677900 -0.68342265 0.06867562
v -0.59385546 -0.65584226 0.06723698
v -0.59672489 -0.61393681 -0.03066191
v -0.63844640 -0.65061829 -0.02959616
v -0.61111317 -0.60506459 -0.00953996
v -0.62479865 -0.51206953 -0.11434261
v -0.63654633 -0.51261109 -0.11454576
v -0.57894097 -0.34758185 -0.00991765
v -0.58957868 -0.74178825 -0.07544805
v -0.61411154 -0.71844976 -0.09467149
v -0.61154983 -0.58333288 0.03497117
v -0.60220040 -0.39250797 0.03597904
v -0.60339730 -0.39686907 -0.07948175
v -0.59239540 -0.85528253 -0.08111702
v -0.60974647 -0.82181803 -0.08111965
v -0.59452167 -0.67021085 0.06903295
v -0.60706910 -0.65419430 -0.09640158
v -0.58842622 -0.56465373 -0.07352645
v -0.61281059 -0.50113003 0.07542022
v -0.57240922 -0.84846701 0.03186880
v -0.56804936 -0.71886134 0.03633614
v -0.59870706 -0.66421456 -0.10939246
v -0.60295919 -0.64745904 0.05192265
v -0.58021609 -0.61939570 0.02732675
v -0.56334012 -0.58340171 -0.02793333
v -0.56141662 -0.57878666 -0.01978877
v -0.58008598 -0.54897777 -0.08326337
v -0.60126200 -0.56587478 0.04358466
v -0.58840535 -0.42712028 -0.09603653
v -0.62519682 -0.90166383 -0.01169863
v -0.56077260 -0.95057375 -0.06256252
v -0.56673644 -0.94432304 0.02311212
v -0.57325322 -0.92887167 0.02700733
v -0.56275350 -0.89621982 0.03994328
v -0.55410778 -0.70915529 -0.07417164
v -0.54663976 -0.67128841 0.05213587
v -0.58060102 -0.64981796 -0.11010088
v -0.53515933 -0.59567179 0.05718790
v -0.55655743 -0.55778364 -0.00250411
v -0.54741087 -0.52340215 0.04328868
v -0.56553958 -0.37202064 0.04311416
v -0.55814939 -0.98014205 -0.02848614
v -0.56509392 -0.88485490 0.04108689
v -0.57692322 -0.86547778 -0.07971325
v -0.57825735 -0.83280739 -0.07012104
v -0.57607663 -0.80555408 -0.06845336
v -0.59314519 -0.74578618 0.03516805
v -0.57687089 -0.65526038 0.06965754
v -0.56877191 -0.62337320 -0.09708365
v -0.57111175 -0.57235717 -0.03013262
v -0.57085660 -0.57735924 -0.01924839
v -0.56121530 -0.50553704 -0.09450879
v -0.54677109 -0.97275180 -0.05862518
v -0.59807687 -0.89907756 -0.06637616
v -0.56700582 -0.88806344 -0.07979159
v -0.55099394 -0.80500750 -0.06848086
v -0.55944055 -0.75862975 0.03303014
v -0.56200814 -0.68004812 -0.09476265
v -0.56094998 -0.63479582 -0.11080493
v -0.56551280 -0.64104093 0.06979354
v -0.56033841 -0.60291705 -0.06881447
v -0.55095966 -0.57340091 -0.00789394
v -0.54536616 -0.52244781 -0.08304656
v -0.56296109 -0.36307681 -0.07886704
v -0.56268934 -0.97648418 -0.01973222
v -0.55707957 -0.97275456 0.00142271
v -0.54540435 -0.97701197 0.01767846
v -0.54810361 -0.96145961 0.02479147
v -0.53635827 -0.88146797 0.02800389
v -0.54397717 -0.82750243 0.02952279
v -0.55714120 -0.79048104 0.03160380
v -0.55937372 -0.77454843 -0.07123902
v -0.55590955 -0.62160240 0.06786003
v -0.53501566 -0.59670944 -0.10270247
v -0.55965329 -0.57056173 -0.01744711
v -0.56472988 -0.45797791 0.07625803
v -0.54565383 -0.99293062 -0.02066942
v -0.54376253 -0.94282981 -0.06838214
v -0.56308374 -0.92075920 0.03087184
v -0.54966342 -0.91210295 -0.07869929
v -0.54205143 -0.91374245 -0.07865291
v -0.54649754 -0.72160886 0.03235049
v -0.54117966 -0.61527073 -0.11137285
v -0.53214564 -0.61482924 0.07215700
v -0.54273221 -0.55002301 -0.03131364
v -0.57018196 -0.45601060 -0.11424016
v -0.54018770 -0.38965522 0.05645040
v -0.53781784 -0.98435604 0.01100172
v -0.54017584 -0.97515066 -0.06078848
v -0.52106373 -0.94324927 -0.07884067
v -0.52285425 -0.91046080 -0.06888104
v -0.54611090 -0.76276237 -0.05935156
v -0.54050312 -0.76113876 0.01300382
v -0.52618053 -0.72365213 0.01180561
v -0.54179597 -0.72357163 -0.06961903
v -0.51975823 -0.63324071 -0.09968080
v -0.55100196 -0.63486824 0.06938611
v -0.55306796 -0.56419858 -0.02267328
v -0.53788841 -0.56274140 -0.03433251
v -0.53994495 -0.55758617 -0.01224030
v -0.56252917 -0.54485723 0.03471199
v -0.51317181 -0.52518424 -0.03618592
v -0.51372720 -0.50643585 0.03557644
v -0.53876844 -0.98365497 -0.05029801
v -0.51312423 -0.97047762 -0.06762276
v -0.54426032 -0.86714342 -0.06789240
v -0.51999430 -0.87042581 0.02820332
v -0.53956181 -0.83326146 -0.06775287
v -0.52211901 -0.80700529 -0.01576731
v -0.53241229 -0.55443179 -0.03157040
v -0.53075619 -0.54566299 -0.03055803
v -0.51276957 -0.50346979 -0.07516740
v -0.54283255 -0.44046955 0.07679107
v -0.52645766 -0.33721461 -0.08114085
v -0.53793360 -0.97555825 0.02098972
v -0.52102120 -0.97063941 0.02789177
v -0.52244537 -0.94857389 0.03855837
v -0.51765925 -0.85701609 0.01843703
v -0.54034525 -0.80493595 0.01648445
v -0.52478769 -0.78226366 -0.02098402
v -0.52248273 -0.75373911 -0.01705436
v -0.52209800 -0.69223108 0.03005526
v -0.52390518 -0.67700516 -0.07350007
v -0.51538291 -0.59264291 -0.10963614
v -0.53042997 -0.55402319 -0.00712805
v -0.47566938 -0.52826527 0.03489471
v -0.53066582 -0.54613009 -0.01040372
v -0.50534262 -0.44606624 0.06081580
v -0.55546952 -0.45339508 -0.11508908
v -0.52806181 -0.42853224 0.07589393
v -0.51958923 -0.36962101 -0.09504370
v -0.53015130 -0.93066879 0.04051383
v -0.51073499 -0.91787313 0.02855370
v -0.47489774 -0.92609996 -0.06677617
v -0.52030761 -0.85379056 -0.05920946
v -0.52314254 -0.74361661 -0.03059635
v -0.49958829 -0.61704841 0.05825763
v -0.48245662 -0.55755759 0.06518250
v -0.52675962 -0.30448042 -0.02714472
v -0.50580889 -0.98242511 -0.05799307
v -0.51759808 -0.87286726 -0.06659788
v -0.49567474 -0.88729601 -0.05888395
v -0.50636634 -0.84666976 -0.01711806
v -0.50650880 -0.68177584 0.02693367
v -0.51684002 -0.69014787 -0.06793555
v -0.51943712 -0.60519500 -0.11182602
v -0.51899383 -0.60279817 0.07113210
v -0.52435796 -0.59613897 0.06878331
v -0.53894837 -0.54579533 -0.00411641
v -0.50762709 -0.49090523 -0.08266143
v -0.48889725 -0.40330303 0.07370688
v -0.50293892 -0.41682463 0.07295020
v -0.50615779 -0.40369568 0.07367932
v -0.49318952 -0.30386311 -0.07500099
v -0.52021452 -0.32634379 0.03567928
v -0.51453194 -1.00317344 -0.01446234
v -0.51120348 -0.95208745 0.03952028
v -0.50689438 -0.94928452 -0.07722241
v -0.52247518 -0.82241960 -0.03343705
v -0.49068473 -0.86768248 -0.02012737
v -0.50638700 -0.72316251 -0.02008825
v -0.51385954 -0.66678393 0.03463333
v -0.48137442 -0.63795596 0.03350424
v -0.50421957 -0.58240188 -0.10930495
v -0.49133965 -0.48642659 -0.07423306
v -0.46480839 -0.36971579 0.07345335
v -0.49618900 -0.31570285 -0.08206449
v -0.50259285 -0.99911001 -0.03322907
v -0.50418679 -0.97884821 0.02365941
v -0.49056791 -0.95510240 -0.07358229
v -0.49081215 -0.88675358 0.01324567
v -0.47521491 -0.68913764 -0.01973943
v -0.49461653 -0.52166173 -0.03556510
v -0.49515074 -0.51544521 -0.03392949
v -0.50121968 -0.52651350 -0.00708940
v -0.48986273 -0.47686494 0.04406714
v -0.49728144 -0.40194965 -0.11582198
v -0.51360357 -0.32978854 0.04284712
v -0.47635832 -0.99177661 -0.03303268
v -0.47028250 -0.94088940 0.02881930
v -0.49146796 -0.57661588 0.06910614
v -0.48139821 -0.56770776 -0.10990655
v -0.48674407 -0.50705328 -0.03622908
v -0.48325298 -0.49912579 -0.04213340
v -0.48155986 -0.50067170 -0.00258185
v -0.48416805 -0.39248600 0.07525978
v -0.47160129 -0.97306973 -0.05218366
v -0.46194384 -0.93960368 -0.05849521
v -0.47719233 -0.65934759 -0.06535474
v -0.47636144 -0.66596570 0.01683882
v -0.48155631 -0.63658432 -0.07318876
v -0.47909024 -0.51027938 -0.03979279
v -0.47781584 -0.49122102 0.00601958
v -0.42356428 -0.30029360 0.05847939
v -0.47860336 -0.91550978 0.02580975
v -0.45169367 -0.91175088 -0.02146860
v -0.45747857 -0.91679899 0.00401649
v -0.46329374 -0.62605558 0.03207796
v -0.47682688 -0.56566535 0.06853680
v -0.46541345 -0.55252997 -0.10947143
v -0.43708414 -0.51146323 0.05884856
v -0.50083167 -0.56349650 -0.09747770
v -0.44248454 -0.49172461 -0.06048571
v -0.47115845 -0.50241246 -0.00241642
v -0.46679196 -0.46802446 0.03494985
v -0.46370485 -0.25573839 -0.03081724
v -0.46850928 -0.25506967 -0.01971246
v -0.45707289 -0.97986642 -0.02331129
v -0.47756649 -0.99486437 -0.00966119
v -0.45823946 -0.92772789 -0.05347780
v -0.44922010 -0.64770923 -0.06064971
v -0.44422619 -0.48380826 0.00351307
v -0.47524349 -0.49836976 -0.03690680
v -0.44779105 -0.47111546 0.00200839
v -0.47223023 -0.38491762 0.07526700
v -0.44992732 -0.26773594 -0.07218427
v -0.45451265 -0.27306863 0.03602474
v -0.46393872 -0.25495763 -0.01066246
v -0.46039149 -0.25076113 -0.01894849
v -0.46678111 -0.97693155 0.00772005
v -0.44069864 -0.60117318 0.03617662
v -0.44421868 -0.59137491 0.04174587
v -0.45897002 -0.57756462 0.05813217
v -0.44740502 -0.48244666 -0.03933810
v -0.45944829 -0.48702511 -0.00479627
v -0.44980995 -0.47504775 -0.03870456
v -0.44388742 -0.46760255 -0.04303366
v -0.42437900 -0.43405278 -0.07362604
v -0.44868445 -0.26128128 0.01530473
v -0.44643998 -0.95296434 -0.01161784
v -0.44966611 -0.95802394 -0.03271241
v -0.43358152 -0.66660933 -0.02001097
v -0.45914037 -0.63828330 -0.06725594
v -0.46297983 -0.64741604 0.02713423
v -0.44655391 -0.51848065 -0.09846877
v -0.43751862 -0.47387131 -0.00270134
v -0.46698586 -0.45869174 -0.08330424
v -0.45048970 -0.41120505 -0.09572259
v -0.44662241 -0.36210956 0.07607250
v -0.44095311 -0.27704962 0.04500978
v -0.44595319 -0.27504518 -0.08169376
v -0.44092434 -0.26982055 0.03626976
v -0.44184581 -0.26742597 -0.07076451
v -0.45246307 -0.25366776 -0.02361453
v -0.44011474 -0.21198833 0.00382041
v -0.44316970 -0.59052671 -0.08179012
v -0.44135183 -0.52636864 -0.10780307
v -0.42196395 -0.51013400 0.06710794
v -0.43586038 -0.47586811 -0.04048633
v -0.43270014 -0.46714672 -0.03525397
v -0.45157413 -0.36400643 -0.11650655
v -0.43438463 -0.22412450 0.01839216
v -0.42511963 -0.66006274 -0.00866991
v -0.43131926 -0.63732816 0.02644866
v -0.41513556 -0.51941716 0.06572636
v -0.42412305 -0.51141999 -0.10714675
v -0.42977844 -0.34804337 0.07554301
v -0.41038407 -0.29954577 -0.09718883
v -0.42496390 -0.28992419 -0.09337757
v -0.41029541 -0.28504026 -0.02057152
v -0.43292428 -0.22063880 -0.06834267
v -0.42766850 -0.21467646 0.02800510
v -0.44493883 -0.20448782 -0.02071931
v -0.40630362 -0.62908089 -0.06676217
v -0.42133339 -0.48339393 0.03478275
v -0.42200712 -0.46812970 -0.04378035
v -0.42849066 -0.45894727 -0.03697033
v -0.44502548 -0.44530985 0.04209570
v -0.41014350 -0.41818945 -0.07963736
v -0.41637851 -0.34573285 0.07323695
v -0.42570337 -0.27850769 -0.05929855
v -0.43755080 -0.22858725 -0.01472712
v -0.42318720 -0.23543712 -0.07479420
v -0.42636498 -0.22518307 0.03843702
v -0.44267784 -0.21333489 -0.03991642
v -0.41266285 -0.64102650 -0.05812000
v -0.41040747 -0.60165268 0.03237868
v -0.43477659 -0.58709927 0.03998772
v -0.41790479 -0.45754103 -0.03327901
v -0.42774096 -0.45780538 -0.00321958
v -0.41169528 -0.31064036 -0.10713037
v -0.41635342 -0.29539769 0.05419150
v -0.40451869 -0.29443138 -0.03617081
v -0.41152819 -0.26176647 -0.05233948
v -0.41335573 -0.24379366 -0.08665312
v -0.41903926 -0.23746227 0.04368572
v -0.40196888 -0.24532379 0.05596157
v -0.42054417 -0.22792308 -0.08195975
v -0.41634582 -0.19795142 -0.00792746
v -0.41904515 -0.19473374 -0.01799753
v -0.40466564 -0.60820040 -0.06927884
v -0.40232358 -0.58251161 0.02375092
v -0.41852549 -0.58473355 -0.07554861
v -0.41380097 -0.58096244 0.03542217
v -0.40840543 -0.55198845 0.04432987
v -0.43534606 -0.56350758 -0.09356989
v -0.42497773 -0.52631092 -0.10662046
v -0.39490320 -0.47949512 0.06293336
v -0.42176803 -0.46254101 -0.00340326
v -0.39067904 -0.32149141 -0.11160151
v -0.40702192 -0.27822167 -0.02029120
v -0.41078344 -0.27261598 -0.01626583
v -0.40583350 -0.24539934 -0.09388079
v -0.39749626 -0.21004996 -0.07350722
v -0.38294204 -0.62930340 -0.06658101
v -0.40495553 -0.57956194 -0.06727786
v -0.39602122 -0.54447346 -0.08144069
v -0.38910133 -0.48998724 0.06850531
v -0.40094481 -0.48314685 -0.10001982
v -0.39303273 -0.44050653 -0.02841680
v -0.39519628 -0.44272109 -0.01030417
v -0.39628770 -0.43461058 -0.03262129
v -0.41947487 -0.38702338 0.05526613
v -0.40451224 -0.33083972 -0.11601181
v -0.40035042 -0.32678970 0.07605548
v -0.39714228 -0.28813574 -0.00765334
v -0.39697385 -0.28680232 -0.03308910
v -0.38549470 -0.27730016 0.05837589
v -0.40279996 -0.25531307 0.05698634
v -0.40405181 -0.25660158 -0.09196378
v -0.40592419 -0.20560092 -0.06537063
v -0.36974152 -0.64291904 -0.06102831
v -0.38910232 -0.58757083 -0.04224091
v -0.38639495 -0.48640852 -0.10827319
v -0.38605782 -0.47116998 0.05686074
v -0.38911202 -0.47261049 -0.09663913
v -0.40377838 -0.45829122 0.00616569
v -0.38872141 -0.44496904 -0.03283921
v -0.39794325 -0.43512339 -0.00683854
v -0.38277286 -0.43711610 -0.01892679
v -0.39407663 -0.40498919 0.04077237
v -0.39902224 -0.31367543 0.06923731
v -0.38117422 -0.31052626 -0.01032324
v -0.38962769 -0.29611162 -0.03164425
v -0.39130100 -0.27352260 -0.09423774
v -0.38738055 -0.26397256 0.06978633
v -0.37355114 -0.23913051 0.05732208
v -0.41436967 -0.19803446 -0.03702475
v -0.39887552 -0.66222320 -0.02037796
v -0.37821393 -0.64385938 0.01913648
v -0.39060631 -0.63107506 0.02781459
v -0.37987958 -0.61619285 -0.06035977
v -0.37424803 -0.58970760 -0.02619720
v -0.37877507 -0.58723349 -0.00829416
v -0.38899789 -0.56264178 -0.07223593
v -0.38022700 -0.55574610 0.03339136
v -0.37180073 -0.52814348 0.04180151
v -0.38240238 -0.51932057 -0.09035062
v -0.38048742 -0.34088206 0.06307177
v -0.38419855 -0.33077933 0.06575827
v -0.40276717 -0.29501933 -0.00274776
v -0.38032395 -0.31704219 -0.00448785
v -0.39515728 -0.30296205 -0.03584172
v -0.37045066 -0.28980889 -0.10262114
v -0.38057128 -0.18689164 -0.07006557
v -0.35950372 -0.67143395 -0.02068644
v -0.38652415 -0.61848831 0.02499831
v -0.37526581 -0.59316948 -0.00981758
v -0.38206169 -0.50487979 0.05662589
v -0.37884923 -0.47655085 0.06241239
v -0.37855210 -0.46972749 -0.09729715
v -0.36714325 -0.46033757 0.04889070
v -0.36932800 -0.44505280 0.01496459
v -0.36451336 -0.37003546 -0.08399093
v -0.37157627 -0.34190704 -0.09343045
v -0.37643325 -0.33590816 0.04911779
v -0.37517801 -0.31647103 -0.02858990
v -0.36780866 -0.27946062 0.06591083
v -0.38983549 -0.25913653 -0.10680198
v -0.35534089 -0.62070536 0.02706182
v -0.37313653 -0.58617106 -0.01084008
v -0.36405112 -0.56903420 -0.05986590
v -0.37247640 -0.56263344 0.02818009
v -0.37765665 -0.55196672 -0.07530417
v -0.35790628 -0.51931214 0.03435955
v -0.37005778 -0.47527252 -0.09443769
v -0.36781742 -0.45467405 -0.08157380
v -0.35822230 -0.44321096 -0.05618681
v -0.37824024 -0.42691581 -0.01997932
v -0.36042464 -0.36444440 0.04746805
v -0.36462840 -0.35141704 0.04684122
v -0.37302976 -0.32773355 -0.03568712
v -0.37072252 -0.32201440 -0.01899760
v -0.37329210 -0.30998508 -0.00425019
v -0.38404335 -0.27396723 -0.11030510
v -0.36286148 -0.25319378 0.06335793
v -0.37379918 -0.24265180 -0.09798731
v -0.35406280 -0.23738345 0.06642771
v -0.36226204 -0.20011415 0.04695874
v -0.40134429 -0.20683872 0.03114495
v -0.35773509 -0.14004728 -0.02813352
v -0.35587483 -0.62551930 -0.06699169
v -0.36279336 -0.59745651 0.00185708
v -0.34578216 -0.56081269 -0.07846723
v -0.35752502 -0.44850154 0.02255638
v -0.35206812 -0.43430848 -0.02976755
v -0.35346377 -0.43193098 -0.01419111
v -0.35056391 -0.38533618 -0.05341412
v -0.35299838 -0.37377410 -0.07573290
v -0.34717828 -0.36889698 -0.06085127
v -0.36619536 -0.31479498 -0.03530828
v -0.36050473 -0.29583734 0.05698592
v -0.36281350 -0.25409137 -0.10364431
v -0.36727796 -0.21150384 -0.08853690
v -0.33402916 -0.65973439 0.02245699
v -0.35841231 -0.59507532 -0.04638719
v -0.34509546 -0.57730888 0.03029239
v -0.33066139 -0.56999869 0.03964629
v -0.36959673 -0.52790312 -0.07914744
v -0.34284627 -0.49144583 0.02586769
v -0.35221240 -0.46978398 0.03435544
v -0.35744314 -0.47094562 -0.08109676
v -0.34932500 -0.45407094 0.00345555
v -0.34959878 -0.40175757 -0.02104862
v -0.34866524 -0.36993618 0.03487100
v -0.35089771 -0.36538505 -0.07398777
v -0.35064163 -0.27320578 0.05569666
v -0.35274865 -0.23831664 -0.10646750
v -0.34840412 -0.15286491 -0.06562249
v -0.35920430 -0.13847060 -0.01623378
v -0.35332576 -0.12937259 -0.00908854
v -0.35230726 -0.13013657 -0.03537550
v -0.35272050 -0.09570025 -0.01918776
v -0.36039383 -0.61336454 -0.05939024
v -0.33920383 -0.60417584 -0.06850219
v -0.34299168 -0.48955746 -0.06553816
v -0.34371520 -0.47777627 0.01688813
v -0.34261682 -0.46010278 -0.02840017
v -0.34654408 -0.44227376 -0.01542831
v -0.34401327 -0.38239910 0.00629165
v -0.34210552 -0.38435984 -0.02361623
v -0.34879597 -0.35810516 -0.00913874
v -0.35802518 -0.32574208 -0.01767638
v -0.35088270 -0.31068415 -0.08165405
v -0.33573809 -0.31577146 -0.08015931
v -0.33967277 -0.32158656 0.02815424
v -0.34548204 -0.31231983 0.04337614
v -0.34902416 -0.30191112 -0.09192487
v -0.34318100 -0.30028467 0.05073739
v -0.34371076 -0.26339066 0.05304244
v -0.33601716 -0.21536688 0.07601338
v -0.33705784 -0.15147231 -0.07711792
v -0.32900245 -0.10976955 -0.07354992
v -0.34458293 -0.09519879 -0.04483809
v -0.34122843 -0.09206862 0.00451751
v -0.34606389 -0.08639766 -0.01634106
v -0.32730595 -0.59129822 -0.07563519
v -0.32174123 -0.51990904 0.02316442
v -0.34130671 -0.46005289 -0.01737049
v -0.33094968 -0.32527390 -0.06248110
v -0.33339287 -0.30995140 0.04369758
v -0.34810869 -0.25071412 -0.10207452
v -0.32846349 -0.20181795 -0.11636219
v -0.33348581 -0.17020589 -0.08518842
v -0.35451949 -0.16352230 0.03291515
v -0.34013538 -0.10947706 0.02187993
v -0.33141025 -0.68931079 -0.02031591
v -0.33520737 -0.64810074 0.02718954
v -0.33959420 -0.60476225 0.03086886
v -0.32128226 -0.56041059 -0.06874974
v -0.32370811 -0.52689969 -0.06464626
v -0.32835001 -0.50798178 -0.05949788
v -0.32970850 -0.33170758 -0.02947866
v -0.32429512 -0.29442058 -0.07230055
v -0.32540841 -0.28906142 0.03656569
v -0.32036144 -0.22655451 -0.11417831
v -0.32961957 -0.21405596 -0.11882240
v -0.32716234 -0.19983051 0.07661878
v -0.33927967 -0.14357809 0.03230016
v -0.32178406 -0.10700686 0.03545527
v -0.33198636 -0.65888253 -0.06341654
v -0.32920614 -0.57344010 -0.07815533
v -0.32340223 -0.33077485 -0.00403210
v -0.32444552 -0.32258803 0.02300488
v -0.31748349 -0.29787583 -0.05587598
v -0.32210569 -0.29442056 0.02982783
v -0.34653635 -0.26718087 -0.09220857
v -0.30852005 -0.71360113 -0.02117314
v -0.31309335 -0.67911940 0.02087886
v -0.30748667 -0.64425759 -0.06726538
v -0.31864159 -0.32253104 -0.05504780
v -0.31332778 -0.32913525 -0.03295349
v -0.31704415 -0.30629958 0.00357329
v -0.32198789 -0.23265834 0.06889304
v -0.31366749 -0.20875548 0.07965491
v -0.31113950 -0.19933494 -0.11791272
v -0.33276951 -0.17251545 0.04705967
v -0.31216116 -0.15181818 0.04640436
v -0.30969830 -0.08519826 -0.05102204
v -0.30708743 -0.64365053 0.02932835
v -0.32375520 -0.58815508 0.03816726
v -0.29755406 -0.61240098 -0.07772748
v -0.30177590 -0.55103942 0.02279846
v -0.31256569 -0.50423127 -0.02771136
v -0.31002035 -0.30919935 -0.01193030
v -0.32142717 -0.28603649 -0.07480917
v -0.30188518 -0.24896773 0.04529118
v -0.31523069 -0.07474555 -0.02143700
v -0.31423640 -0.07699367 -0.00415912
v -0.30939236 -0.67915174 -0.06308592
v -0.29288272 -0.69364622 0.02801609
v -0.28777036 -0.63667612 0.03941952
v -0.30477688 -0.51286184 -0.01971239
v -0.30605876 -0.51471275 -0.01141852
v -0.31013942 -0.30896961 -0.03028477
v -0.30562717 -0.30788569 -0.01987797
v -0.28856636 -0.26689814 -0.06708981
v -0.30000119 -0.22460006 0.06256320
v -0.30631133 -0.21524182 -0.11524468
v -0.29809549 -0.19181299 0.07164515
v -0.29822533 -0.19046799 -0.11065423
v -0.29427907 -0.09999590 -0.07578349
v -0.30016494 -0.09622160 0.03138977
v -0.28848675 -0.06193014 -0.05715610
v -0.29745453 -0.60932068 0.03761330
v -0.31312062 -0.56580512 0.02862938
v -0.26868033 -0.59808415 0.02242826
v -0.30171307 -0.54599956 -0.05780043
v -0.25934327 -0.26534166 -0.02749709
v -0.28109859 -0.25280347 0.03589683
v -0.29040402 -0.23738470 -0.08415797
v -0.28983073 -0.05383563 0.00838490
v -0.29463184 -0.04161664 -0.02287929
v -0.27358216 -0.73650636 0.01780809
v -0.27731406 -0.72661352 -0.06424758
v -0.28441396 -0.71459285 0.02533670
v -0.27966640 -0.68600856 -0.06832013
v -0.28117236 -0.64750991 -0.07837816
v -0.26894440 -0.62581794 -0.06682753
v -0.27755349 -0.21103583 -0.08998851
v -0.28116083 -0.17303370 0.06923056
v -0.28303931 -0.07939547 0.03328379
v -0.28043714 -0.75001609 -0.01967911
v -0.26336103 -0.67033220 0.04106278
v -0.27030985 -0.62549518 0.02827805
v -0.29236362 -0.57066694 -0.06356588
v -0.25148989 -0.76220045 -0.02847872
v -0.26080667 -0.73793515 0.02429834
v -0.26236556 -0.73774831 -0.06241108
v -0.26761060 -0.65012021 -0.07693359
v -0.27512898 -0.64748664 0.03961343
v -0.27051837 -0.59223207 -0.06011369
v -0.25312329 -0.58745684 -0.01961149
v -0.27831310 -0.25918607 0.02768190
v -0.27815282 -0.21402722 0.05107001
v -0.22562707 -0.17416958 -0.08666762
v -0.27275911 -0.16952106 -0.10913828
v -0.26765666 -0.15976623 0.06776027
v -0.28478524 -0.12780268 0.04758378
v -0.26033838 -0.06915892 0.03377536
v -0.24898877 -0.73552825 -0.06806843
v -0.24521734 -0.66185528 -0.06709388
v -0.23868084 -0.67317495 0.02851704
v -0.23831076 -0.63986288 0.02176765
v -0.25209024 -0.15773974 -0.10764432
v -0.26698167 -0.17208610 0.06810442
v -0.25867006 -0.15228281 -0.10761136
v -0.24814268 -0.73077493 0.03109337
v -0.23607291 -0.71757823 -0.07520152
v -0.25738615 -0.68226200 -0.07978456
v -0.23954850 -0.63841893 -0.06213739
v -0.24972096 -0.59548424 -0.01079711
v -0.24590139 -0.22244053 -0.07460947
v -0.28699235 -0.12585904 -0.08521716
v -0.25221617 -0.06960566 -0.07617827
v -0.26082573 -0.06110007 -0.06492170
v -0.27071275 -0.04045865 -0.01694765
v -0.24895830 -0.76164704 -0.01005454
v -0.23795996 -0.22432249 -0.06771507
v -0.22225972 -0.16884093 0.04887439
v -0.24977666 -0.59536708 -0.02748222
v -0.23425971 -0.21496297 0.03495668
v -0.22590036 -0.12872275 0.06800352
v -0.26960854 -0.04182688 -0.02828396
v -0.22501559 -0.76326335 -0.02793434
v -0.23586956 -0.71220998 0.03957029
v -0.21540125 -0.67137090 0.02289987
v -0.22130545 -0.63403056 -0.02761592
v -0.23527845 -0.22421805 0.02760315
v -0.23254919 -0.08385714 0.04602332
v -0.22916239 -0.04719717 0.03541898
v -0.22291713 -0.03371437 -0.06783362
v -0.26631179 -0.04355171 -0.00585806
v -0.20633104 -0.73484007 -0.05251758
v -0.21328294 -0.70056517 -0.07007912
v -0.20495734 -0.02823203 -0.07456541
v -0.21647429 -0.75315964 0.00383406
v -0.21343562 -0.64101355 -0.01646642
v -0.24697474 -0.25535895 -0.01161250
v -0.18726232 -0.00478716 0.02760392
v -0.20095531 -0.75337364 -0.02677770
v -0.19926917 -0.68924010 -0.06155005
v -0.19175891 -0.67411039 -0.03037052
v -0.19173004 -0.17916537 0.03539972
v -0.15390970 0.04929559 -0.02097619
v -0.19180872 -0.72722645 0.00677052
v -0.19349585 -0.72405492 -0.04714760
v -0.18403256 -0.68499124 -0.00892128
v -0.20479224 -0.69737960 0.02701047
v -0.19187567 -0.21338562 -0.01763997
v -0.18911866 -0.17690921 -0.07458003
v -0.17926201 -0.09852944 0.06620853
v -0.18275037 -0.08916476 0.06602889
v -0.19637239 -0.06183204 -0.08871790
v -0.18329434 -0.01050046 0.03570078
v -0.19590625 0.01385585 -0.02835747
v -0.17876505 -0.17618866 -0.06749226
v -0.18050703 -0.72514158 -0.02201150
v -0.18461561 -0.69429825 -0.03689536
v -0.19375778 -0.21239866 -0.02757104
v -0.18575324 -0.18324873 0.02734720
v -0.15598920 0.04447625 -0.00834952
v -0.18357788 0.56476239 -0.02065860
v -0.17412319 0.59435686 -0.03276296
v -0.17800566 0.61058523 -0.01871601
v -0.20943077 -0.11852948 -0.10849116
v -0.16562991 0.62817932 -0.03556404
v -0.16834907 0.65239071 -0.01885594
v -0.16263347 -0.11963905 0.04805674
v -0.17070423 -0.08527049 -0.10819985
v -0.15744865 -0.07582015 0.06780574
v -0.17442103 -0.04428076 0.04933716
v -0.16250829 0.00540473 -0.07481154
v -0.17297360 0.00756814 -0.06563362
v -0.16964223 0.44200361 -0.01927703
v -0.17202239 0.49848154 -0.00218189
v -0.18226690 0.50071912 -0.02014855
v -0.17214732 0.54387253 -0.04252681
v -0.16392554 0.57568641 0.01757933
v -0.15702851 0.65692677 -0.00244993
v -0.12499000 -0.09817319 -0.08300043
v -0.14537935 0.04338973 -0.04336178
v -0.15531416 0.42891986 -0.00348139
v -0.15195770 0.69685341 -0.01864274
v -0.13028861 -0.05069510 -0.10772753
v -0.13333407 -0.04632835 0.06552095
v -0.14911417 0.02757328 -0.06668083
v -0.13849560 0.03493893 0.02790942
v -0.14278074 0.09835647 0.00200284
v -0.14975003 0.11511052 -0.02424048
v -0.13948798 0.46936594 0.04534079
v -0.14714279 0.53359010 0.04747609
v -0.14649396 0.56233187 -0.08517675
v -0.14216615 0.60196704 0.04557026
v -0.13795697 0.61538385 -0.08588892
v -0.13618553 -0.16573787 -0.02750295
v -0.13475281 -0.06466435 0.06360829
v -0.14925828 -0.06361559 0.06722092
v -0.13390274 0.02863247 0.03634652
v -0.13568608 0.03145001 -0.07256644
v -0.13794870 0.04708985 -0.02653344
v -0.14658932 0.05203426 -0.01415034
v -0.13322958 0.09648181 -0.07812015
v -0.14375917 0.10294905 -0.05202944
v -0.14917593 0.11668262 -0.01738635
v -0.14288951 0.37669877 -0.02011806
v -0.12769285 0.39182365 0.02037995
v -0.11772193 0.40130777 -0.08201711
v -0.14654649 0.50151924 -0.08315955
v -0.13304229 0.44835491 -0.08508855
v -0.13690067 0.49439402 -0.09003828
v -0.13656826 0.72592457 -0.01898554
v -0.13843447 -0.13841530 0.03310512
v -0.12025374 -0.04705192 0.06621791
v -0.11767107 0.00708058 -0.08922587
v -0.12111117 0.00529358 0.04904379
v -0.12932313 0.03381710 0.02311883
v -0.14975222 0.10702444 -0.03038044
v -0.13371425 0.09159150 0.04020875
v -0.12968021 0.08636923 -0.08213952
v -0.06126040 0.18871189 -0.02829022
v -0.13464324 0.38172528 -0.03536133
v -0.12924358 0.46715875 -0.09018917
v -0.12970509 0.46289218 0.05135804
v -0.13743956 0.57242107 -0.08994078
v -0.12888105 0.62045306 -0.09008623
v -0.13355371 0.60940354 0.05135375
v -0.14749163 0.68459841 -0.03330622
v -0.13953218 0.70026440 -0.00543530
v -0.13677852 0.70962880 -0.03142873
v -0.11303563 0.01292356 -0.08377171
v -0.12510434 0.02950658 -0.06681646
v -0.12822078 0.09278054 0.04840780
v -0.12674650 0.10267965 0.04031153
v -0.11969498 0.34298859 -0.01941135
v -0.11241149 0.39864375 0.04974819
v -0.12913671 0.43882790 0.04741865
v -0.13721880 0.50129485 0.05168276
v -0.12589840 0.66160856 -0.08304289
v -0.11200519 0.74247257 -0.00495573
v -0.11769578 0.73863066 -0.03218767
v -0.11568167 0.74845526 -0.01180909
v -0.11768638 0.07024636 0.04381212
v -0.11125005 0.10514005 0.05031364
v -0.14477504 0.10781975 0.00458694
v -0.12618232 0.36721638 -0.00424982
v -0.11943315 0.42898116 0.05162577
v -0.12446539 0.65954884 0.04669119
v -0.09831208 0.71193563 0.04480128
v -0.12900348 -0.16217996 -0.01981198
v -0.10388374 -0.02986994 -0.10681371
v -0.10184249 -0.00936447 0.06206804
v -0.11887071 0.01926950 0.04173078
v -0.11532284 0.05677091 -0.02376869
v -0.09399430 0.04246589 -0.09329059
v -0.12273606 0.08901205 -0.08974494
v -0.10636880 0.35191021 -0.05275024
v -0.10686673 0.38642182 -0.08593333
v -0.11475381 0.41618375 -0.08979023
v -0.11813115 0.65700254 -0.08978255
v -0.10574649 0.68153646 -0.08991893
v -0.10713450 0.69529776 0.04639075
v -0.10437012 0.69905241 -0.08416883
v -0.10608625 0.76892395 -0.01989741
v -0.10939839 -0.03192964 0.06699640
v -0.09466369 -0.01812759 0.06625119
v -0.10137725 -0.00763285 -0.10030009
v -0.10295874 0.00198153 -0.08983832
v -0.08291320 0.01018764 -0.01997974
v -0.10362162 0.04933942 -0.08643882
v -0.10740815 0.10950072 -0.08904893
v -0.10681441 0.34922164 0.00993137
v -0.11057856 0.67212514 0.05139475
v -0.09637020 0.69380420 -0.08995475
v -0.12087966 -0.15228727 -0.01157404
v -0.10985264 -0.12047692 -0.06626362
v -0.09738850 -0.10406106 0.03302000
v -0.08940069 -0.03082029 0.06239083
v -0.09333063 -0.00947638 0.05698635
v -0.10090627 0.00423432 0.02247589
v -0.08602922 -0.01007091 -0.05028961
v -0.07868053 0.01049385 -0.04584306
v -0.09842490 0.04088024 0.04800323
v -0.11304091 0.07257021 0.05096122
v -0.09500034 0.12441675 -0.08834801
v -0.09591579 0.31577057 -0.01985365
v -0.09728754 0.37297687 0.04987498
v -0.08944292 0.72213055 -0.08251083
v -0.10552816 -0.10844692 -0.07343400
v -0.07481724 -0.04425830 -0.09033487
v -0.08561506 -0.01925009 -0.10157049
v -0.07971789 -0.02833723 0.05615974
v -0.08593377 -0.00180968 -0.01673125
v -0.08250909 0.01540556 0.00055300
v -0.08307270 0.02399650 -0.09585977
v -0.08476803 0.03231675 0.05691798
v -0.09382746 0.12200129 0.04988957
v -0.07420747 0.13588693 -0.08980604
v -0.07922618 0.14340824 0.04480544
v -0.08566879 0.35107814 -0.08420321
v -0.08190439 0.34489184 0.04557398
v -0.08753424 0.36613140 -0.08978897
v -0.08620334 0.71281131 -0.08931625
v -0.05341583 0.78259497 0.01995878
v -0.07649454 0.78081976 -0.00385908
v -0.09379759 -0.13395487 -0.02206019
v -0.06325049 -0.06193521 0.04228138
v -0.07140210 -0.03630891 -0.08537546
v -0.05049405 -0.01811776 -0.09040445
v -0.08083405 0.01816491 0.05008930
v -0.06633025 0.08694150 -0.09106714
v -0.07200532 0.13609641 0.05081503
v -0.07503024 0.18012611 -0.01759169
v -0.08949454 0.32057418 -0.00339394
v -0.09182312 -0.10663209 0.02566104
v -0.06377735 -0.04706096 -0.08250637
v -0.06531210 0.00628966 -0.10203684
v -0.06241076 0.32298654 0.04504562
v -0.07021579 0.34079910 0.05160660
v -0.06609695 0.48855960 -0.09061150
v -0.06594936 0.50461225 0.05184775
v -0.06657816 0.50392459 -0.09003360
v -0.06721158 0.57456441 0.05168877
v -0.06730089 0.56920261 -0.09015379
v -0.07196246 0.60751408 -0.09061264
v -0.06728342 0.70688633 -0.09043797
v -0.08826036 0.71186678 0.05129127
v -0.06474446 0.74829168 0.04723239
v -0.08490768 0.77324304 -0.03545210
v -0.05555711 -0.07245540 -0.07150967
v -0.05848938 -0.05832330 -0.07887021
v -0.06880772 -0.04012935 0.04404001
v -0.06539159 0.00610533 0.06284070
v -0.06309577 0.02144023 -0.10353159
v -0.06172076 0.14904941 0.05036133
v -0.06299876 0.15886127 0.04306200
v -0.05020463 0.32357482 0.05158937
v -0.05360413 0.47637608 -0.08668040
v -0.05464713 0.50953203 0.03105209
v -0.06065073 0.51225873 -0.08292292
v -0.05981796 0.55617902 0.03481111
v -0.06064742 0.57229190 -0.08368261
v -0.06348362 0.58905545 -0.09010860
v -0.05888215 0.60905516 -0.09018282
v -0.05782595 0.60839262 0.05176741
v -0.05825177 0.65113468 0.05165353
v -0.03170559 0.76787518 0.05132214
v -0.07392207 0.79986263 -0.02023018
v -0.06576805 0.80222631 -0.01376948
v -0.05602240 -0.05523011 -0.07227748
v -0.05913669 -0.05244845 0.03952009
v -0.05795642 -0.01583692 -0.01716199
v -0.06195875 0.08168901 0.05209774
v -0.05120696 0.15318239 0.05084864
v -0.06027617 0.29293438 -0.03175909
v -0.06582926 0.29209531 -0.01830053
v -0.04299583 0.31309935 -0.08919331
v -0.04727447 0.45415860 -0.08938758
v -0.05319090 0.46405758 0.05193341
v -0.05955239 0.50408647 0.04383589
v -0.04825444 0.47509396 0.03468199
v -0.06135086 0.54940733 -0.07368298
v -0.05118716 0.57099590 -0.06946132
v -0.06091255 0.56686822 0.04332525
v -0.05237774 0.59282106 0.03629491
v -0.05155447 0.60002847 -0.07331011
v -0.05104586 0.62289198 -0.08971629
v -0.04610322 0.62927079 0.05058673
v -0.06381564 0.74315095 -0.08922926
v -0.04491832 0.75146077 -0.09014185
v -0.04490829 0.76275404 -0.08757586
v -0.05248097 0.80200227 -0.03297446
v -0.05334393 0.81534583 -0.02011845
v -0.03972438 -0.07482105 0.00713443
v -0.05094729 -0.06679925 0.03580852
v -0.04578236 -0.06850769 -0.06114833
v -0.03542363 -0.07503432 -0.02329108
v -0.04535237 -0.01521576 -0.09448782
v -0.05370227 -0.01071620 0.05765007
v -0.02897427 0.06465200 0.06210560
v -0.01712977 0.11902082 0.05332981
v -0.01976866 0.23034874 -0.01902663
v -0.04045699 0.30414035 0.04468281
v -0.05702071 0.31528034 -0.08024662
v -0.06147096 0.41855976 -0.09030984
v -0.03163238 0.42690562 -0.08912343
v -0.04099653 0.45338835 -0.07442486
v -0.05367407 0.48839283 -0.07391026
v -0.04837983 0.58918126 0.03155622
v -0.04172793 0.60707923 -0.06946233
v -0.05000727 0.61058807 -0.08325628
v -0.04140150 0.63364791 -0.08700508
v -0.03973786 -0.08438089 -0.03176005
v -0.03428726 -0.08524333 -0.01670436
v -0.04871437 0.03223868 0.06477923
v -0.03763957 0.11689950 0.05131015
v -0.05722327 0.15216437 -0.08984651
v -0.04592308 0.16486413 0.05067565
v -0.06348903 0.15815513 -0.08212834
v 0.00070602 0.28144601 -0.08405122
v -0.03566940 0.43046387 0.05210668
v -0.03961809 0.44952627 0.04342354
v -0.04959271 0.50192170 -0.06943435
v -0.05229268 0.54929888 0.03202746
v -0.04061634 0.62632049 -0.07259122
v -0.04124961 0.62306043 0.03351204
v -0.02905987 0.65030356 0.04444705
v -0.04195436 0.64201839 -0.09006129
v -0.03112361 0.65931365 0.05141713
v -0.02837170 0.81825422 -0.00745380
v -0.02295202 -0.03961941 -0.09021290
v -0.01480323 -0.04661728 0.05078220
v -0.01882268 0.05452531 0.06429669
v -0.03708698 0.05650515 -0.10124529
v -0.02765038 0.17981748 -0.09013723
v -0.01302997 0.29689085 0.05150025
v -0.02735909 0.44580294 0.03149254
v -0.03573541 0.44762431 0.03401479
v -0.03240461 0.62152264 0.03255667
v -0.02528851 0.63849563 -0.06985570
v -0.03363435 0.64264110 -0.08137960
v -0.02511025 0.66923148 -0.09028435
v -0.01857865 0.77613466 -0.08949601
v -0.00219698 0.81659500 0.01420247
v -0.02414533 0.81893680 -0.03352004
v -0.01880074 0.83514021 -0.01993591
v -0.02096339 -0.04921470 0.04198282
v -0.03750303 0.03724390 -0.10393102
v -0.01039696 0.20446980 -0.08537736
v -0.01440914 0.41002399 0.04553720
v -0.00762661 0.40593400 0.03497208
v -0.00368199 0.41089489 0.03129081
v -0.04110724 0.47653028 0.03159862
v -0.03827967 0.46422837 -0.06952326
v -0.01901489 0.65113417 0.03142206
v -0.01195116 0.66576772 -0.07054728
v -0.01708531 0.65019871 -0.06981394
v -0.00251223 0.68902559 0.05131908
v -0.01965173 0.78329410 -0.08393752
v -0.02176975 0.78344020 0.04476073
v 0.00059673 -0.06809103 -0.06963218
v -0.00480860 -0.06622238 0.02777394
v -0.02576049 -0.04471094 -0.08323908
v -0.00976494 0.06269950 -0.10378219
v -0.01787156 0.21046093 0.02282270
v -0.01260525 0.21718495 -0.05953985
v -0.01473750 0.24242707 -0.01369484
v -0.01981215 0.26692367 -0.02051688
v -0.01146153 0.26071047 0.02028421
v -0.01803658 0.28132557 0.01974544
v -0.01836384 0.28197674 -0.05928674
v -0.00518376 0.27972166 0.03489300
v -0.00699456 0.29469464 -0.08943335
v -0.01945935 0.40723437 0.05222122
v -0.00936751 0.57047658 -0.08528362
v -0.01680493 0.66159778 0.03414569
v -0.00863469 -0.06540727 -0.04925557
v 0.00218038 -0.07391782 0.00952826
v -0.00326279 0.13831766 -0.09140062
v -0.02849006 0.18369818 0.04987762
v -0.00225914 0.20531275 -0.08909677
v 0.01171954 0.21956510 0.05106952
v 0.00009623 0.23586708 -0.05892211
v -0.00425209 0.23599292 0.02023639
v 0.01652816 0.27661614 0.05108113
v 0.05315581 0.30193541 0.05137696
v -0.01338156 0.40396341 -0.08884785
v 0.00006237 0.47039517 0.04447979
v 0.01615067 0.52474684 0.05540940
v -0.00184174 0.68105775 0.04500668
v 0.01015719 0.79352610 0.05093302
v 0.02101718 0.82345471 -0.05684082
v 0.00975982 0.83535786 -0.00661081
v 0.01373726 -0.08313426 -0.02431173
v -0.00008968 -0.06056580 -0.08390723
v -0.00341584 -0.06267075 0.04279022
v 0.00318075 0.01039680 0.05190143
v 0.01401569 0.15743114 0.05093673
v -0.00236369 0.25961402 -0.05882098
v 0.00552726 0.26689795 0.03074665
v -0.00608954 0.40227869 -0.07368971
v -0.01851908 0.42892779 -0.06918249
v -0.00339495 0.66563290 0.03196802
v 0.00127313 0.67201048 -0.07016552
v 0.00076780 0.78976196 -0.08802112
v 0.01018311 -0.08036488 -0.00821529
v 0.00981041 -0.04527268 -0.08900939
v 0.01169709 -0.04654102 0.04958721
v 0.01296836 0.08118254 -0.10334480
v -0.03341124 0.10014855 -0.09351342
v 0.01132696 0.21196271 -0.08994560
v 0.00893520 0.24049161 0.02657644
v 0.01874684 0.27010929 -0.08925459
v 0.03018954 0.36570122 -0.08957572
v -0.01196954 0.53024567 -0.08511749
v 0.01608223 0.65657689 0.03928602
v 0.01573033 0.68302409 -0.07060685
v -0.01467054 0.66945196 -0.08430648
v 0.01101615 0.68880415 -0.07411974
v 0.03715423 0.84357559 -0.03363991
v 0.02973019 0.85366418 -0.02007785
v 0.03861785 -0.03495083 0.04101411
v 0.03479595 -0.02460830 0.05081030
v 0.03142212 -0.02997298 -0.08943584
v 0.01948082 0.23504221 -0.08757862
v 0.00875159 0.25597425 -0.06641660
v 0.02507714 0.24227207 0.05219392
v 0.01204835 0.37874829 0.05187863
v 0.02825853 0.41758511 0.04085464
v 0.02371672 0.48240800 -0.09173843
v 0.01233167 0.67909864 0.03216072
v 0.01862188 -0.07826768 -0.01114395
v 0.04850591 -0.01987141 -0.08918643
v 0.01429244 0.08025126 0.06377063
v 0.03047602 0.23752500 -0.09060869
v 0.06122717 0.29666227 -0.09021586
v 0.01141853 0.38491039 0.04590694
v 0.04714583 0.37420630 0.03130869
v 0.01392642 0.66416657 -0.07556951
v 0.03339958 0.70630762 -0.08432034
v 0.02226466 0.69550610 0.03441717
v 0.01638308 0.70354870 -0.09026623
v 0.01831880 0.70193255 0.05132108
v 0.01887335 0.80352606 -0.08264924
v 0.04371332 -0.02843327 -0.08356936
v 0.03786864 0.10539220 -0.10317606
v 0.02849735 0.11430113 0.06246492
v 0.04907458 0.35591557 0.05194151
v 0.04545112 0.54189764 -0.10249391
v 0.02806544 0.59529367 0.05570906
v 0.02969342 0.60693792 -0.09244205
v 0.01924851 0.79605409 -0.08893989
v 0.03967118 0.80467438 -0.08854997
v 0.03552180 0.37079976 -0.08021745
v 0.04025116 0.69682451 0.03309698
v 0.00589103 0.73410553 0.05171949
v 0.04911039 -0.01893272 0.04995097
v 0.06076247 0.15727277 0.05967973
v 0.06421598 0.35130303 -0.08984621
v 0.04013300 0.37049459 0.03413425
v 0.03485912 0.69631618 -0.07086462
v 0.04746209 0.70994393 0.03775705
v 0.05346027 -0.03847070 -0.04967825
v 0.03429723 0.02786039 -0.09018186
v 0.05035177 0.11718857 0.06344232
v 0.08369167 0.16991643 -0.09939993
v 0.04037283 0.19273246 -0.08948342
v 0.04620090 0.19270008 0.05024876
v 0.04067002 0.37640462 -0.06917292
v 0.06893290 0.67437303 -0.08467885
v 0.04193546 0.70710550 -0.07299213
v 0.06071174 0.72262204 0.05037388
v 0.04871421 0.80750558 0.05146027
v 0.04665898 0.84746801 -0.00688566
v 0.07454234 0.00475225 -0.08938489
v 0.04895572 0.04576327 0.05157087
v 0.05102431 0.48842841 0.06090247
v 0.06186619 0.70892428 0.03330219
v 0.08905882 0.81338882 0.05165366
v 0.07506218 -0.00425047 -0.08346378
v 0.09349878 0.08302938 -0.09006740
v 0.06867342 0.13058891 -0.10217145
v 0.07871112 0.14363009 0.06280205
v 0.10455962 0.24303316 0.04878906
v 0.08882436 0.34222883 -0.09081301
v 0.08421113 0.35115091 -0.08332038
v 0.05688990 0.36043164 0.04388675
v 0.09161117 0.43535607 0.05633066
v 0.06810440 0.63586386 0.05637041
v 0.05976866 0.70765297 -0.07132139
v 0.07464934 0.71924349 0.03294787
v 0.05869763 0.72553114 -0.09042948
v 0.06104619 0.72045910 -0.08750329
v 0.09273044 0.72917810 0.04642899
v 0.07946149 0.73484095 -0.09032496
v 0.08344346 0.36103465 -0.06969387
v 0.07699221 0.35681773 0.03444793
v 0.09767658 0.34517833 0.05077856
v 0.07314515 0.57880599 0.06642767
v 0.06861665 0.61917592 -0.09836677
v 0.08889244 0.72697028 -0.08496768
v 0.07992893 0.71859893 -0.07069374
v 0.01662092 0.78237886 -0.08984727
v 0.07394215 0.81832160 -0.08409277
v 0.06545440 -0.04458713 -0.01924736
v 0.09485717 0.01747833 0.04970098
v 0.09874630 0.02227402 -0.08950659
v 0.10671946 0.05212529 0.05150584
v 0.12394438 0.29542266 0.05262952
v 0.08317148 0.36439444 0.03218718
v 0.11128119 0.41662679 -0.09013744
v 0.05095366 0.42901968 -0.08698491
v 0.10522624 0.52312232 0.07132513
v 0.11201371 0.03741280 -0.08968825
v 0.09395231 0.08775009 0.05104143
v 0.08704676 0.55946908 -0.10892917
v 0.13306829 0.55223010 0.07208656
v 0.10204691 0.73463664 -0.08958981
v 0.12059748 0.73134219 -0.08323292
v 0.08125919 0.81162799 -0.09013333
v 0.08155103 0.82140074 0.04364188
v 0.10625617 0.85356678 -0.03489846
v 0.09192425 0.85472144 -0.00694365
v 0.09314626 0.25443137 -0.08783887
v 0.08609297 0.35324991 -0.07413046
v 0.12526518 0.41554209 0.05202320
v 0.11757543 0.49006144 0.06861299
v 0.12708366 0.72182836 0.03355610
v 0.12689365 0.72913014 0.03400590
v 0.08330979 0.86343984 -0.02039992
v 0.08735282 0.00392746 0.04176936
v 0.10130962 0.15870996 -0.10039613
v 0.13654229 0.34109126 -0.09096455
v 0.11413165 0.02669059 -0.08329991
v 0.12772580 0.04224650 -0.08848832
v 0.11313715 0.03342421 0.05056669
v 0.10818215 0.18059954 0.06022006
v 0.08038834 0.22859960 -0.08816520
v 0.12690880 0.29176950 -0.09167153
v 0.11564542 0.72877487 -0.07351587
v 0.14079566 0.19637616 -0.09612554
v 0.10780691 0.35742849 0.03145339
v 0.12348893 0.57754787 -0.11006641
v 0.10113120 0.73569028 0.05177683
v 0.15574705 0.81323562 0.05100648
v 0.12938230 0.85587920 -0.00737226
v 0.13669619 0.04331862 0.04186583
v 0.13388129 0.05079187 0.05069967
v 0.13646687 0.51812644 -0.11139510
v 0.11674682 0.63573014 0.06084753
v 0.14748337 0.02243777 -0.01945183
v 0.14362620 0.12561180 0.04982983
v 0.14977093 0.21376181 0.05601870
v 0.12849654 0.34824070 0.03532056
v 0.11998078 0.35706237 -0.07023197
v 0.14545637 0.44609483 -0.09863765
v 0.09492013 0.48469809 -0.10614476
v 0.16569113 0.73475525 -0.08979480
v 0.14685459 0.81234121 -0.09025339
v 0.12441883 0.82196433 -0.08261426
v 0.13692956 0.82329081 0.04349335
v 0.16139457 0.06157871 0.04473999
v 0.11373292 0.16803993 0.06029788
v 0.13765551 0.34675468 -0.08279915
v 0.13647670 0.34857241 -0.07364507
v 0.16262392 0.35801834 -0.06989851
v 0.13371566 0.68564613 -0.08490457
v 0.14101179 0.85327156 -0.03399033
v 0.13614462 0.86437540 -0.02117139
v 0.16637145 0.07649979 0.05215281
v 0.16598671 0.34332126 -0.09121548
v 0.16673426 0.36514941 -0.07137873
v 0.17848049 0.45270240 -0.09712269
v 0.18675313 0.68752823 -0.08021176
v 0.14045782 0.72162718 -0.07202504
v 0.12263006 0.74383173 -0.09026240
v 0.17570594 0.81441156 -0.08519157
v 0.16642322 0.03276945 -0.01966197
v 0.16094283 0.06295220 -0.08417750
v 0.15542408 0.07028436 -0.08987875
v 0.14893565 0.13161697 -0.08891452
v 0.17110313 0.23891614 0.05326226
v 0.16395948 0.23557346 -0.09247047
v 0.16526656 0.34999834 -0.08465894
v 0.15272204 0.34305868 0.05175012
v 0.16297219 0.35914700 0.03091940
v 0.16509901 0.45165443 0.05981192
v 0.13759406 0.62205351 -0.10251847
v 0.18623045 0.03004177 -0.01975774
v 0.17508707 0.06520421 -0.08329694
v 0.17554129 0.26002627 -0.09224045
v 0.17636102 0.35610501 0.03404596
v 0.16145606 0.58996649 0.06701226
v 0.17929979 0.72048445 -0.07273819
v 0.16333064 0.72874048 -0.08385869
v 0.19634801 0.85540003 -0.01965821
v 0.18574480 0.06344211 0.04485512
v 0.20220016 0.06452074 0.05172870
v 0.22072731 0.31085407 0.05303211
v 0.17584126 0.35553983 -0.07324508
v 0.19701381 0.37001437 -0.07010780
v 0.17994309 0.36514101 0.03152122
v 0.21213020 0.64780778 0.04871964
v 0.15942475 0.65397161 0.05495893
v 0.19396421 0.70936633 -0.07163846
v 0.19421697 0.70889788 0.03306789
v 0.17422154 0.72659137 0.04498291
v 0.19010582 0.06693916 -0.09034885
v 0.23128752 0.25846392 -0.08535642
v 0.19798209 0.36520557 0.03282172
v 0.19907924 0.35584496 0.05202199
v 0.20858130 0.70780337 -0.07125294
v 0.18999699 0.71725376 0.03416480
v 0.15937158 0.73468751 0.05189608
v 0.17661223 0.74939023 -0.09045422
v 0.20845669 0.79582601 0.05159427
v 0.18714093 0.80526673 0.05153278
v 0.20391540 0.83022208 -0.05133027
v 0.21196450 0.05199618 0.05103065
v 0.19501964 0.18551594 0.04805466
v 0.18611175 0.51845895 0.06687105
v 0.20734645 0.63208251 -0.09174654
v 0.21211633 0.70733276 0.03748562
v 0.20045974 0.80436583 -0.08885130
v 0.19812832 0.81094754 0.04393870
v 0.18321460 0.84745244 -0.03278888
v 0.20180805 0.01400298 -0.02021677
v 0.21024546 0.04801000 -0.08376465
v 0.20271404 0.12113117 -0.08947049
v 0.20391718 0.12210600 0.05015685
v 0.19918473 0.35416780 -0.09066710
v 0.20241357 0.36267634 -0.08292562
v 0.20811173 0.37710166 0.03139859
v 0.19852993 0.39051947 -0.07590278
v 0.19065554 0.57602996 -0.10420841
v 0.20744414 0.03632435 0.02384078
v 0.20715477 0.06141259 -0.08958411
v 0.20351321 0.71541937 -0.08312242
v 0.20257424 0.72209248 -0.09003450
v 0.24451692 0.78096785 -0.08994934
v 0.18546757 0.84681854 -0.00581512
v 0.22510319 -0.04250501 -0.02103206
v 0.21770746 0.03077665 0.04480636
v 0.22737292 0.02417024 0.05166197
v 0.20321170 0.18677365 -0.08635129
v 0.24100428 0.26929588 0.04567676
v 0.22809936 0.32252965 -0.09214517
v 0.22170921 0.38266110 -0.07014442
v 0.22093436 0.37659227 0.03283022
v 0.22145072 0.37237113 0.04426151
v 0.23735744 0.39855768 -0.07087907
v 0.23357760 0.43127700 -0.08060874
v 0.23473418 0.39675633 0.03203907
v 0.22834029 0.69589678 0.03292784
v 0.20815199 0.71935637 0.05152485
v 0.23469889 -0.04672270 -0.00540513
v 0.22656064 0.00945823 -0.08526771
v 0.20956577 0.36822418 -0.07373898
v 0.20985442 0.49236186 -0.09899745
v 0.25475339 0.58502099 -0.08716516
v 0.22883656 0.70683416 -0.08919759
v 0.22932223 0.84539481 -0.02036032
v 0.24005767 -0.01936423 -0.08332073
v 0.23790047 -0.01252422 0.04829859
v 0.26452125 0.23818496 -0.09146496
v 0.25803427 0.29492956 -0.08520876
v 0.23767633 0.37937514 -0.08931379
v 0.23421490 0.37462029 0.05176499
v 0.23634849 0.38891109 0.03232095
v 0.24412877 0.40409649 0.03195515
v 0.23737731 0.43879578 0.04248160
v 0.21331040 0.50237708 0.06004754
v 0.21820654 0.58062371 0.05846062
v 0.23581598 0.70187423 0.05089012
v 0.28073642 0.70246352 -0.09069686
v 0.22851779 0.79736701 0.04667147
v 0.22677035 0.83475051 -0.03221340
v 0.24344481 -0.01162520 -0.09012094
v 0.25224143 0.39984148 0.03399823
v 0.25236768 0.40810186 -0.07056719
v 0.25408531 0.41495397 0.03209073
v 0.25088215 0.67466614 0.03248942
v 0.24661209 0.68615577 -0.07320895
v 0.25148040 0.68793564 -0.08627115
v 0.22826102 0.02825650 -0.09003020
v 0.24373664 0.16196637 0.05284572
v 0.24394780 0.39205084 -0.07391177
v 0.25943967 0.40201316 0.04603548
v 0.25158610 0.41737520 -0.07185785
v 0.21882561 0.52709106 -0.09995658
v 0.26134908 0.68021277 0.04829964
v 0.24384468 0.78794587 -0.08779639
v 0.24800802 0.82576132 -0.03274347
v 0.23849138 0.82825061 -0.00480062
v 0.25603133 0.83448418 -0.01882370
v 0.29360061 0.09005992 -0.09047057
v 0.23935844 0.15237381 -0.09222112
v 0.28708290 0.26540657 0.05275808
v 0.28192341 0.36675426 0.05262410
v 0.25367829 0.39367224 -0.08959902
v 0.26452229 0.40583371 -0.08818927
v 0.26478142 0.41245924 0.03499974
v 0.26970567 0.42950206 0.03135826
v 0.26414380 0.42470716 -0.07064528
v 0.28002608 0.63886224 0.03243084
v 0.26989229 0.65590629 -0.07102492
v 0.25937584 0.68725824 0.05175561
v 0.25846755 0.78023366 0.04919868
v 0.27886257 0.80943885 -0.03319637
v 0.28400132 0.81917752 -0.01941291
v 0.26776912 -0.05240815 0.04596544
v 0.26629129 -0.04388242 -0.08911464
v 0.28755715 0.32776399 0.04570614
v 0.27895410 0.41756160 0.05163753
v 0.26389539 0.41172793 -0.07368245
v 0.27339073 0.42617173 -0.07139484
v 0.26717098 0.49594610 -0.08307984
v 0.26615687 0.48178520 0.04179159
v 0.25814648 0.67677074 0.03562460
v 0.26928552 0.22311771 -0.09220526
v 0.28220969 0.45011799 -0.07031445
v 0.26371073 0.55997948 -0.08599837
v 0.28919305 0.62469943 -0.07031136
v 0.28411291 0.64638951 -0.07450246
v 0.26597545 0.67448680 -0.08638768
v 0.27779843 0.65716632 0.04320683
v 0.28566732 0.65608173 -0.09016449
v 0.28480420 0.80600873 -0.00640242
v 0.26248468 -0.09070350 -0.01908090
v 0.26825239 -0.08596836 -0.00385464
v 0.27725444 -0.06506854 -0.08223393
v 0.27185234 -0.04440019 0.05153303
v 0.28561007 0.13154483 -0.09055640
v 0.27411832 0.36716986 -0.09194126
v 0.27995267 0.42344723 -0.08875988
v 0.28449556 0.45298412 0.03151656
v 0.29201171 0.47021481 0.03165010
v 0.28611844 0.65570567 0.05127458
v 0.29201148 0.76158574 0.04408479
v 0.28891772 -0.07121615 0.04719140
v 0.31405317 0.03277333 0.05181675
v 0.29548628 0.08945834 0.05144061
v 0.29603480 0.10172417 -0.08899904
v 0.28523501 0.13253543 0.05135830
v 0.29437250 0.13715440 0.04659475
v 0.30058064 0.19786364 -0.09062798
v 0.29606379 0.46042445 0.03514442
v 0.28229397 0.44030813 0.03372301
v 0.28740177 0.44404443 -0.07626354
v 0.29496352 0.46324717 -0.07105893
v 0.29175618 0.47729446 -0.07115705
v 0.30178654 0.50149467 0.03207435
v 0.26546456 0.53823459 0.04620738
v 0.30294389 0.56680421 0.03231690
v 0.30066641 0.59677825 -0.07008901
v 0.30088161 0.60161517 0.03133421
v 0.30074511 0.61432548 -0.07404370
v 0.29146405 0.63772082 0.04413198
v 0.29778032 0.63159131 -0.08754827
v 0.29209759 0.64512150 0.05115434
v 0.28331456 0.75812314 0.05133275
v 0.31881314 0.79329535 -0.01970965
v 0.31246547 -0.13131595 -0.01975663
v 0.29717630 -0.10966863 -0.03581182
v 0.29780352 -0.07915493 -0.08591460
v 0.28824733 -0.06003323 0.05146953
v 0.29642447 -0.06924670 -0.09014076
v 0.30478866 0.05801308 0.05179713
v 0.30918200 0.06414922 -0.08568676
v 0.29444650 0.13941053 -0.08522696
v 0.29724170 0.14435333 -0.07481337
v 0.30298642 0.14174481 -0.06986466
v 0.29771661 0.13888624 0.03572946
v 0.30365065 0.16300264 0.03205255
v 0.30232316 0.17540163 -0.07288734
v 0.29718634 0.17975088 0.05135494
v 0.31560444 0.22955217 -0.09083011
v 0.30811191 0.21742841 0.05257938
v 0.30316167 0.28072588 -0.09221608
v 0.29530897 0.33669173 -0.08503255
v 0.30504006 0.46400007 0.05147747
v 0.30258658 0.49708461 -0.07011958
v 0.30269412 0.57828254 -0.07016394
v 0.29030406 0.63584971 0.03515727
v 0.30709395 0.62010024 0.05154258
v 0.30869919 0.65527178 -0.09039190
v 0.27999438 0.76745619 -0.08722539
v 0.32409972 -0.10140017 0.04197327
v 0.33048444 -0.09453803 0.05108909
v 0.30982037 0.05000250 -0.08971187
v 0.30525214 0.08015019 0.04212975
v 0.30292255 0.09188988 -0.07340955
v 0.29683614 0.17388438 -0.08838777
v 0.31369544 0.20909854 -0.07364974
v 0.31032757 0.20727763 -0.08474503
v 0.29914551 0.44458807 -0.09152788
v 0.30589123 0.46797415 -0.09028265
v 0.30416209 0.47880142 -0.07427131
v 0.31081247 0.50745877 0.03338135
v 0.31226218 0.51917248 -0.07163843
v 0.31163590 0.57416809 -0.07334095
v 0.30664421 0.60683837 -0.08543455
v 0.30863563 0.59808861 0.04440379
v 0.31238287 0.61662269 -0.09073382
v 0.32303710 0.62425866 0.05198248
v 0.33319610 0.71216121 0.05132143
v 0.30912526 0.78028564 -0.03895779
v 0.33490258 -0.09528230 -0.08951085
v 0.32590130 0.01990756 -0.09013916
v 0.31421974 0.04316092 0.05107963
v 0.31792222 0.05620257 0.03569691
v 0.31908584 0.04932681 -0.07346122
v 0.30531038 0.08634578 0.03489896
v 0.32142393 0.06004412 -0.06973380
v 0.31252643 0.18317434 0.03236375
v 0.31299294 0.20647241 0.03487095
v 0.31351378 0.21240546 0.04400358
v 0.31964998 0.41582650 0.05246009
v 0.31513539 0.49389060 0.05135216
v 0.31792778 0.49148474 -0.09077044
v 0.31168455 0.49475534 -0.08526538
v 0.31778816 0.53209696 -0.08744601
v 0.31715091 0.56113067 -0.08726135
v 0.31180924 0.56337239 0.03408003
v 0.31811771 0.54206846 0.04697184
v 0.31709870 0.58879981 0.05129362
v 0.30854146 -0.11840146 -0.00504089
v 0.33024232 0.02615296 -0.08372440
v 0.33597941 0.02398906 0.03375963
v 0.32527419 0.03346679 0.04632851
v 0.32232296 0.06046962 0.03257135
v 0.30809118 0.10103389 0.03250415
v 0.31375636 0.19173573 -0.06991533
v 0.32620878 0.22233105 -0.06997780
v 0.32315003 0.21219856 0.03261114
v 0.32676332 0.23733780 -0.08455785
v 0.32588808 0.23218787 -0.07417974
v 0.33909407 0.31999169 0.05314785
v 0.33518458 0.38237939 -0.08452420
v 0.33956541 0.38648482 0.04538584
v 0.32552660 0.55658074 -0.09052214
v 0.32603920 0.54157920 0.05182685
v 0.33325410 0.72254572 -0.08430011
v 0.34315260 0.75270653 -0.03457866
v 0.33637184 0.76117595 -0.00671226
v 0.33279552 0.01923953 0.05006151
v 0.30901549 0.09740630 -0.07053344
v 0.32735863 0.20984063 -0.07162923
v 0.33354381 0.22670785 -0.07065308
v 0.33404669 0.23972763 -0.07158525
v 0.33452650 0.24086151 0.03316088
v 0.32902775 0.23920442 0.04381219
v 0.32753896 0.24767525 0.05203228
v 0.32806357 0.25027670 -0.09085210
v 0.38736527 0.64631293 0.04698955
v 0.33334251 0.71236980 -0.08975533
v 0.33882011 0.77391380 -0.01945562
v 0.33252615 -0.10090966 -0.08653938
v 0.34787918 -0.10974807 0.04655793
v 0.33951017 0.01799153 -0.07205104
v 0.33966457 0.25449815 -0.08257103
v 0.37074171 0.42740494 -0.08326675
v 0.34620221 0.45354826 -0.09053178
v 0.33378650 -0.13286357 -0.00577249
v 0.36832218 -0.01949454 -0.09013885
v 0.33663550 0.03340827 -0.06969300
v 0.36592911 0.15492914 0.05275758
v 0.34394345 0.19686809 0.04165544
v 0.34867481 0.24122047 0.03484402
v 0.34863912 0.26334368 -0.07452916
v 0.37800549 0.44382682 0.04446118
v 0.35212964 0.65549058 -0.08922865
v 0.35233116 0.71166152 -0.08634517
v 0.33846067 0.71778702 0.04612242
v 0.35786324 0.75761070 -0.01914116
v 0.34131411 -0.13608414 -0.03401983
v 0.36719317 -0.00971999 0.04498985
v 0.34617762 0.00807383 0.04506268
v 0.36641694 0.00057973 0.03182192
v 0.35196710 0.14363280 -0.08789102
v 0.36802256 0.19505073 -0.08832101
v 0.34317159 0.23657623 -0.07192323
v 0.36254449 0.26954798 -0.07031263
v 0.35051864 0.26703564 0.04347210
v 0.34651945 0.33511947 -0.09178693
v 0.35532049 0.47696530 0.05216522
v 0.37239503 0.55842400 -0.09092057
v 0.37881001 0.69955025 -0.09148623
v 0.36813573 0.75305367 -0.02534879
v 0.36347112 -0.15706022 -0.01897694
v 0.36237012 -0.11516763 -0.08612046
v 0.36483057 -0.11016232 0.05100274
v 0.36644066 -0.01074940 -0.08474230
v 0.36443307 -0.01531038 0.05165475
v 0.36797750 0.11477709 0.05297306
v 0.35171451 0.25594580 -0.07010803
v 0.36905476 0.27846615 0.03174398
v 0.35805833 0.27835766 -0.08923643
v 0.36823541 0.29046212 0.05195973
v 0.37392941 0.71290078 -0.08503049
v 0.35875292 0.71018314 0.04527429
v 0.35934429 0.74787440 -0.00627354
v 0.37919077 0.75979888 -0.01587152
v 0.37057916 -0.13862314 0.01412742
v 0.37593752 -0.01286921 0.03531780
v 0.40070393 0.05110074 0.05175131
v 0.41210637 0.09202482 -0.10046613
v 0.38903658 0.20711072 0.05318304
v 0.38051939 0.57336053 -0.08885013
v 0.36810669 0.53876348 0.05242004
v 0.39908595 0.71593541 -0.09069273
v 0.38664877 -0.15206773 -0.00481703
v 0.38595298 -0.12525720 0.04562506
v 0.35854847 -0.03473423 -0.09066956
v 0.40775149 0.01262860 0.04320545
v 0.35884394 0.07299066 -0.08451861
v 0.38725387 0.23866517 -0.08463070
v 0.38287253 0.29663509 -0.09058060
v 0.40426037 0.37260227 -0.09276725
v 0.40076603 0.36861190 0.05399361
v 0.37964730 0.73931758 0.01154907
v 0.38581590 -0.01343112 -0.07016954
v 0.39127772 0.28737957 -0.07117236
v 0.38342200 0.29414853 0.04447191
v 0.37145540 0.70172236 0.05227887
v 0.38400189 -0.15243941 -0.03381715
v 0.37777325 -0.01577488 -0.07390692
v 0.40618526 0.02345770 -0.08439094
v 0.40879502 0.16486839 -0.10135846
v 0.39720340 0.29724059 0.03215574
v 0.40302745 0.30929358 0.05175039
v 0.39923979 0.47096575 -0.08332832
v 0.42139234 0.54029292 0.04320183
v 0.38720489 0.71578259 0.04986601
v 0.39413299 0.74467161 -0.05767315
v 0.40761463 0.74210937 0.04110733
v 0.39291803 0.77545061 -0.01998444
v 0.41797433 -0.15174668 0.01176748
v 0.39539981 -0.12814662 -0.08404515
v 0.40057573 -0.03168448 -0.08849345
v 0.39712030 -0.02656802 0.04470294
v 0.40620848 -0.02058842 0.03228042
v 0.41428290 0.31332735 -0.08966169
v 0.42378053 0.51918109 -0.08208219
v 0.39649717 0.64407884 -0.08449547
v 0.41131570 0.71539562 0.05091290
v 0.40469155 0.73199473 0.04731455
v 0.41048825 0.74312206 -0.08477414
v 0.44858843 -0.17563204 -0.02027854
v 0.40155809 -0.12125654 0.05141118
v 0.41228117 -0.03951055 -0.09039761
v 0.40474351 -0.03771646 0.05172801
v 0.42519295 0.15358129 0.06635427
v 0.38002948 0.28995088 -0.07501199
v 0.41586032 0.73720123 0.05066988
v 0.40588180 0.72920210 -0.08938821
v 0.41112685 0.80390891 -0.00405372
v 0.44725236 -0.04997436 0.05185074
v 0.41257186 0.09706831 0.06154406
v 0.43483780 0.27509065 -0.08289307
v 0.41605292 0.30005966 -0.07140455
v 0.43527656 0.31404473 -0.07372948
v 0.41426059 0.56949528 -0.08427545
v 0.41952543 0.74540119 -0.08967685
v 0.42426562 0.77037235 -0.08881143
v 0.40917123 0.81120065 -0.02313041
v 0.41276903 -0.17032952 -0.01937528
v 0.40261871 -0.12313028 -0.08917988
v 0.42302353 -0.13230723 0.04831573
v 0.41324474 -0.02972227 0.03679392
v 0.45623064 0.11319348 -0.10810244
v 0.41850748 0.29755949 0.03387993
v 0.43031986 0.71337377 -0.09004170
v 0.43051371 0.78116948 0.05076689
v 0.43316156 0.79057133 -0.08817321
v 0.44284220 -0.16168385 -0.03480145
v 0.42726301 -0.04036552 -0.08829766
v 0.41305081 -0.03012420 -0.07315290
v 0.42641126 -0.02715075 -0.07066460
v 0.43554243 0.24789174 0.05279482
v 0.43601559 0.30786161 -0.07159576
v 0.42788695 0.31127544 0.03429167
v 0.43167944 0.32104102 0.05173787
v 0.39951058 0.47885173 0.04397099
v 0.44779357 0.81302610 -0.08793589
v 0.44335527 -0.16205230 -0.00429830
v 0.44799463 -0.13728597 -0.08200394
v 0.54439888 -0.10827249 0.05158113
v 0.45729727 0.00310035 -0.08400139
v 0.45772595 -0.04414217 0.04608293
v 0.44481424 -0.03857176 -0.07334288
v 0.43506704 -0.03422945 0.03239712
v 0.47313907 0.23239773 0.06003777
v 0.44780804 0.30990256 0.03304345
v 0.47649636 0.66802646 0.05165320
v 0.42961859 0.84692578 -0.01696543
v 0.43529936 0.82359416 0.02217014
v 0.46465768 -0.12960965 0.05100864
v 0.47725210 -0.12958679 -0.08948191
v 0.45598891 -0.05129378 -0.09053614
v 0.46298620 -0.04349181 -0.08338862
v 0.45604449 -0.03512527 -0.07062960
v 0.48511829 0.17562308 0.06903996
v 0.44761934 0.31961963 -0.08256480
v 0.44481981 0.32701489 -0.09050445
v 0.45421863 0.81403917 0.05097560
v 0.43210423 0.83785975 -0.03843276
v 0.46373910 0.83336049 -0.08880418
v 0.43687419 0.21110204 -0.09979077
v 0.45690540 0.32590771 -0.08890384
v 0.46703461 0.47465694 0.04624023
v 0.44955960 0.56523794 -0.09100405
v 0.47751030 0.61268898 0.05191955
v 0.44722145 0.81731227 0.04617278
v 0.47679374 0.89727646 -0.02717798
v 0.47453386 0.89736249 -0.01549426
v 0.51029734 -0.05030698 0.05159516
v 0.48016113 -0.04303011 0.03598662
v 0.50558913 0.26367546 0.05103075
v 0.46137042 0.31996588 0.03395481
v 0.48141330 0.32781766 0.05100857
v 0.46436517 0.39687687 0.05491036
v 0.49329899 0.44774719 -0.08563059
v 0.45393963 0.57562030 0.05224798
v 0.48205404 0.65483774 -0.08260185
v 0.49402631 0.85969248 -0.08980172
v 0.47985816 0.88662751 -0.05051514
v 0.48239529 0.87889190 0.02416627
v 0.47354712 0.91501525 -0.06535947
v 0.47414750 0.92407620 0.00827565
v 0.49526657 -0.04407092 0.04292930
v 0.50312621 -0.03525098 0.03205468
v 0.50941125 0.31827638 0.03270458
v 0.48280481 0.32503505 -0.08654138
v 0.48445030 0.35515875 -0.09076662
v 0.47868421 0.59875155 -0.09098192
v 0.48225753 0.61845762 -0.08257687
v 0.48264156 0.66426419 0.04327764
v 0.47550034 0.66520730 -0.09053300
v 0.48458280 0.68124965 -0.08809880
v 0.48894436 0.70795009 -0.09059237
v 0.48925133 0.86869427 -0.08243858
v 0.47952778 0.89686362 0.00812655
v 0.47463834 0.91490418 0.03315060
v 0.47709309 0.90961562 -0.08066952
v 0.51503086 0.94707895 -0.06714234
v 0.47483306 0.92565306 -0.05970562
v 0.47366441 -0.13833533 0.04233950
v 0.50828683 -0.12751127 0.05042621
v 0.48295891 0.05806383 -0.10065337
v 0.47282380 0.04728052 0.05917601
v 0.46704745 0.09086393 0.06686391
v 0.48321775 0.14969766 -0.11022971
v 0.47025120 0.31091291 -0.07232905
v 0.46768893 0.40205364 -0.09227831
v 0.50441203 0.44949164 0.04782455
v 0.49154215 0.56032178 -0.09041445
v 0.49041098 0.57897332 -0.08365573
v 0.48754017 0.57107519 0.05206756
v 0.49277132 0.57314553 0.04353513
v 0.49502342 0.59518422 -0.07032279
v 0.48888959 0.59136457 -0.07373367
v 0.48321865 0.64283913 -0.07480945
v 0.48329488 0.63407892 0.03607466
v 0.49258871 0.68860410 0.03363643
v 0.49075471 0.68523423 -0.07316315
v 0.48857291 0.70841042 0.05178413
v 0.49108618 0.89260145 -0.08981944
v 0.48511619 0.91891958 -0.08148957
v 0.47740799 0.92271035 0.03104165
v 0.49198138 -0.16195079 -0.00483267
v 0.52602628 -0.02593074 0.03429913
v 0.47293392 0.00992310 0.04853978
v 0.49119716 0.13222780 0.07100846
v 0.50362071 0.18602551 -0.10632803
v 0.48532234 0.50595402 0.05225826
v 0.50216840 0.53869030 0.05244252
v 0.50042261 0.55963604 -0.07239239
v 0.49336083 0.57871588 0.03457408
v 0.49051985 0.61333951 0.03252974
v 0.49887715 0.67811143 -0.07106177
v 0.49449171 0.70235297 -0.08300870
v 0.49862391 0.71209267 0.04395524
v 0.50208056 0.72586212 -0.08853430
v 0.49179970 0.73736728 0.05170678
v 0.49277005 0.86146212 0.05074027
v 0.51956841 -0.15960052 -0.03291631
v 0.51152829 -0.13231733 -0.08467622
v 0.50226324 -0.04407832 -0.08342694
v 0.49966603 -0.04180934 -0.07489305
v 0.51720580 0.21989829 0.06149847
v 0.47929062 0.32095823 -0.07176659
v 0.49209918 0.35269301 0.05241417
v 0.52398663 0.46015244 -0.09079772
v 0.51384883 0.52772236 0.04737833
v 0.50782178 0.53410426 -0.08729369
v 0.51114136 0.54314207 0.03101785
v 0.50227082 0.56980086 -0.06992275
v 0.50438978 0.56545906 0.03207241
v 0.54124181 0.62890740 0.05120564
v 0.49060544 0.63651104 -0.07066437
v 0.50013270 0.68744422 0.03314969
v 0.50432049 0.70883119 -0.07054694
v 0.51173962 0.73752729 0.04530333
v 0.50623687 0.74944340 -0.09025430
v 0.48205086 0.90999047 0.04628528
v 0.51208872 0.95308355 -0.02794532
v 0.52820254 -0.15790688 -0.00539605
v 0.52807463 -0.12972142 0.04449447
v 0.53346338 -0.11887555 -0.08975854
v 0.51625672 -0.05162096 -0.09065754
v 0.51064487 -0.03519233 -0.07074052
v 0.53112032 -0.03571922 0.03441807
v 0.51902476 -0.02779215 -0.07200581
v 0.52982356 0.05203989 -0.09653005
v 0.48697602 0.33462607 -0.09030350
v 0.54611767 0.45288433 0.05256212
v 0.54266387 0.49656974 -0.08780312
v 0.50849689 0.71816983 0.03161516
v 0.51887785 0.73865611 0.03255340
v 0.50361897 0.73638025 0.05114878
v 0.51406927 0.74503054 -0.08780895
v 0.52992284 -0.03584299 -0.07332192
v 0.48910840 0.26086926 -0.09057843
v 0.54277488 0.38093241 -0.09190616
v 0.51661435 0.52825381 -0.07394524
v 0.55746425 0.56832506 0.04966927
v 0.54901260 0.62206434 -0.09237716
v 0.51783704 0.75888709 0.05157490
v 0.52750771 0.77773323 0.05160129
v 0.48787058 0.88838290 0.05046177
v 0.55121353 0.93293638 -0.08734889
v 0.54407974 0.94568835 -0.08233149
v 0.49925411 0.94317979 0.00909566
v 0.52425511 -0.17236919 -0.01936669
v 0.53438191 -0.03794690 0.04347369
v 0.55093932 -0.02776390 0.03281042
v 0.53477939 0.30826362 0.03344518
v 0.52148424 0.31870498 -0.07669278
v 0.53308469 0.49982399 0.05178409
v 0.51879051 0.52007599 -0.08725818
v 0.53867040 0.68176500 -0.08584824
v 0.51779604 0.73526870 -0.06962760
v 0.53534221 0.75387282 -0.07052538
v 0.53064395 0.76003199 -0.07647915
v 0.53105146 0.77144958 0.05109378
v 0.52811102 0.76961541 -0.08986416
v 0.51682637 0.91519950 0.04946278
v 0.53532551 0.95695235 -0.06151662
v 0.53016209 0.96083766 -0.01984983
v 0.53513797 0.95486468 0.03184729
v 0.55533578 -0.01896669 0.03302536
v 0.50775993 0.00666821 -0.08537643
v 0.52025192 0.04219211 0.05594838
v 0.53174197 0.10506152 0.06657268
v 0.53802216 0.31409401 0.03637383
v 0.53490787 0.32501390 0.05191210
v 0.53384851 0.32583559 -0.09021997
v 0.52306598 0.53094076 -0.06997290
v 0.53046561 0.76172876 0.04421770
v 0.55338595 0.79483943 0.05176895
v 0.53802789 0.95757105 -0.01428541
v 0.56421646 -0.14996776 -0.00641546
v 0.56886093 0.14466228 -0.10098261
v 0.55532034 0.21848333 -0.09530151
v 0.54194439 0.30740423 -0.07137039
v 0.55182600 0.31596488 -0.08806236
v 0.53904878 0.41325985 0.04799056
v 0.53497700 0.51041235 0.03730109
v 0.56748122 0.70630931 0.05217489
v 0.54654039 0.76616717 -0.07023333
v 0.54151746 0.76767732 0.03332994
v 0.54648547 0.78179396 0.04929584
v 0.54016554 0.94255200 0.04544320
v 0.54960198 0.94405361 0.04165801
v 0.54753517 0.94769330 -0.06867790
v 0.54566506 -0.03967332 -0.08975686
v 0.54628627 -0.04068135 0.05134842
v 0.56690176 0.01375698 0.04144937
v 0.55649189 0.16486275 0.06329604
v 0.57941395 0.31659625 0.05221334
v 0.57300175 0.48269775 -0.07373985
v 0.56123378 0.48779952 0.04514839
v 0.54944960 0.51308265 0.03388888
v 0.56867283 0.49521776 -0.07104179
v 0.55979509 0.73588092 -0.08185573
v 0.54594940 0.78283609 -0.08873371
v 0.55363732 0.78244311 -0.07371427
v 0.57552119 0.81623124 -0.09004107
v 0.59812959 0.82774982 0.05188078
v 0.56332696 0.90778667 0.05048003
v 0.56451981 -0.16326010 -0.01964552
v 0.55102744 -0.12172434 -0.08538684
v 0.57215640 -0.10796088 -0.08921249
v 0.55210495 -0.11719081 0.04995104
v 0.56681488 -0.03087364 0.05118306
v 0.55331332 -0.02526776 -0.07065293
v 0.57084028 -0.01996352 0.03605046
v 0.57303481 -0.01067491 -0.07110997
v 0.52786505 0.09632181 -0.10481945
v 0.58745680 0.08988777 -0.09330809
v 0.57011956 0.26120887 0.04356579
v 0.56850534 0.30191615 0.03261512
v 0.56457113 0.40939255 0.04737214
v 0.55826885 0.49439331 0.03331435
v 0.53915739 0.58052612 -0.08475247
v 0.55442657 0.76492994 0.03378040
v 0.56454543 0.92300383 -0.06250320
v 0.57065731 0.92254789 -0.04775094
v 0.55582033 0.93774529 -0.02009582
v 0.56256370 0.92767963 -0.00151387
v 0.56989973 0.91107400 0.04379152
v 0.57748517 -0.14617411 -0.03230915
v 0.59015164 0.22938411 0.04750847
v 0.55626661 0.37340239 0.05268761
v 0.55521628 0.53359468 -0.07952936
v 0.56085728 0.77861905 0.03171635
v 0.55704465 0.78468615 0.03797055
v 0.57108096 0.80107616 0.04989223
v 0.57573730 0.89766074 -0.08999013
v 0.58051066 0.90405154 -0.08232842
v 0.58518337 0.02884740 -0.08112276
v 0.55989238 0.30753718 -0.07323189
v 0.57765389 0.30260100 0.04350380
v 0.57286482 0.31178544 0.05179238
v 0.57779103 0.34837809 -0.09094958
v 0.56360590 0.47947254 0.05210574
v 0.57788190 0.47837538 -0.08252534
v 0.56197298 0.78102508 -0.06919114
v 0.56640275 0.79785859 -0.08796088
v 0.58183391 0.80168692 -0.07334882
v 0.57826280 0.81040590 -0.09010164
v 0.58487590 0.81302495 0.05201339
v 0.58118216 0.90003954 0.04925128
v 0.57144360 0.93620757 -0.01960377
v 0.58940044 -0.10222416 0.05008957
v 0.57770884 -0.02393490 -0.08856525
v 0.58385794 -0.01684538 -0.08395021
v 0.58252665 -0.01532627 -0.07353054
v 0.58542893 -0.00987139 0.03193502
v 0.57799026 0.06983341 0.05316803
v 0.59930868 0.28775548 0.03368079
v 0.57389050 0.30570697 -0.08531968
v 0.57605626 0.47142513 -0.09003748
v 0.59079133 0.46970294 0.05176733
v 0.60851531 0.47707816 -0.07134844
v 0.57934049 0.48329736 0.03359786
v 0.59429597 0.59245488 0.06158529
v 0.59210059 0.80954955 -0.08582697
v 0.58519590 0.80235196 0.03564742
v 0.57925814 -0.11483827 0.04071002
v 0.60474603 -0.09628145 -0.08909437
v 0.56268630 -0.04806829 0.05193170
v 0.60803162 0.00642395 0.03178237
v 0.59857417 0.01093750 -0.07224270
v 0.58914906 0.28676881 -0.07065205
v 0.60786356 0.28295118 -0.07282629
v 0.57679800 0.31048190 -0.09051914
v 0.60981129 0.37970051 0.04725611
v 0.57810295 0.39809002 -0.08553875
v 0.59566764 0.55602692 -0.09368519
v 0.59801844 0.63508131 0.06512080
v 0.57769758 0.62771429 -0.09980200
v 0.58255088 0.79164996 0.03194511
v 0.58235435 0.79316112 -0.06985461
v 0.57843719 0.91693431 0.02135994
v 0.59351095 -0.15496931 -0.01926461
v 0.58493180 -0.10887685 -0.08512178
v 0.59612385 -0.00079772 -0.07025442
v 0.59547417 0.23273620 -0.08399300
v 0.61375901 0.46443708 0.04779734
v 0.59721804 0.68592679 -0.10038867
v 0.60150352 0.80147776 0.03165676
v 0.61021459 -0.08981854 0.05122967
v 0.62651062 -0.08069690 -0.08903427
v 0.60965773 0.00344137 -0.07361773
v 0.61173380 0.01415606 -0.07054637
v 0.62049569 0.18270465 -0.08593030
v 0.63117554 0.24942871 0.03212197
v 0.60463825 0.28741924 0.04416330
v 0.63664460 0.33877871 -0.08929577
v 0.62292070 0.82122657 -0.08662656
v 0.61499289 0.90006927 -0.09008505
v 0.59826257 -0.01624475 -0.09009539
v 0.62763147 0.00194373 -0.09022111
v 0.62195397 0.01516881 0.03428457
v 0.62536802 0.11302533 -0.08543273
v 0.60268206 0.29036301 -0.08615116
v 0.61385128 0.28855582 0.05206125
v 0.61265578 0.46206565 -0.08928261
v 0.60694729 0.54600872 0.05524621
v 0.62760670 0.80602986 0.03314725
v 0.62593641 0.81854139 0.03704402
v 0.60726923 0.81755471 0.04961023
v 0.63795346 0.83016435 0.05147015
v 0.63771818 0.94721871 -0.03359116
v 0.60277954 -0.13705089 -0.00681746
v 0.62321906 0.01144212 -0.08651887
v 0.60742550 -0.00369329 0.04664921
v 0.62464399 0.02855499 -0.07057395
v 0.62208192 0.02753957 0.03316485
v 0.58888699 0.43181239 0.05243650
v 0.60733854 0.47776255 0.03269054
v 0.65243853 0.52780021 0.05339876
v 0.62631729 0.58200635 -0.10291485
v 0.62360430 0.63437261 -0.10723054
v 0.62895596 0.72320787 -0.09833263
v 0.61291470 0.80880214 -0.06981065
v 0.63397975 0.90771115 -0.08985410
v 0.61576254 0.90407710 0.05030055
v 0.61743352 0.95109722 -0.02013768
v 0.63148097 -0.13891765 -0.02005062
v 0.63963396 -0.11905019 -0.00650311
v 0.63794266 -0.07000999 0.05130128
v 0.59085271 -0.02067850 0.05168408
v 0.63039381 0.02269954 -0.07352848
v 0.63466734 0.03165145 0.03271131
v 0.64130181 0.03451998 -0.08258730
v 0.60359496 0.13273930 0.05382519
v 0.63728549 0.24312360 -0.07005150
v 0.63137001 0.26455742 0.04515137
v 0.63414551 0.26861062 0.05154807
v 0.61004473 0.29421105 -0.09066764
v 0.64386512 0.35953065 -0.08648843
v 0.59733411 0.41952124 -0.09069683
v 0.62295396 0.46709621 -0.07265805
v 0.62559878 0.76338645 -0.08707364
v 0.65241246 0.90790161 0.05106523
v 0.64038809 0.91794740 -0.08328389
v 0.61807194 0.91322665 0.04365335
v 0.64597522 -0.06349000 -0.08904951
v 0.63999061 0.03293856 0.04324255
v 0.64859442 0.05032909 -0.07161157
v 0.62031892 0.19911074 0.04499270
v 0.64989949 0.23887207 -0.07388270
v 0.64720969 0.24714866 -0.08380559
v 0.65615279 0.25145275 0.05207141
v 0.65384729 0.35023474 0.05077344
v 0.64385066 0.37513710 0.04985487
v 0.65288239 0.45752887 0.04907659
v 0.62745471 0.46678145 0.03330080
v 0.62910012 0.51959088 -0.08842847
v 0.64709144 0.59508974 0.06750034
v 0.64352323 0.69261350 0.06636907
v 0.66016798 0.94996809 -0.00500787
v 0.63366997 -0.12516890 -0.03052044
v 0.64322945 -0.10440818 0.01102214
v 0.64514677 0.03067994 -0.08978035
v 0.65428767 0.05322027 -0.08557708
v 0.65346060 0.05851048 0.03397141
v 0.65935751 0.05389396 0.05149714
v 0.64702802 0.06381958 0.03355591
v 0.64500696 0.06493961 -0.07224560
v 0.65753249 0.20842194 0.03181682
v 0.65228530 0.22062114 -0.06939803
v 0.66067183 0.21510772 0.03393788
v 0.64185313 0.24849215 0.03408582
v 0.65094194 0.35464056 -0.08865703
v 0.64266755 0.46066739 -0.08458166
v 0.66603632 0.46286492 -0.07491036
v 0.63188365 0.75089315 0.05200105
v 0.63176076 0.81312751 0.03101773
v 0.66984829 0.81473882 -0.07016369
v 0.62397005 0.81841631 -0.07401168
v 0.65883637 -0.12410403 -0.02010343
v 0.65183741 0.03789468 0.05170955
v 0.66552735 0.12877617 -0.07182096
v 0.65933804 0.10176792 0.03410058
v 0.66364879 0.18695492 -0.06995379
v 0.62530617 0.82877873 -0.09009786
v 0.66625699 -0.10561509 -0.00839628
v 0.65960448 0.04454214 -0.09027159
v 0.66128503 0.07958101 -0.07063718
v 0.66405983 0.08556669 0.03285045
v 0.66627148 0.16652363 0.03328679
v 0.66767527 0.19869395 -0.07322826
v 0.66891170 0.20431950 -0.08498915
v 0.68198691 0.30917008 -0.08925443
v 0.68023324 0.35320541 -0.06624369
v 0.64475946 0.45187093 -0.09020183
v 0.66981751 0.46025470 -0.08517829
v 0.66821650 0.63173966 -0.10937686
v 0.66409001 0.69179844 -0.10545379
v 0.66254435 0.82296582 -0.07166987
v 0.66028813 0.91703381 0.04759263
v 0.67122211 0.96051512 -0.01936060
v 0.67072305 -0.10222423 -0.03062165
v 0.68327708 -0.08261630 0.00201175
v 0.66640944 -0.04101235 -0.08932919
v 0.66664054 0.07216019 0.05073666
v 0.66950451 0.08893672 -0.08349911
v 0.67053599 0.10475822 0.03599861
v 0.67217253 0.17867272 0.03451191
v 0.66579130 0.20860323 0.04295871
v 0.67025038 0.21671166 -0.09006622
v 0.65382560 0.23966043 0.04944862
v 0.65585177 0.24546153 -0.09049908
v 0.65717179 0.35989496 0.04633159
v 0.66269412 0.37659379 0.05045290
v 0.67919641 0.63044839 0.07026232
v 0.68150423 0.73920845 0.05630918
v 0.67281315 0.82546586 -0.08278227
v 0.67407001 -0.05010016 -0.07868831
v 0.68668579 -0.01894205 -0.08916693
v 0.67439017 -0.03665925 0.04907294
v 0.67856461 0.09219262 0.05178130
v 0.67810731 0.09281170 -0.09007113
v 0.67510659 0.14345168 0.03229498
v 0.68066076 0.15178605 -0.08523635
v 0.67247771 0.10988555 -0.07283086
v 0.68047218 0.14379850 0.04641741
v 0.67495977 0.16040874 -0.07075273
v 0.67653558 0.18663135 0.04890322
v 0.67936861 0.19249550 -0.08978973
v 0.67179406 0.21245359 0.05182953
v 0.68821149 0.30004574 0.05143726
v 0.68259283 0.31800159 0.04858317
v 0.66709119 0.34766459 -0.08162837
v 0.65894144 0.37082982 -0.08651843
v 0.72125940 0.45878440 -0.09046458
v 0.66617020 0.46911900 -0.07112031
v 0.68785220 0.46638133 0.03373467
v 0.66572530 0.82366614 0.03403285
v 0.68954923 0.94962989 -0.03505912
v 0.67927109 -0.10554598 -0.02507719
v 0.68278815 0.38736416 -0.08904030
v 0.69618070 0.39413354 0.05116014
v 0.69436226 0.45826519 -0.08960184
v 0.70747349 0.46626555 -0.08616924
v 0.66757377 0.47335807 0.03337743
v 0.67989854 0.81443733 0.03150582
v 0.70726837 0.82867510 0.05194839
v 0.68788276 -0.10391081 -0.01959742
v 0.69423022 -0.08112043 -0.03135388
v 0.69821455 0.00468626 0.05143451
v 0.69711879 -0.00849783 0.04840537
v 0.66756345 0.06648603 -0.09019232
v 0.71506622 0.03709932 0.05140319
v 0.68803078 0.13461227 0.05154835
v 0.68839279 0.15318494 -0.09000836
v 0.68468640 0.36488252 0.02448729
v 0.70820566 0.36847057 0.00499701
v 0.69574484 0.38825636 -0.08488411
v 0.70721490 0.39984238 -0.08938703
v 0.67652534 0.45238578 0.05181749
v 0.70513951 0.46214921 0.05037308
v 0.69599004 0.51271382 0.04598513
v 0.72444313 0.72072677 -0.09439561
v 0.70998797 0.82143294 0.04526676
v 0.70070007 0.82999563 -0.09029825
v 0.71857347 -0.06761251 -0.02571548
v 0.69739551 -0.07875254 -0.00796328
v 0.69961048 0.00031201 -0.08905664
v 0.71089487 0.26124377 0.05126513
v 0.70701672 0.26727822 -0.08943722
v 0.69913362 0.28692446 0.05094093
v 0.70141516 0.29607697 -0.08265391
v 0.70756829 0.47077068 -0.07431231
v 0.71617758 0.47519474 0.03308508
v 0.70549162 0.81270047 -0.06967319
v 0.70893718 -0.08379713 -0.01963640
v 0.71005520 -0.03732796 0.01522233
v 0.70128381 0.29588554 0.04579469
v 0.69051728 0.34352159 0.02383097
v 0.70981777 0.37330965 -0.04981652
v 0.71720821 0.39624925 -0.08501888
v 0.72593737 0.47059334 0.04905214
v 0.70960555 0.48345968 0.03391273
v 0.69245897 0.50389729 -0.08322284
v 0.71610910 0.70464260 0.06030608
v 0.68973322 0.74532345 -0.09303206
v 0.71833689 0.90670610 -0.09003495
v 0.69928922 0.91718010 0.04695301
v 0.71134363 0.02011779 -0.08811005
v 0.71948399 0.23657064 -0.08931966
v 0.72308089 0.25344264 0.04616861
v 0.71899889 0.25650864 -0.08600507
v 0.71623777 0.33496724 -0.03610118
v 0.70124277 0.36174506 -0.04616855
v 0.72900219 0.33648737 -0.01725181
v 0.74080696 0.48580534 0.03319149
v 0.68932848 0.56364329 0.06138395
v 0.69346192 0.56466944 -0.10074992
v 0.72558696 0.81362214 0.03472784
v 0.70743292 0.81932490 -0.07354227
v 0.78647536 0.82205933 0.05162714
v 0.74077832 0.90996162 0.04580543
v 0.69709991 0.91672785 -0.08685108
v 0.72736640 -0.06417550 -0.01859843
v 0.73753160 -0.02732713 -0.00707634
v 0.72751451 -0.04442749 -0.03007939
v 0.75012799 -0.00674240 -0.03112212
v 0.72602130 0.06913011 0.05131483
v 0.72398092 0.22317213 0.05115414
v 0.72435166 0.23475011 0.05046280
v 0.72644534 0.22310460 -0.08921649
v 0.73589297 0.28297480 0.01369746
v 0.73609543 0.28517754 -0.04971567
v 0.72671887 0.36440357 -0.02795563
v 0.73045075 0.36046259 -0.01677679
v 0.73326874 0.40863648 0.05092802
v 0.73398403 0.47505165 -0.08782066
v 0.71317786 0.48010760 -0.07191688
v 0.72137876 0.78503514 -0.07728170
v 0.72381167 0.80688099 0.03088886
v 0.73411973 0.94496776 -0.03312233
v 0.71030142 0.94999730 -0.00706481
v 0.72081617 0.04201388 -0.08900505
v 0.71963396 0.03325713 0.04776971
v 0.73562763 0.09378105 0.05050225
v 0.73490091 0.13500688 0.05101467
v 0.73478486 0.11826432 -0.08946248
v 0.73359466 0.20034588 -0.08913405
v 0.73458386 0.21789890 0.04782101
v 0.72875987 0.24453780 -0.08225115
v 0.73258607 0.33004151 -0.02077259
v 0.71660955 0.39424629 0.04370249
v 0.73284080 0.44675435 0.05188252
v 0.73533350 0.49378804 0.03368146
v 0.73670260 0.65090910 0.06166101
v 0.72112645 0.67412870 -0.10287478
v 0.71289499 0.75968435 0.04723721
v 0.73560483 0.80324632 -0.06977509
v 0.72445717 0.81700196 -0.08506671
v 0.75193538 0.80257293 -0.07395418
v 0.74638976 0.90218039 0.05056112
v 0.74495353 -0.04105710 -0.01968796
v 0.75727428 0.00285085 -0.00935758
v 0.73316838 0.06765533 0.04650935
v 0.73055282 0.07004134 -0.08889686
v 0.74387106 0.14222058 0.04779845
v 0.74406640 0.16203452 -0.08575423
v 0.73980574 0.20879382 -0.08261068
v 0.73916775 0.36749725 -0.02100101
v 0.75193238 0.41032496 0.04589398
v 0.75350757 0.50466382 -0.07324153
v 0.73371394 0.81979783 -0.09025479
v 0.75355366 -0.02724270 -0.01956740
v 0.74379507 0.11342851 -0.08480637
v 0.73764875 0.19351969 0.05015086
v 0.75607233 0.29278335 -0.02041633
v 0.74215758 0.30400879 -0.01059474
v 0.73500779 0.37321937 -0.00690373
v 0.74327247 0.41412658 -0.08917703
v 0.75922067 0.48256894 -0.09032946
v 0.74522092 0.48712058 -0.07288932
v 0.76033248 0.50387169 0.03281398
v 0.72164306 0.57000214 0.05812854
v 0.77444384 0.74739673 -0.07750491
v 0.76431052 0.79916561 -0.08661227
v 0.74039345 0.81485242 0.05145486
v 0.75911594 0.89657137 -0.08940340
v 0.75327579 0.90563501 -0.08467895
v 0.77125689 0.93415640 -0.03355410
v 0.75625801 -0.01173612 -0.02631065
v 0.76781901 0.03502535 -0.03165654
v 0.76899735 0.24624060 -0.03003047
v 0.76840499 0.26928228 -0.01942762
v 0.75967186 0.26159435 -0.00532369
v 0.76986760 0.38761403 -0.03615932
v 0.73706519 0.40500166 -0.08682594
v 0.75278338 0.48290298 0.05051273
v 0.75015495 0.79539061 0.03036135
v 0.77009955 0.79205775 0.03520297
v 0.74154955 0.95553906 -0.01940989
v 0.76981302 0.94772086 -0.02016711
v 0.76926585 0.01766752 -0.02705568
v 0.76774545 -0.00083377 -0.01853708
v 0.77961264 0.07129299 -0.00872707
v 0.78275311 0.13649559 -0.03475158
v 0.76076025 0.41921515 -0.08865964
v 0.77000254 0.42545186 0.05062140
v 0.76891965 0.50304520 0.03323005
v 0.76995811 0.50427153 -0.07168562
v 0.75654451 0.53308474 -0.08168023
v 0.79408290 0.57755820 -0.08108556
v 0.76976268 0.78431163 0.02972802
v 0.76592751 0.79967214 0.04925246
v 0.77995698 0.02808899 -0.01985906
v 0.77769090 0.21103954 -0.03203767
v 0.77654460 0.21877390 -0.00816673
v 0.77623400 0.25485953 -0.01874639
v 0.78100927 0.43389399 -0.08905250
v 0.79062678 0.51463082 0.04526779
v 0.74174741 0.60926210 -0.09896487
v 0.76150632 0.78986504 -0.06903178
v 0.81012397 0.74704745 0.03143383
v 0.77512593 0.04981665 -0.00949770
v 0.78069349 0.08360713 -0.03166854
v 0.78394159 0.15943408 -0.00533087
v 0.77805967 0.49530627 0.05151537
v 0.75970114 0.49151463 -0.08314859
v 0.79544536 0.53964563 0.03351634
v 0.74840680 0.60186068 0.05774856
v 0.83008614 0.63453594 0.03469697
v 0.77968768 0.68745271 0.04873408
v 0.77511813 0.74665193 0.03863137
v 0.77961444 0.78945296 -0.08639775
v 0.77907688 0.89566740 0.04572829
v 0.74841010 0.94048411 -0.00439895
v 0.79021311 0.06372221 -0.01921272
v 0.78509553 0.11803706 -0.00711920
v 0.79068619 0.17623613 -0.02617103
v 0.78226788 0.18298004 -0.03153301
v 0.79057820 0.20597342 -0.01888661
v 0.78684139 0.37968774 -0.01938980
v 0.79663026 0.43744131 0.04571329
v 0.77702270 0.49883893 -0.08973657
v 0.78415599 0.51541342 0.03188959
v 0.76575353 0.63488432 -0.09456326
v 0.79200674 0.69631745 -0.08279392
v 0.80783419 0.74562074 -0.06932104
v 0.78639552 0.77951723 -0.07418179
v 0.78581175 0.78613462 0.05025135
v 0.79018177 0.09390841 -0.02664783
v 0.79771476 0.11970028 -0.01986127
v 0.79666505 0.16660373 -0.01898074
v 0.81006531 0.40358436 -0.03182105
v 0.80248602 0.45125990 -0.08936384
v 0.79254296 0.44351805 0.05100436
v 0.82447678 0.72100213 0.03229579
v 0.80838789 0.75774143 -0.08287647
v 0.79554153 0.77067230 0.04391700
v 0.79098796 0.88120331 0.05115172
v 0.79377238 0.43534267 -0.08438430
v 0.79439416 0.51475120 -0.08936827
v 0.80682864 0.53007283 -0.09006044
v 0.80740608 0.54333518 0.03267472
v 0.79960046 0.88000100 -0.08939422
v 0.79572276 0.92699714 -0.03138077
v 0.79943803 0.92465417 -0.00711862
v 0.79330476 0.39449808 -0.00554535
v 0.82720674 0.47777950 -0.08966972
v 0.81889305 0.53996929 0.05149468
v 0.79601584 0.52668766 -0.07183981
v 0.80700876 0.54660888 -0.07138428
v 0.82059121 0.58433499 0.03368661
v 0.81645966 0.74335255 -0.07415493
v 0.81555486 0.74631673 0.04622434
v 0.78160287 0.79819589 -0.09043992
v 0.80241942 0.77304392 0.05113887
v 0.79802133 0.93759949 -0.02009242
v 0.82315513 0.55445500 0.04891990
v 0.82460721 0.57299635 0.03642774
v 0.82631249 0.58116743 -0.07117543
v 0.82485013 0.70671768 0.03205696
v 0.83070844 0.72066044 0.04760542
v 0.83314609 0.85839060 -0.08411716
v 0.81346430 0.87325191 0.04790380
v 0.78597358 0.89256251 -0.08441687
v 0.82182167 0.39503033 -0.01973873
v 0.85129078 0.43449914 -0.03172047
v 0.82578108 0.55339507 -0.08990641
v 0.82778437 0.70940414 -0.07030738
v 0.82683924 0.73138371 -0.08703704
v 0.82392832 0.91116188 -0.03292759
v 0.83268264 0.92090755 -0.01994893
v 0.84753982 0.48457526 -0.08586078
v 0.82798535 0.47420101 0.05131667
v 0.86703979 0.52752517 -0.08976272
v 0.83561474 0.56990687 0.05151042
v 0.82950018 0.57300770 -0.08544343
v 0.83855815 0.59998885 -0.08450273
v 0.83578702 0.61600030 -0.07124927
v 0.82915422 0.58909464 0.03354257
v 0.83755522 0.59577001 0.04704113
v 0.83991572 0.63791351 0.03332629
v 0.83739211 0.68512440 0.03547162
v 0.83400804 0.72736967 0.05139333
v 0.83151525 0.73657498 -0.09009270
v 0.84778362 0.83514134 0.05043405
v 0.83481680 0.90424039 -0.00663541
v 0.83606717 0.42112031 -0.00724808
v 0.81931704 0.46026620 -0.08883138
v 0.83599533 0.47138925 0.04514743
v 0.85217075 0.50140498 -0.08918368
v 0.83958995 0.58290387 -0.08998048
v 0.84504463 0.60327114 -0.09007542
v 0.84501887 0.64238373 -0.08503484
v 0.83969538 0.64700390 -0.07091272
v 0.84604066 0.63914034 0.04661250
v 0.84071456 0.69375478 -0.08629210
v 0.83907685 0.68253941 -0.07336596
v 0.84431281 0.70020966 0.05131822
v 0.84438435 0.69893339 -0.09016407
v 0.85259176 0.82768170 -0.08970824
v 0.84885100 0.89344833 -0.03354594
v 0.85217205 0.62327287 -0.09011975
v 0.84495861 0.59574506 0.05173780
v 0.85570104 0.90538946 -0.01937321
v 0.86341629 0.51108229 0.04803220
v 0.88259946 0.56355063 0.05112377
v 0.86732637 0.80183126 0.05135787
v 0.87035057 0.45472897 -0.00669641
v 0.86455092 0.50644828 -0.08387153
v 0.86318482 0.52198920 0.05117224
v 0.85274692 0.67646196 -0.09054188
v 0.85300201 0.66015678 0.05149591
v 0.89926444 0.69372976 0.05119473
v 0.85096997 0.84006222 0.04524452
v 0.86267267 0.42670884 -0.01939038
v 0.87904392 0.53902305 0.04809073
v 0.87969390 0.54038182 -0.08749546
v 0.88020595 0.86469904 -0.03233022
v 0.89368039 0.86949072 -0.01954702
v 0.88668508 0.47399021 -0.00699893
v 0.88436937 0.56554899 -0.08963978
v 0.88506445 0.75750393 -0.08968899
v 0.87954493 0.78899196 -0.08779156
v 0.88556267 0.77054679 0.05019293
v 0.86562648 0.81726921 -0.08624588
v 0.89530562 0.46409209 -0.01990217
v 0.89098951 0.47869536 -0.03062366
v 0.90000721 0.49398796 -0.00690400
v 0.89598182 0.60378358 0.05089885
v 0.89487243 0.73319250 0.05075568
v 0.87506274 0.80206111 0.04672200
v 0.88087428 0.86410800 -0.00721779
v 0.90821765 0.48247269 -0.01962688
v 0.91936692 0.53099580 -0.00631745
v 0.93478114 0.56824843 -0.00863213
v 0.89333962 0.56749918 0.04475059
v 0.89798306 0.61612548 -0.08965352
v 0.89992349 0.69895757 -0.08974452
v 0.90214923 0.72355592 -0.08635104
v 0.91768898 0.52672655 -0.03193199
v 0.89168557 0.56931645 -0.08673869
v 0.90351908 0.60736474 -0.08494886
v 0.90154324 0.60942913 0.04789228
v 0.90879543 0.65122048 -0.08516083
v 0.90909804 0.67789534 0.04437333
v 0.89356459 0.75191934 -0.08752216
v 0.89782764 0.84551608 -0.02897692
v 0.92140443 0.50460097 -0.02055418
v 0.90929447 0.68334766 -0.08427028
v 0.90909043 0.82072164 -0.00712472
v 0.91991107 0.79982193 -0.03220508
v 0.91273441 0.84181137 -0.01873950
v 0.93162496 0.71839889 0.00980722
v 0.93415526 0.76279824 -0.03175923
v 0.92611642 0.78314422 -0.00679291
v 0.93592175 0.53556128 -0.02008150
v 0.93026391 0.79807378 -0.01358521
v 0.92741432 0.81496399 -0.01978763
v 0.94207142 0.61035629 -0.03326284
v 0.94751392 0.67023839 -0.00686277
v 0.94390969 0.72554573 -0.03056124
v 0.93494216 0.76003267 -0.00780158
v 0.93867830 0.78944041 -0.02002009
v 0.93498742 0.57447569 -0.03168995
v 0.94916903 0.57772681 -0.01918885
v 0.94465812 0.62021085 -0.00675226
v 0.94771198 0.76123856 -0.01879781
v 0.95027639 0.60703106 -0.02563187
v 0.95513818 0.64276348 -0.01294498
v 0.94727687 0.67813435 -0.03158683
v 0.95525024 0.68637196 -0.02618723
v 0.95426192 0.73220721 -0.01983459
v 0.94228568 0.72833527 -0.00758020
v 0.95475238 0.70982298 -0.01427726
v 0.95968107 0.67051282 -0.01968035
f 1 2 6
f 3 1 6
f 2 5 6
f 2 8 5
f 1 3 7
f 7 3 4
f 17 8 2
f 1 17 2
f 23 17 1
f 3 10 4
f 7 4 13
f 16 5 9
f 10 13 4
f 8 9 5
f 45 8 17
f 6 25 3
f 9 14 16
f 11 14 9
f 10 3 18
f 10 18 15
f 13 10 12
f 22 9 8
f 22 8 45
f 23 1 28
f 1 38 28
f 5 25 6
f 18 3 25
f 12 10 15
f 13 33 7
f 7 38 1
f 16 25 5
f 16 14 19
f 20 15 30
f 20 12 15
f 22 11 9
f 13 21 33
f 18 30 15
f 14 27 19
f 14 11 27
f 27 11 31
f 11 22 43
f 24 25 16
f 35 26 18
f 16 19 24
f 18 25 35
f 18 26 30
f 13 12 21
f 7 33 38
f 24 19 29
f 27 29 19
f 30 32 20
f 20 32 12
f 31 11 43
f 32 21 12
f 55 22 45
f 64 45 17
f 23 64 17
f 24 40 25
f 40 34 25
f 39 41 35
f 35 25 39
f 35 41 26
f 29 27 36
f 27 31 36
f 32 37 21
f 37 44 21
f 39 25 34
f 24 29 40
f 50 30 26
f 30 50 32
f 36 31 53
f 32 50 37
f 31 43 53
f 60 43 22
f 44 58 21
f 21 58 33
f 59 38 33
f 47 42 34
f 34 42 39
f 42 56 39
f 47 34 40
f 56 41 39
f 40 29 48
f 40 48 47
f 49 26 41
f 36 52 29
f 28 51 23
f 46 42 47
f 42 46 62
f 42 62 56
f 41 56 49
f 52 48 29
f 50 26 49
f 52 36 53
f 53 43 54
f 43 60 54
f 33 58 63
f 22 55 79
f 33 63 59
f 45 64 55
f 65 56 62
f 53 54 52
f 50 44 37
f 22 57 60
f 51 28 38
f 65 49 56
f 49 69 50
f 61 44 50
f 44 61 58
f 38 59 67
f 23 89 64
f 38 67 51
f 51 89 23
f 47 48 74
f 49 65 69
f 69 61 50
f 52 54 60
f 58 66 63
f 61 71 58
f 72 57 79
f 22 79 57
f 46 68 62
f 68 65 62
f 69 65 85
f 48 52 73
f 74 48 73
f 61 69 71
f 52 60 70
f 60 57 70
f 57 72 70
f 71 66 58
f 79 75 72
f 76 79 55
f 55 64 76
f 76 64 89
f 70 72 75
f 59 63 80
f 67 84 51
f 52 81 73
f 52 70 81
f 66 71 100
f 79 87 75
f 63 86 80
f 79 76 77
f 47 90 46
f 47 74 90
f 81 70 78
f 71 69 82
f 70 75 78
f 71 82 100
f 66 86 63
f 76 89 110
f 68 46 90
f 69 85 82
f 78 75 83
f 100 86 66
f 83 75 87
f 80 94 59
f 83 87 92
f 80 86 88
f 98 77 76
f 102 98 76
f 94 67 59
f 74 73 128
f 97 92 87
f 97 87 79
f 85 65 93
f 128 73 91
f 73 81 91
f 78 83 92
f 88 86 100
f 79 77 118
f 118 77 98
f 89 120 110
f 120 89 51
f 90 99 68
f 68 93 65
f 99 93 68
f 92 97 95
f 79 118 97
f 110 102 76
f 74 99 90
f 82 85 100
f 91 81 78
f 92 95 78
f 80 88 96
f 103 97 118
f 94 119 67
f 84 67 119
f 111 120 51
f 111 51 84
f 97 103 95
f 96 104 80
f 80 104 109
f 80 109 94
f 118 98 105
f 105 98 102
f 84 148 111
f 100 85 101
f 142 88 100
f 108 107 112
f 142 100 101
f 161 78 95
f 103 161 95
f 96 126 104
f 143 105 102
f 102 110 143
f 119 148 84
f 106 121 112
f 112 107 106
f 107 114 106
f 114 107 116
f 99 74 117
f 169 93 99
f 93 169 85
f 117 74 128
f 161 91 78
f 142 96 88
f 142 126 96
f 94 109 138
f 138 119 94
f 112 121 154
f 112 154 113
f 108 112 113
f 108 113 115
f 125 108 115
f 124 116 107
f 108 124 107
f 103 118 135
f 121 106 122
f 140 113 154
f 140 130 113
f 122 106 123
f 106 114 123
f 114 141 127
f 116 141 114
f 124 108 125
f 85 169 101
f 161 103 135
f 143 153 105
f 179 120 111
f 179 111 139
f 130 115 113
f 123 114 127
f 141 177 127
f 124 146 116
f 99 117 133
f 99 133 169
f 91 151 128
f 101 134 142
f 91 161 151
f 104 126 136
f 136 137 104
f 135 118 147
f 137 109 104
f 105 153 118
f 119 138 148
f 129 121 122
f 130 145 115
f 132 131 123
f 123 127 132
f 149 125 115
f 116 146 141
f 170 142 134
f 111 148 139
f 144 123 131
f 144 122 123
f 145 149 115
f 127 167 132
f 125 150 124
f 101 178 134
f 128 151 160
f 142 136 126
f 142 162 136
f 161 135 147
f 152 161 147
f 162 137 136
f 200 121 129
f 121 200 154
f 140 154 155
f 122 144 165
f 125 149 168
f 146 177 141
f 146 124 150
f 117 128 160
f 178 101 169
f 118 153 163
f 109 164 138
f 174 120 179
f 156 130 140
f 157 130 181
f 130 157 145
f 159 145 157
f 149 145 159
f 149 159 208
f 127 177 167
f 217 146 150
f 168 150 125
f 134 178 170
f 220 118 163
f 143 189 153
f 174 171 110
f 174 110 120
f 155 156 140
f 165 144 182
f 156 181 130
f 158 144 131
f 208 159 166
f 167 172 132
f 149 208 168
f 177 146 217
f 220 152 147
f 162 187 137
f 137 187 109
f 147 118 220
f 138 164 148
f 189 188 153
f 143 171 189
f 110 171 143
f 200 243 154
f 129 122 165
f 144 158 182
f 158 183 182
f 175 157 181
f 131 172 158
f 157 166 159
f 131 132 172
f 188 163 153
f 243 155 154
f 165 182 201
f 175 176 157
f 157 176 166
f 158 172 223
f 166 190 208
f 168 208 236
f 150 186 217
f 178 169 218
f 117 160 173
f 160 151 192
f 161 152 199
f 190 166 197
f 186 150 168
f 117 173 191
f 133 117 191
f 173 160 198
f 160 192 198
f 151 161 192
f 142 170 193
f 142 193 162
f 199 152 219
f 232 187 162
f 109 209 164
f 165 195 129
f 155 180 156
f 180 181 156
f 205 175 181
f 175 196 176
f 196 260 176
f 172 185 223
f 166 184 197
f 172 167 185
f 190 207 208
f 177 230 167
f 169 133 191
f 224 178 218
f 178 224 170
f 161 199 192
f 152 220 219
f 243 194 155
f 194 180 155
f 195 165 201
f 183 158 212
f 176 260 184
f 158 223 212
f 176 184 166
f 185 167 206
f 207 190 214
f 197 214 190
f 230 206 167
f 170 224 241
f 170 241 193
f 163 188 242
f 225 139 148
f 201 182 202
f 183 204 182
f 205 181 203
f 175 205 196
f 169 191 218
f 173 198 231
f 193 232 162
f 109 187 209
f 242 188 226
f 226 188 189
f 164 225 148
f 180 292 181
f 227 182 204
f 223 185 213
f 206 213 185
f 186 216 217
f 191 173 264
f 218 191 264
f 263 173 231
f 243 279 194
f 195 201 267
f 292 203 181
f 227 204 228
f 203 210 205
f 210 196 205
f 228 183 212
f 228 204 183
f 235 213 206
f 230 235 206
f 208 207 236
f 230 177 217
f 168 236 237
f 237 186 168
f 239 216 186
f 173 263 264
f 198 192 199
f 171 226 189
f 225 221 139
f 179 139 221
f 201 202 267
f 182 227 202
f 256 210 203
f 227 228 257
f 210 233 196
f 228 212 258
f 196 233 211
f 211 260 196
f 222 212 223
f 197 184 214
f 229 214 184
f 214 229 207
f 207 229 215
f 238 216 239
f 237 239 186
f 198 199 240
f 219 342 265
f 242 220 163
f 129 195 244
f 292 247 203
f 247 256 203
f 222 223 248
f 234 184 260
f 234 249 184
f 213 271 223
f 271 213 235
f 230 250 235
f 230 217 262
f 219 265 199
f 299 219 220
f 242 299 220
f 209 254 164
f 225 164 254
f 200 129 255
f 129 244 255
f 195 267 244
f 246 180 194
f 256 233 210
f 258 212 259
f 229 184 249
f 229 261 215
f 207 215 236
f 274 262 217
f 216 274 217
f 198 240 231
f 219 299 342
f 171 277 226
f 279 245 194
f 246 292 180
f 267 202 291
f 227 268 202
f 258 257 228
f 259 212 285
f 212 222 285
f 229 249 261
f 271 235 250
f 262 250 230
f 251 237 236
f 216 238 274
f 218 264 252
f 224 218 314
f 241 224 314
f 241 253 193
f 199 265 240
f 232 289 187
f 187 289 209
f 277 242 226
f 225 254 368
f 368 221 225
f 278 279 243
f 278 200 255
f 243 200 278
f 255 244 266
f 245 246 194
f 268 227 257
f 319 258 259
f 211 284 260
f 259 285 269
f 260 270 234
f 248 223 271
f 215 261 273
f 272 250 262
f 218 252 314
f 241 314 253
f 240 265 276
f 267 291 244
f 291 202 268
f 319 259 269
f 284 270 260
f 285 222 248
f 270 295 234
f 271 250 272
f 262 296 272
f 215 286 236
f 274 287 262
f 275 237 251
f 275 239 237
f 311 239 263
f 239 264 263
f 288 264 239
f 264 288 252
f 325 263 231
f 231 240 276
f 231 276 325
f 193 289 232
f 193 326 289
f 254 209 300
f 277 344 242
f 255 290 278
f 278 290 279
f 245 279 280
f 245 280 281
f 281 246 245
f 293 291 268
f 268 294 293
f 268 257 294
f 257 258 304
f 233 282 211
f 211 283 284
f 271 272 309
f 310 273 261
f 215 273 286
f 273 310 286
f 262 287 296
f 286 251 236
f 275 288 239
f 311 263 298
f 263 325 298
f 362 316 314
f 209 289 326
f 344 299 242
f 317 290 255
f 255 266 317
f 279 290 280
f 266 244 302
f 302 244 291
f 329 246 281
f 246 329 292
f 304 294 257
f 304 258 319
f 319 269 321
f 282 283 211
f 305 269 285
f 306 284 332
f 270 284 306
f 285 248 305
f 295 270 306
f 305 248 308
f 248 336 308
f 271 336 248
f 310 297 286
f 311 238 239
f 313 288 275
f 252 288 313
f 252 313 362
f 314 252 362
f 316 253 314
f 326 300 209
f 179 420 174
f 221 420 179
f 290 301 280
f 369 301 290
f 328 280 301
f 302 317 266
f 280 328 281
f 328 329 281
f 291 293 303
f 303 293 294
f 345 256 247
f 233 256 345
f 283 332 284
f 305 333 269
f 308 349 305
f 295 306 307
f 336 358 308
f 375 234 335
f 335 234 295
f 249 234 375
f 249 310 261
f 272 296 309
f 274 415 287
f 415 274 312
f 274 238 312
f 311 312 238
f 311 298 312
f 298 323 312
f 325 315 298
f 341 193 253
f 342 299 390
f 390 299 344
f 300 326 343
f 369 290 317
f 302 291 318
f 292 330 247
f 330 345 247
f 233 345 282
f 319 321 354
f 282 320 283
f 331 283 320
f 331 332 283
f 322 332 356
f 333 321 269
f 322 333 332
f 306 332 333
f 333 305 349
f 334 306 333
f 271 309 336
f 310 249 350
f 297 310 350
f 286 297 361
f 286 361 251
f 339 275 251
f 275 338 313
f 323 298 324
f 313 338 362
f 338 340 362
f 315 324 298
f 276 265 363
f 325 276 363
f 342 363 265
f 341 326 193
f 277 327 344
f 254 391 368
f 171 327 277
f 352 171 174
f 352 174 420
f 369 317 381
f 302 353 317
f 291 303 318
f 329 330 292
f 345 346 282
f 321 348 354
f 372 348 321
f 321 333 372
f 322 372 333
f 334 333 349
f 334 307 306
f 295 307 335
f 309 296 359
f 296 287 359
f 297 360 361
f 337 359 287
f 287 415 337
f 338 275 339
f 326 341 343
f 343 366 300
f 254 300 391
f 171 367 327
f 171 352 367
f 317 353 381
f 301 369 382
f 302 318 353
f 382 328 301
f 329 328 382
f 370 330 329
f 330 370 345
f 371 303 294
f 371 294 304
f 345 370 346
f 304 319 347
f 331 356 332
f 356 372 322
f 349 374 334
f 308 358 374
f 335 307 357
f 350 249 375
f 297 350 360
f 351 251 361
f 415 377 337
f 312 386 415
f 386 312 323
f 338 388 340
f 362 340 398
f 398 340 388
f 316 362 406
f 341 365 343
f 327 367 380
f 329 382 370
f 371 318 303
f 371 304 347
f 320 282 346
f 354 348 355
f 373 356 331
f 307 374 357
f 307 334 374
f 335 357 375
f 336 309 404
f 376 350 375
f 388 338 339
f 386 323 324
f 324 315 386
f 341 253 389
f 363 342 451
f 364 365 341
f 343 365 366
f 366 379 300
f 318 383 353
f 383 318 371
f 347 319 354
f 346 408 320
f 331 320 384
f 331 384 373
f 348 372 373
f 373 372 356
f 349 308 374
f 374 385 357
f 358 336 402
f 402 336 404
f 360 350 394
f 309 359 377
f 359 337 377
f 394 361 360
f 361 394 351
f 251 351 339
f 387 386 315
f 398 406 362
f 363 378 325
f 450 378 363
f 253 316 389
f 451 450 363
f 451 342 390
f 379 407 300
f 391 300 407
f 327 380 344
f 368 430 221
f 382 369 422
f 353 383 400
f 393 370 382
f 393 382 433
f 383 371 347
f 370 393 346
f 393 408 346
f 374 358 385
f 357 385 403
f 447 375 357
f 375 447 376
f 415 395 377
f 416 415 386
f 388 339 417
f 315 325 396
f 387 315 396
f 365 364 366
f 379 366 399
f 369 381 422
f 381 392 422
f 353 392 381
f 353 400 392
f 382 422 433
f 320 408 384
f 355 348 373
f 385 358 402
f 357 403 447
f 377 509 309
f 509 377 395
f 416 386 405
f 387 405 386
f 387 396 405
f 325 397 396
f 418 316 406
f 316 418 389
f 399 366 364
f 399 428 379
f 420 419 352
f 431 420 221
f 383 347 401
f 355 347 354
f 355 373 409
f 408 410 384
f 373 384 409
f 410 409 384
f 402 404 446
f 350 436 394
f 412 394 436
f 394 412 351
f 415 413 395
f 351 414 339
f 396 397 405
f 405 397 426
f 398 388 417
f 325 378 397
f 378 439 397
f 389 481 341
f 344 464 390
f 368 391 430
f 429 352 419
f 430 431 221
f 422 392 421
f 392 400 421
f 400 383 401
f 401 347 423
f 355 423 347
f 355 409 423
f 403 385 445
f 385 402 424
f 309 509 404
f 339 425 417
f 437 405 426
f 417 406 398
f 417 438 406
f 426 397 439
f 406 438 427
f 418 406 427
f 378 450 441
f 389 418 481
f 390 464 451
f 399 364 428
f 407 453 391
f 380 454 344
f 454 380 367
f 391 453 430
f 429 454 367
f 367 352 429
f 421 433 422
f 401 444 400
f 393 410 408
f 376 447 411
f 404 459 446
f 376 411 435
f 435 350 376
f 395 413 509
f 468 412 436
f 460 413 415
f 448 460 415
f 339 478 425
f 405 437 416
f 481 526 341
f 526 364 341
f 526 428 364
f 454 472 344
f 419 420 432
f 431 432 420
f 400 444 421
f 443 433 421
f 443 393 433
f 393 443 410
f 385 424 445
f 403 445 466
f 403 466 447
f 402 446 424
f 509 459 404
f 435 411 434
f 436 350 435
f 416 448 415
f 425 438 417
f 426 439 437
f 440 439 378
f 379 428 452
f 407 379 452
f 442 431 430
f 419 457 429
f 457 419 432
f 432 431 457
f 431 442 457
f 421 444 443
f 423 444 401
f 443 444 423
f 443 423 409
f 410 443 409
f 467 411 447
f 411 467 434
f 413 510 509
f 468 461 412
f 460 510 413
f 438 425 427
f 425 449 427
f 481 544 526
f 428 526 452
f 464 344 472
f 453 455 430
f 429 456 454
f 430 455 442
f 429 457 456
f 476 488 485
f 485 458 476
f 447 466 467
f 446 477 424
f 446 459 477
f 434 491 435
f 491 436 435
f 508 468 436
f 351 412 461
f 448 469 460
f 414 478 339
f 462 416 437
f 462 437 439
f 439 440 462
f 462 440 463
f 454 456 472
f 457 442 564
f 485 465 458
f 445 424 552
f 467 554 434
f 477 459 506
f 491 508 436
f 510 460 469
f 351 461 414
f 448 522 469
f 522 448 416
f 478 449 425
f 479 462 463
f 440 480 463
f 427 449 493
f 378 441 440
f 418 427 481
f 450 482 441
f 452 470 407
f 455 453 495
f 484 472 456
f 564 442 455
f 564 473 457
f 485 515 465
f 488 474 486
f 487 475 465
f 475 458 465
f 458 502 476
f 424 489 552
f 466 445 552
f 424 477 489
f 490 434 554
f 490 491 434
f 490 507 491
f 508 491 507
f 459 509 520
f 479 416 462
f 478 512 449
f 479 463 480
f 479 480 492
f 512 493 449
f 441 480 440
f 481 427 493
f 450 451 482
f 452 526 470
f 483 470 526
f 470 528 407
f 472 494 464
f 472 484 471
f 495 453 407
f 495 564 455
f 457 484 456
f 473 484 457
f 488 486 485
f 485 486 515
f 465 515 499
f 486 474 501
f 465 499 487
f 534 501 474
f 488 534 474
f 551 534 488
f 476 551 488
f 476 503 551
f 476 502 503
f 477 506 504
f 459 520 506
f 510 561 509
f 521 461 468
f 416 479 522
f 540 512 478
f 492 541 479
f 464 577 451
f 483 528 470
f 464 494 527
f 494 472 471
f 471 484 566
f 473 496 484
f 498 497 486
f 515 486 497
f 486 501 498
f 487 499 500
f 487 603 475
f 475 502 458
f 603 502 475
f 467 466 553
f 467 553 554
f 518 477 504
f 519 504 506
f 490 505 507
f 506 520 558
f 558 519 506
f 507 559 508
f 537 510 469
f 461 511 414
f 461 521 511
f 414 511 478
f 479 539 522
f 541 539 479
f 493 512 524
f 480 441 525
f 577 464 527
f 528 483 562
f 528 545 407
f 494 471 513
f 545 495 407
f 545 564 495
f 496 566 484
f 548 514 497
f 515 497 514
f 533 497 498
f 515 532 499
f 516 533 498
f 500 499 532
f 516 498 501
f 487 500 603
f 516 501 517
f 501 534 517
f 503 604 551
f 466 552 553
f 535 552 489
f 477 518 489
f 490 554 570
f 555 504 536
f 555 536 556
f 536 504 519
f 520 509 561
f 508 560 468
f 561 510 537
f 469 522 537
f 511 540 478
f 523 541 492
f 540 524 512
f 480 525 492
f 492 525 523
f 542 493 524
f 493 542 481
f 544 481 542
f 451 577 482
f 483 526 562
f 513 527 494
f 496 530 566
f 473 530 496
f 473 564 529
f 530 473 514
f 514 473 529
f 514 548 530
f 515 514 529
f 515 529 531
f 533 582 548
f 548 497 533
f 515 531 532
f 533 516 582
f 516 517 600
f 500 550 603
f 633 604 503
f 489 518 535
f 518 504 555
f 557 490 570
f 490 557 505
f 559 507 505
f 558 520 587
f 508 559 560
f 468 560 572
f 572 521 468
f 522 539 537
f 521 538 511
f 538 540 511
f 539 541 590
f 540 576 524
f 542 524 543
f 542 543 592
f 441 482 525
f 563 528 562
f 528 563 545
f 513 566 578
f 566 513 471
f 547 566 530
f 597 529 546
f 564 546 529
f 548 547 530
f 597 531 529
f 549 532 531
f 516 600 582
f 532 549 500
f 549 550 500
f 534 568 517
f 551 568 534
f 568 551 604
f 552 569 553
f 557 570 571
f 536 519 558
f 536 558 556
f 505 557 586
f 586 559 505
f 587 520 622
f 520 561 622
f 537 539 574
f 538 521 573
f 538 576 540
f 523 543 541
f 576 543 524
f 523 525 592
f 523 592 543
f 482 612 525
f 482 577 612
f 544 593 526
f 593 562 526
f 545 563 579
f 595 578 566
f 545 565 564
f 566 547 580
f 580 547 614
f 564 565 546
f 598 567 548
f 547 548 567
f 548 582 598
f 502 668 503
f 552 535 569
f 584 557 571
f 558 585 556
f 557 584 586
f 585 558 587
f 589 561 537
f 521 572 573
f 537 574 589
f 538 573 575
f 539 590 574
f 538 575 576
f 541 543 591
f 525 612 611
f 527 513 578
f 562 579 563
f 545 579 565
f 580 596 595
f 566 580 595
f 565 597 546
f 565 596 597
f 614 547 567
f 531 581 549
f 581 599 549
f 549 599 550
f 600 517 617
f 568 617 517
f 603 550 602
f 568 604 632
f 668 633 503
f 603 668 502
f 671 554 553
f 554 583 570
f 583 606 570
f 606 571 570
f 556 637 555
f 619 637 556
f 584 571 606
f 572 560 588
f 574 590 589
f 541 591 590
f 610 543 576
f 543 609 591
f 543 610 609
f 544 628 593
f 577 527 578
f 593 594 562
f 562 594 579
f 565 594 596
f 594 645 596
f 596 580 614
f 614 567 647
f 531 597 615
f 531 615 581
f 616 567 598
f 616 598 582
f 582 600 616
f 550 599 601
f 550 601 602
f 535 518 605
f 518 555 605
f 605 555 637
f 584 606 620
f 556 585 619
f 584 620 586
f 586 620 621
f 607 585 587
f 621 559 586
f 587 622 607
f 559 621 560
f 622 561 639
f 572 588 623
f 561 589 639
f 573 572 623
f 639 589 625
f 575 573 624
f 589 590 625
f 591 625 590
f 608 576 575
f 576 608 610
f 592 525 627
f 592 627 643
f 643 542 592
f 544 542 643
f 628 544 643
f 629 577 578
f 629 578 595
f 595 645 613
f 596 645 595
f 579 594 565
f 614 646 596
f 597 596 646
f 597 646 649
f 597 650 615
f 597 649 650
f 651 647 567
f 651 567 690
f 567 616 690
f 581 630 599
f 616 600 631
f 617 631 600
f 602 601 654
f 667 617 568
f 603 602 668
f 568 655 667
f 632 655 568
f 553 569 618
f 535 605 684
f 554 671 583
f 671 672 583
f 606 583 672
f 606 672 620
f 585 607 619
f 673 607 622
f 588 560 621
f 623 624 573
f 641 625 591
f 640 626 608
f 624 640 608
f 575 624 608
f 608 626 642
f 608 642 610
f 627 525 611
f 612 577 629
f 645 594 628
f 593 628 594
f 613 629 595
f 615 630 581
f 616 665 690
f 631 665 616
f 631 617 680
f 602 654 681
f 633 668 682
f 632 604 635
f 633 635 604
f 634 635 633
f 634 633 682
f 634 636 635
f 636 634 669
f 569 535 684
f 618 671 553
f 605 637 638
f 638 637 619
f 638 619 660
f 619 685 660
f 607 685 619
f 673 685 607
f 623 640 624
f 641 639 625
f 642 626 640
f 662 642 640
f 591 609 641
f 662 641 642
f 642 641 609
f 642 609 610
f 611 644 627
f 644 643 627
f 613 644 611
f 612 613 611
f 645 643 644
f 612 629 613
f 645 644 613
f 628 643 645
f 646 676 686
f 647 648 663
f 646 614 676
f 663 614 647
f 647 651 648
f 650 652 615
f 615 652 630
f 652 653 630
f 599 630 653
f 680 617 666
f 667 666 617
f 681 700 602
f 602 700 668
f 632 635 655
f 635 657 655
f 656 655 657
f 669 634 682
f 635 636 657
f 658 636 669
f 636 659 657
f 659 636 658
f 569 670 618
f 672 704 620
f 704 621 620
f 621 729 588
f 673 622 674
f 622 639 674
f 674 639 675
f 661 623 588
f 623 661 640
f 661 662 640
f 639 641 675
f 707 675 641
f 707 641 662
f 646 686 649
f 676 614 663
f 649 664 650
f 648 651 677
f 650 664 652
f 678 652 664
f 709 677 651
f 690 709 651
f 653 652 678
f 697 601 599
f 631 679 665
f 631 680 679
f 654 601 697
f 659 711 657
f 713 670 569
f 670 692 618
f 569 684 713
f 692 671 618
f 605 638 693
f 729 661 588
f 661 717 662
f 716 707 662
f 649 686 687
f 664 649 687
f 689 664 687
f 677 688 648
f 664 689 678
f 710 599 653
f 710 697 599
f 668 701 682
f 682 683 669
f 683 682 701
f 669 683 658
f 657 711 702
f 712 659 658
f 684 605 693
f 693 638 660
f 662 717 716
f 676 663 695
f 663 694 695
f 676 695 686
f 648 694 663
f 687 686 696
f 694 648 688
f 689 687 696
f 679 690 665
f 698 654 697
f 654 698 681
f 657 702 656
f 726 658 683
f 712 658 726
f 712 711 659
f 691 670 713
f 691 692 670
f 671 703 672
f 703 704 672
f 705 660 685
f 704 728 621
f 729 621 728
f 673 674 749
f 729 706 661
f 674 675 731
f 661 706 717
f 686 695 708
f 708 695 718
f 696 686 708
f 695 694 688
f 718 695 688
f 719 708 718
f 690 679 734
f 679 680 722
f 697 721 698
f 722 680 699
f 680 666 699
f 699 666 667
f 700 681 723
f 668 700 701
f 762 683 701
f 655 656 777
f 683 762 726
f 714 671 692
f 713 684 740
f 740 684 693
f 671 714 703
f 685 673 705
f 742 673 749
f 731 749 674
f 731 675 707
f 677 709 720
f 677 720 688
f 678 689 733
f 733 653 678
f 733 710 653
f 721 697 710
f 722 734 679
f 698 721 723
f 698 723 681
f 724 699 667
f 700 723 744
f 700 744 701
f 667 655 777
f 777 656 725
f 656 702 725
f 736 711 712
f 692 691 739
f 692 739 714
f 714 771 703
f 771 747 703
f 693 660 741
f 660 705 741
f 715 704 703
f 715 728 704
f 742 705 673
f 728 748 729
f 755 749 731
f 718 688 732
f 696 708 802
f 689 696 802
f 757 733 689
f 690 734 709
f 721 710 758
f 734 722 743
f 722 699 724
f 667 760 724
f 762 745 726
f 702 727 725
f 712 726 735
f 702 711 736
f 727 702 736
f 735 736 712
f 691 738 746
f 739 691 746
f 693 741 740
f 747 715 703
f 754 728 715
f 729 748 730
f 729 730 706
f 706 730 717
f 730 775 717
f 707 784 731
f 756 784 716
f 716 784 707
f 775 756 716
f 775 716 717
f 732 719 718
f 802 708 719
f 689 802 757
f 722 724 743
f 758 723 721
f 760 743 724
f 744 723 758
f 726 745 735
f 746 737 739
f 713 738 691
f 713 740 738
f 773 740 741
f 728 754 748
f 731 784 755
f 732 688 720
f 710 733 758
f 744 758 769
f 744 761 701
f 667 777 760
f 727 778 725
f 736 787 727
f 727 787 779
f 736 780 787
f 736 796 780
f 796 736 735
f 746 738 752
f 751 739 737
f 739 771 714
f 747 754 715
f 741 705 753
f 748 754 766
f 753 705 742
f 760 759 743
f 783 769 758
f 744 769 761
f 735 745 763
f 735 763 796
f 746 750 781
f 746 752 750
f 781 737 746
f 751 771 739
f 764 738 740
f 747 771 789
f 773 741 753
f 742 765 753
f 774 742 755
f 748 767 730
f 755 742 749
f 709 776 720
f 733 757 792
f 709 734 776
f 759 760 768
f 770 760 777
f 725 778 777
f 779 778 727
f 737 781 751
f 738 764 752
f 764 740 772
f 772 740 773
f 773 753 765
f 766 754 747
f 742 774 765
f 748 790 767
f 719 732 813
f 719 813 802
f 732 720 782
f 785 758 733
f 734 743 776
f 760 770 768
f 761 769 786
f 701 761 762
f 761 793 762
f 762 793 745
f 745 793 763
f 813 732 823
f 732 782 823
f 757 802 792
f 776 782 720
f 733 792 785
f 743 759 776
f 785 783 758
f 750 764 788
f 750 788 781
f 752 764 750
f 781 800 751
f 789 766 747
f 748 766 790
f 730 767 775
f 755 791 774
f 791 755 784
f 814 776 759
f 815 769 783
f 817 777 778
f 779 795 778
f 763 794 796
f 800 771 751
f 798 772 773
f 773 765 798
f 782 776 814
f 815 786 769
f 817 778 799
f 778 795 799
f 781 788 800
f 789 771 800
f 789 812 766
f 798 765 805
f 766 812 790
f 765 774 805
f 790 801 767
f 767 801 775
f 791 784 801
f 756 801 784
f 775 801 756
f 761 786 793
f 777 817 770
f 763 793 794
f 794 803 796
f 779 819 795
f 779 787 819
f 787 780 819
f 788 804 800
f 788 764 797
f 764 772 797
f 774 806 805
f 823 782 820
f 824 785 792
f 814 820 782
f 807 785 824
f 759 768 829
f 829 768 770
f 780 796 803
f 808 819 780
f 804 788 797
f 800 809 789
f 809 812 789
f 772 798 797
f 790 811 801
f 792 802 813
f 807 783 785
f 829 770 817
f 794 818 803
f 825 808 780
f 803 825 780
f 809 800 804
f 797 798 810
f 810 798 805
f 791 806 774
f 806 791 801
f 821 809 804
f 810 804 797
f 810 805 822
f 812 809 811
f 790 812 811
f 811 806 801
f 824 792 813
f 816 786 815
f 786 816 793
f 794 835 818
f 794 793 835
f 810 821 804
f 822 821 810
f 806 822 805
f 806 811 822
f 823 913 813
f 823 820 859
f 783 832 815
f 819 837 795
f 809 821 811
f 811 821 822
f 759 844 814
f 829 844 759
f 833 829 817
f 835 793 816
f 795 837 799
f 839 826 840
f 827 841 826
f 827 826 828
f 832 783 807
f 816 815 834
f 816 834 835
f 836 817 799
f 837 836 799
f 838 839 840
f 840 826 841
f 839 842 826
f 828 826 842
f 842 831 828
f 828 830 827
f 830 828 831
f 913 823 859
f 829 833 844
f 850 836 837
f 825 803 851
f 818 851 803
f 819 845 837
f 845 819 808
f 838 846 839
f 872 838 840
f 872 840 841
f 842 843 831
f 938 824 813
f 876 807 824
f 844 952 814
f 952 820 814
f 807 876 832
f 815 832 834
f 834 861 835
f 848 833 817
f 849 879 835
f 835 879 818
f 850 863 836
f 837 845 850
f 825 851 865
f 869 846 838
f 838 885 869
f 839 846 854
f 855 842 839
f 856 841 827
f 858 827 830
f 902 858 830
f 830 831 891
f 891 831 847
f 831 843 847
f 913 938 813
f 930 817 836
f 930 836 878
f 863 878 836
f 851 818 862
f 808 865 845
f 865 808 825
f 881 852 908
f 908 868 881
f 868 853 881
f 885 838 871
f 838 872 873
f 872 841 856
f 855 857 842
f 856 827 858
f 830 891 902
f 891 847 893
f 847 875 893
f 952 939 820
f 832 860 834
f 833 848 844
f 834 860 861
f 860 849 861
f 818 879 862
f 845 863 850
f 845 864 863
f 865 864 845
f 917 852 881
f 882 908 852
f 881 853 867
f 846 869 909
f 870 846 909
f 838 873 871
f 900 854 846
f 854 900 887
f 874 873 872
f 839 854 855
f 854 901 855
f 872 856 874
f 874 856 888
f 857 855 901
f 857 901 890
f 858 888 856
f 857 843 842
f 911 843 857
f 892 843 911
f 843 892 847
f 875 847 892
f 824 938 876
f 940 832 876
f 832 940 860
f 877 849 860
f 930 848 817
f 861 849 835
f 851 862 880
f 916 880 862
f 863 864 895
f 864 865 880
f 851 880 865
f 882 852 917
f 867 866 883
f 908 882 897
f 897 882 896
f 1062 866 867
f 884 853 868
f 846 870 900
f 873 874 886
f 854 887 901
f 888 858 889
f 857 890 911
f 902 889 858
f 892 903 875
f 859 820 969
f 969 820 939
f 876 938 978
f 877 928 849
f 848 930 914
f 849 915 879
f 863 894 878
f 916 862 879
f 895 894 863
f 864 880 943
f 916 943 880
f 883 917 867
f 917 881 867
f 866 919 883
f 853 884 867
f 869 898 909
f 920 885 871
f 900 870 899
f 910 900 899
f 871 873 922
f 922 873 886
f 887 900 910
f 887 984 901
f 886 874 988
f 874 888 988
f 988 888 889
f 889 902 923
f 891 926 902
f 891 893 926
f 892 925 912
f 875 927 904
f 875 904 893
f 875 905 927
f 940 941 860
f 877 860 941
f 849 928 915
f 944 895 864
f 956 864 943
f 946 906 917
f 906 882 917
f 896 882 906
f 896 906 947
f 947 907 896
f 866 934 919
f 866 948 934
f 907 897 896
f 1062 948 866
f 884 1062 867
f 868 976 884
f 908 976 868
f 869 885 898
f 909 935 870
f 920 871 921
f 950 899 870
f 871 922 921
f 890 936 911
f 925 892 911
f 951 926 904
f 926 893 904
f 892 912 903
f 875 903 905
f 913 859 969
f 940 876 978
f 877 941 928
f 931 930 878
f 916 879 915
f 878 894 931
f 947 906 946
f 883 919 933
f 933 919 918
f 917 883 933
f 962 908 897
f 977 898 949
f 909 898 977
f 935 909 977
f 898 885 920
f 935 950 870
f 963 920 921
f 922 886 1048
f 887 910 984
f 923 902 924
f 936 925 911
f 926 924 902
f 904 992 951
f 927 992 904
f 844 848 994
f 928 929 915
f 931 894 944
f 943 916 942
f 942 916 915
f 944 894 895
f 944 864 956
f 932 957 917
f 933 945 917
f 917 957 946
f 946 959 947
f 918 919 974
f 897 907 960
f 962 897 960
f 921 922 965
f 924 926 937
f 925 936 990
f 925 990 912
f 903 968 905
f 938 913 969
f 940 970 941
f 928 941 929
f 954 914 930
f 942 955 943
f 942 915 929
f 930 931 954
f 917 945 932
f 973 946 957
f 945 933 958
f 933 918 958
f 947 1016 907
f 919 934 974
f 948 974 934
f 907 1016 960
f 950 935 964
f 921 965 963
f 950 910 899
f 986 1008 901
f 901 1008 890
f 890 1008 936
f 989 923 924
f 937 926 966
f 951 966 926
f 905 968 1012
f 927 905 1012
f 940 978 970
f 844 994 952
f 994 848 953
f 848 914 953
f 953 914 954
f 942 929 955
f 929 941 955
f 956 943 995
f 955 995 943
f 944 954 931
f 973 959 946
f 959 1016 947
f 1016 1059 960
f 962 976 908
f 1047 898 920
f 949 898 1047
f 977 981 935
f 964 935 981
f 982 910 950
f 964 982 950
f 965 922 1048
f 910 1022 984
f 886 988 987
f 984 986 901
f 889 923 988
f 988 923 989
f 1009 990 936
f 912 991 903
f 992 1032 951
f 903 991 967
f 903 967 968
f 927 1011 992
f 927 1012 1011
f 1057 938 969
f 978 938 1037
f 939 952 993
f 971 953 954
f 971 954 944
f 980 972 958
f 945 958 972
f 959 973 996
f 997 980 958
f 997 958 918
f 961 974 948
f 960 975 962
f 1062 961 948
f 1047 920 963
f 983 886 985
f 886 987 985
f 1008 1009 936
f 924 937 989
f 937 966 989
f 966 1032 989
f 1032 966 951
f 969 939 1056
f 1037 938 1057
f 1038 970 978
f 952 994 993
f 994 953 979
f 995 970 1014
f 970 995 941
f 979 953 971
f 971 944 979
f 941 995 955
f 1040 1013 944
f 956 1040 944
f 957 932 1015
f 1015 973 957
f 973 1042 996
f 996 1058 959
f 918 974 1153
f 960 1059 975
f 975 998 962
f 1062 1060 961
f 962 998 999
f 1019 949 1018
f 949 1019 977
f 1018 949 1047
f 963 1020 1047
f 963 965 1020
f 981 982 964
f 982 1117 910
f 1117 1064 910
f 1048 886 983
f 987 988 1006
f 912 990 991
f 1032 992 1034
f 939 993 1056
f 994 979 1013
f 979 944 1013
f 956 1014 1040
f 995 1014 956
f 932 945 1015
f 1015 1042 973
f 997 918 1077
f 1077 918 1153
f 976 1045 884
f 977 1019 981
f 981 1000 982
f 1116 965 1048
f 910 1064 1022
f 1048 983 1021
f 1021 983 1001
f 984 1022 1023
f 1003 1001 983
f 985 1003 983
f 986 984 1023
f 1023 1002 1004
f 1003 987 1005
f 985 987 1003
f 1025 1003 1005
f 1023 1004 1027
f 1023 1027 986
f 987 1006 1005
f 986 1027 1008
f 1006 988 1007
f 1031 1009 1008
f 991 990 1010
f 1035 992 1011
f 1012 1036 1011
f 1057 969 1056
f 1038 978 1037
f 1013 1039 993
f 1013 993 994
f 1038 1037 1014
f 1038 1014 970
f 1040 1014 1037
f 1015 945 972
f 1090 1042 1015
f 972 980 1041
f 980 997 1091
f 997 1077 1091
f 1058 1043 959
f 959 1043 1016
f 974 961 1060
f 975 1017 998
f 998 1017 999
f 1017 1061 999
f 1092 1062 884
f 1109 1092 884
f 962 999 976
f 981 1019 1046
f 982 1000 1117
f 1048 1021 1049
f 1051 1001 1003
f 1023 1024 1002
f 1051 1003 1025
f 1025 1066 1051
f 1066 1025 1026
f 1002 1067 1004
f 1067 1052 1004
f 1028 1004 1052
f 1004 1028 1027
f 1025 1005 1029
f 1029 1026 1025
f 1005 1006 1054
f 1029 1005 1054
f 1027 1028 1008
f 1006 1007 1054
f 1007 988 1030
f 1007 1030 1054
f 1031 1008 1028
f 988 989 1071
f 989 1085 1071
f 1009 1101 990
f 990 1199 1010
f 1034 1033 1032
f 992 1035 1034
f 1012 968 1073
f 1011 1036 1035
f 1056 993 1039
f 1039 1013 1040
f 980 1091 1041
f 1060 1122 974
f 1059 1141 975
f 975 1141 1017
f 1141 1061 1017
f 976 1108 1045
f 1019 1018 1111
f 1046 1000 981
f 1020 965 1116
f 1050 1001 1051
f 1051 1097 1050
f 1065 1024 1023
f 1065 1023 1022
f 1051 1066 1097
f 1024 1096 1002
f 1066 1026 1158
f 1026 1029 1053
f 1069 1028 1052
f 1029 1054 1068
f 1068 1053 1029
f 1028 1069 1031
f 1030 988 1055
f 1030 1055 1054
f 1068 1054 1055
f 1071 1055 988
f 1031 1072 1009
f 1101 1199 990
f 989 1032 1033
f 991 1010 1103
f 991 1103 967
f 968 967 1073
f 1012 1073 1036
f 1073 1089 1036
f 1039 1040 1056
f 1057 1056 1040
f 1037 1057 1040
f 1106 1120 1015
f 972 1041 1074
f 1074 1106 972
f 1015 972 1106
f 1075 1042 1090
f 1058 1042 1140
f 1042 1058 996
f 1016 1043 1044
f 1153 974 1122
f 1062 1078 1060
f 999 1061 1123
f 999 1108 976
f 1063 1114 1018
f 1113 1046 1019
f 1047 1020 1063
f 1018 1047 1063
f 1079 1129 1000
f 1064 1065 1022
f 1050 1021 1001
f 1081 1024 1065
f 1080 1024 1081
f 1024 1080 1096
f 1067 1002 1132
f 1052 1082 1069
f 1055 1084 1068
f 1031 1069 1070
f 1055 1071 1084
f 1072 1031 1070
f 1009 1072 1101
f 1035 1102 1034
f 1035 1088 1102
f 1088 1035 1036
f 1089 1088 1036
f 1075 1140 1042
f 1058 1076 1043
f 1153 1107 1077
f 1016 1044 1059
f 1060 1078 1122
f 1079 1000 1046
f 1129 1117 1000
f 1179 1048 1130
f 1048 1049 1130
f 1064 1117 1065
f 1144 1049 1050
f 1050 1049 1021
f 1144 1050 1145
f 1050 1097 1145
f 1096 1132 1002
f 1066 1158 1097
f 1158 1026 1118
f 1118 1026 1053
f 1053 1068 1083
f 1068 1084 1083
f 1069 1082 1098
f 1098 1070 1069
f 1033 1034 1086
f 1087 1073 967
f 1015 1105 1090
f 1140 1076 1058
f 1091 1077 1107
f 1059 1044 1141
f 1062 1092 1078
f 999 1123 1108
f 1109 884 1045
f 1019 1111 1113
f 1111 1018 1114
f 1115 1046 1113
f 1093 1094 1065
f 1117 1093 1065
f 1081 1094 1095
f 1081 1095 1080
f 1065 1094 1081
f 1118 1053 1083
f 1084 1071 1161
f 1161 1099 1084
f 1084 1099 1100
f 1084 1100 1083
f 1098 1119 1070
f 1071 1085 1161
f 989 1185 1085
f 1102 1086 1034
f 1087 1136 1073
f 1120 1106 1104
f 1015 1120 1121
f 1105 1015 1121
f 1105 1139 1090
f 1090 1139 1075
f 1074 1041 1207
f 1061 1141 1123
f 1045 1108 1127
f 1127 1110 1045
f 1110 1126 1045
f 1112 1110 1127
f 1110 1111 1142
f 1112 1111 1110
f 1142 1111 1114
f 1112 1113 1111
f 1115 1113 1112
f 1020 1116 1063
f 1115 1079 1046
f 1096 1080 1131
f 1052 1193 1082
f 1082 1193 1098
f 1133 1070 1119
f 1072 1070 1133
f 1085 1185 1161
f 1101 1072 1133
f 1185 989 1033
f 1103 1010 1134
f 967 1103 1087
f 1102 1088 1135
f 1073 1136 1089
f 1106 1138 1104
f 1106 1074 1138
f 1074 1150 1138
f 1091 1107 1041
f 1177 1043 1076
f 1044 1043 1190
f 1078 1092 1124
f 1109 1045 1126
f 1110 1142 1126
f 1143 1115 1112
f 1115 1128 1079
f 1079 1128 1129
f 1116 1048 1179
f 1093 1117 1180
f 1130 1049 1144
f 1095 1172 1080
f 1096 1131 1132
f 1097 1158 1173
f 1194 1118 1083
f 1098 1146 1119
f 1162 1099 1161
f 1199 1134 1010
f 1102 1148 1086
f 1102 1187 1148
f 1187 1102 1135
f 1164 1089 1136
f 1137 1120 1104
f 1149 1120 1137
f 1121 1120 1149
f 1105 1121 1139
f 1151 1075 1139
f 1074 1207 1150
f 1151 1140 1075
f 1107 1153 1152
f 1177 1190 1043
f 1190 1141 1044
f 1123 1141 1125
f 1092 1109 1124
f 1108 1123 1155
f 1109 1126 1124
f 1108 1155 1127
f 1169 1126 1142
f 1127 1155 1112
f 1155 1143 1112
f 1114 1169 1142
f 1115 1143 1128
f 1180 1117 1171
f 1180 1094 1093
f 1172 1131 1080
f 1097 1173 1145
f 1158 1118 1192
f 1067 1132 1052
f 1132 1193 1052
f 1083 1100 1194
f 1193 1159 1098
f 1098 1159 1146
f 1099 1147 1100
f 1162 1147 1099
f 1119 1146 1174
f 1119 1174 1184
f 1133 1119 1184
f 1089 1135 1088
f 1121 1149 1175
f 1139 1121 1175
f 1139 1175 1165
f 1041 1107 1207
f 1210 1122 1078
f 1078 1124 1210
f 1210 1124 1154
f 1168 1154 1124
f 1123 1125 1155
f 1126 1168 1124
f 1169 1063 1156
f 1114 1063 1169
f 1063 1116 1156
f 1129 1171 1117
f 1179 1130 1157
f 1197 1157 1130
f 1197 1130 1144
f 1144 1145 1212
f 1100 1147 1182
f 1159 1174 1146
f 1182 1147 1160
f 1147 1162 1160
f 1184 1186 1133
f 1161 1185 1183
f 1162 1161 1183
f 1101 1133 1186
f 1101 1186 1199
f 1086 1148 1246
f 1187 1195 1148
f 1103 1134 1087
f 1089 1163 1135
f 1164 1163 1089
f 1149 1137 1175
f 1151 1139 1165
f 1150 1207 1167
f 1151 1166 1140
f 1219 1177 1140
f 1140 1177 1076
f 1211 1125 1141
f 1155 1125 1170
f 1126 1169 1168
f 1169 1156 1168
f 1155 1170 1143
f 1143 1170 1128
f 1094 1203 1095
f 1203 1094 1180
f 1095 1181 1172
f 1173 1255 1145
f 1131 1220 1132
f 1100 1182 1194
f 1246 1148 1195
f 1175 1137 1248
f 1104 1138 1206
f 1138 1150 1167
f 1165 1166 1151
f 1167 1207 1176
f 1152 1153 1189
f 1153 1209 1189
f 1153 1122 1209
f 1170 1125 1211
f 1154 1168 1178
f 1168 1156 1178
f 1156 1116 1179
f 1129 1191 1171
f 1197 1144 1212
f 1180 1171 1191
f 1203 1181 1095
f 1145 1255 1212
f 1220 1131 1172
f 1173 1158 1192
f 1118 1194 1192
f 1159 1193 1232
f 1174 1159 1198
f 1162 1204 1160
f 1186 1184 1205
f 1087 1134 1216
f 1217 1087 1216
f 1217 1136 1087
f 1137 1104 1206
f 1206 1138 1188
f 1138 1167 1188
f 1177 1208 1190
f 1154 1178 1210
f 1170 1129 1128
f 1203 1180 1230
f 1191 1230 1180
f 1243 1194 1182
f 1159 1232 1198
f 1160 1213 1182
f 1213 1160 1204
f 1174 1198 1184
f 1183 1214 1162
f 1162 1214 1204
f 1033 1235 1185
f 1235 1033 1246
f 1033 1086 1246
f 1199 1216 1134
f 1195 1187 1196
f 1217 1164 1136
f 1137 1206 1248
f 1200 1166 1165
f 1167 1176 1188
f 1166 1200 1140
f 1140 1200 1219
f 1107 1152 1224
f 1141 1190 1201
f 1178 1156 1179
f 1243 1182 1213
f 1184 1198 1205
f 1185 1235 1183
f 1195 1196 1246
f 1196 1187 1135
f 1165 1175 1248
f 1176 1207 1218
f 1107 1224 1207
f 1152 1189 1224
f 1258 1208 1177
f 1189 1209 1225
f 1190 1208 1201
f 1141 1201 1211
f 1210 1178 1281
f 1197 1202 1157
f 1192 1300 1173
f 1132 1242 1193
f 1192 1194 1259
f 1232 1193 1242
f 1204 1214 1233
f 1205 1198 1221
f 1183 1235 1236
f 1186 1205 1215
f 1215 1199 1186
f 1246 1196 1263
f 1247 1196 1135
f 1200 1165 1274
f 1258 1177 1219
f 1211 1227 1170
f 1228 1179 1202
f 1179 1157 1202
f 1197 1229 1202
f 1212 1255 1239
f 1231 1172 1181
f 1255 1173 1300
f 1233 1213 1204
f 1183 1236 1214
f 1264 1217 1216
f 1135 1163 1247
f 1176 1223 1188
f 1206 1188 1223
f 1176 1218 1223
f 1189 1225 1224
f 1208 1226 1201
f 1122 1210 1209
f 1281 1178 1267
f 1229 1197 1268
f 1268 1197 1212
f 1239 1268 1212
f 1203 1240 1181
f 1240 1203 1230
f 1220 1256 1132
f 1132 1256 1242
f 1194 1243 1259
f 1221 1198 1232
f 1205 1221 1234
f 1215 1205 1234
f 1287 1216 1199
f 1235 1246 1238
f 1196 1247 1263
f 1249 1200 1274
f 1249 1251 1200
f 1251 1219 1200
f 1218 1207 1250
f 1226 1208 1258
f 1201 1226 1280
f 1210 1281 1209
f 1267 1178 1179
f 1227 1129 1170
f 1191 1241 1230
f 1181 1240 1253
f 1253 1231 1181
f 1231 1220 1172
f 1259 1300 1192
f 1214 1245 1233
f 1214 1236 1245
f 1287 1199 1215
f 1163 1265 1247
f 1164 1273 1163
f 1266 1164 1217
f 1266 1273 1164
f 1206 1223 1277
f 1277 1223 1218
f 1250 1207 1224
f 1225 1209 1275
f 1201 1280 1211
f 1179 1282 1267
f 1230 1241 1240
f 1254 1239 1255
f 1270 1256 1220
f 1245 1213 1233
f 1235 1244 1236
f 1236 1244 1245
f 1215 1234 1237
f 1235 1238 1244
f 1237 1287 1215
f 1319 1238 1246
f 1222 1264 1216
f 1217 1264 1266
f 1163 1273 1265
f 1251 1258 1219
f 1280 1227 1211
f 1252 1129 1227
f 1129 1252 1191
f 1252 1241 1191
f 1229 1228 1202
f 1240 1285 1253
f 1254 1255 1300
f 1231 1270 1220
f 1256 1260 1242
f 1259 1243 1286
f 1221 1232 1271
f 1245 1244 1283
f 1246 1263 1319
f 1165 1248 1274
f 1277 1294 1206
f 1277 1218 1250
f 1250 1224 1257
f 1226 1306 1280
f 1282 1179 1228
f 1240 1297 1285
f 1240 1241 1297
f 1231 1253 1269
f 1292 1300 1259
f 1242 1293 1232
f 1243 1213 1331
f 1232 1293 1271
f 1213 1245 1318
f 1234 1221 1271
f 1237 1234 1272
f 1244 1261 1262
f 1244 1238 1261
f 1283 1244 1262
f 1238 1319 1261
f 1216 1287 1222
f 1251 1249 1279
f 1224 1225 1324
f 1252 1328 1241
f 1298 1268 1239
f 1254 1298 1239
f 1286 1243 1331
f 1318 1310 1213
f 1272 1234 1271
f 1247 1303 1263
f 1303 1247 1265
f 1264 1304 1266
f 1312 1265 1273
f 1289 1273 1266
f 1294 1248 1206
f 1250 1257 1277
f 1278 1257 1224
f 1258 1295 1226
f 1324 1225 1275
f 1226 1295 1306
f 1209 1281 1326
f 1281 1267 1326
f 1267 1334 1326
f 1282 1334 1267
f 1282 1228 1276
f 1253 1285 1269
f 1242 1260 1293
f 1331 1213 1310
f 1245 1283 1318
f 1264 1222 1304
f 1312 1273 1289
f 1274 1248 1294
f 1274 1290 1249
f 1249 1290 1279
f 1277 1257 1278
f 1294 1277 1278
f 1278 1224 1323
f 1275 1209 1284
f 1284 1209 1326
f 1228 1307 1276
f 1229 1307 1228
f 1268 1308 1229
f 1229 1308 1307
f 1297 1241 1328
f 1268 1298 1308
f 1269 1330 1231
f 1231 1330 1270
f 1292 1259 1286
f 1237 1272 1357
f 1357 1287 1237
f 1263 1303 1302
f 1222 1288 1304
f 1311 1303 1265
f 1289 1266 1304
f 1274 1294 1290
f 1279 1291 1251
f 1224 1324 1323
f 1258 1251 1295
f 1280 1296 1227
f 1300 1299 1254
f 1260 1336 1293
f 1293 1347 1271
f 1261 1301 1262
f 1261 1319 1301
f 1319 1263 1302
f 1287 1359 1222
f 1291 1279 1290
f 1306 1296 1280
f 1227 1296 1325
f 1227 1325 1252
f 1325 1328 1252
f 1222 1359 1288
f 1294 1278 1322
f 1305 1291 1290
f 1322 1278 1323
f 1308 1298 1309
f 1297 1329 1285
f 1298 1254 1315
f 1285 1329 1269
f 1329 1345 1269
f 1299 1315 1254
f 1336 1347 1293
f 1262 1301 1338
f 1262 1338 1283
f 1289 1304 1384
f 1265 1312 1311
f 1294 1321 1305
f 1290 1294 1305
f 1291 1305 1313
f 1313 1251 1291
f 1324 1275 1388
f 1295 1363 1306
f 1275 1284 1388
f 1298 1315 1309
f 1299 1316 1315
f 1300 1292 1299
f 1270 1364 1256
f 1256 1364 1260
f 1292 1286 1378
f 1317 1331 1310
f 1338 1318 1283
f 1357 1272 1350
f 1303 1320 1302
f 1320 1303 1311
f 1339 1312 1289
f 1294 1322 1321
f 1295 1251 1313
f 1306 1363 1296
f 1363 1325 1296
f 1342 1328 1325
f 1282 1276 1314
f 1327 1314 1307
f 1307 1314 1276
f 1307 1308 1327
f 1308 1343 1327
f 1343 1308 1309
f 1297 1335 1329
f 1328 1335 1297
f 1316 1299 1292
f 1330 1364 1270
f 1356 1272 1271
f 1356 1350 1272
f 1318 1338 1337
f 1367 1302 1320
f 1360 1288 1359
f 1312 1369 1311
f 1339 1369 1312
f 1333 1321 1322
f 1323 1324 1351
f 1351 1324 1372
f 1342 1354 1328
f 1345 1330 1269
f 1378 1286 1331
f 1317 1310 1318
f 1319 1302 1358
f 1368 1304 1288
f 1339 1289 1384
f 1332 1305 1321
f 1340 1305 1332
f 1322 1323 1333
f 1305 1340 1313
f 1372 1324 1388
f 1282 1314 1334
f 1327 1374 1314
f 1328 1354 1335
f 1309 1315 1343
f 1335 1345 1329
f 1344 1315 1377
f 1316 1377 1315
f 1316 1292 1402
f 1402 1292 1433
f 1365 1331 1317
f 1271 1347 1349
f 1318 1337 1348
f 1271 1349 1356
f 1338 1381 1337
f 1357 1359 1287
f 1288 1360 1368
f 1368 1384 1304
f 1311 1361 1320
f 1361 1311 1369
f 1351 1332 1333
f 1321 1333 1332
f 1333 1323 1351
f 1340 1341 1313
f 1313 1373 1295
f 1295 1373 1363
f 1284 1326 1388
f 1326 1334 1388
f 1334 1314 1390
f 1327 1375 1374
f 1343 1375 1327
f 1353 1335 1354
f 1344 1343 1315
f 1353 1345 1335
f 1330 1415 1364
f 1260 1364 1336
f 1336 1364 1416
f 1378 1331 1365
f 1348 1317 1318
f 1338 1382 1381
f 1301 1358 1382
f 1382 1338 1301
f 1301 1319 1358
f 1341 1373 1313
f 1352 1388 1334
f 1314 1374 1390
f 1343 1401 1375
f 1401 1343 1344
f 1376 1345 1353
f 1376 1330 1345
f 1292 1378 1433
f 1336 1346 1347
f 1349 1347 1346
f 1381 1355 1337
f 1337 1355 1348
f 1370 1379 1332
f 1370 1332 1371
f 1371 1332 1351
f 1332 1379 1340
f 1340 1379 1362
f 1351 1380 1371
f 1340 1362 1341
f 1351 1372 1380
f 1363 1389 1325
f 1325 1389 1342
f 1352 1334 1390
f 1354 1393 1353
f 1350 1356 1366
f 1398 1350 1366
f 1357 1350 1398
f 1398 1359 1357
f 1383 1302 1367
f 1320 1361 1367
f 1361 1369 1420
f 1353 1392 1376
f 1393 1392 1353
f 1344 1377 1391
f 1396 1330 1376
f 1377 1316 1395
f 1346 1336 1416
f 1302 1383 1358
f 1360 1359 1368
f 1405 1420 1369
f 1369 1339 1405
f 1370 1385 1379
f 1400 1370 1371
f 1379 1386 1362
f 1362 1373 1341
f 1372 1388 1440
f 1344 1391 1401
f 1414 1415 1330
f 1317 1348 1355
f 1346 1397 1349
f 1397 1366 1349
f 1349 1366 1356
f 1358 1418 1382
f 1359 1419 1368
f 1385 1370 1400
f 1386 1379 1385
f 1428 1400 1371
f 1386 1387 1362
f 1371 1380 1428
f 1373 1362 1387
f 1390 1374 1477
f 1410 1477 1374
f 1374 1375 1410
f 1354 1342 1411
f 1410 1375 1401
f 1354 1411 1393
f 1392 1412 1376
f 1396 1376 1412
f 1377 1394 1391
f 1377 1395 1394
f 1396 1414 1330
f 1395 1316 1402
f 1415 1416 1364
f 1378 1403 1433
f 1346 1425 1397
f 1404 1355 1381
f 1366 1417 1398
f 1404 1381 1382
f 1398 1417 1359
f 1383 1367 1435
f 1367 1436 1435
f 1367 1361 1436
f 1368 1419 1437
f 1437 1384 1368
f 1384 1437 1405
f 1405 1339 1384
f 1399 1407 1385
f 1406 1385 1400
f 1386 1385 1407
f 1386 1407 1387
f 1380 1372 1439
f 1373 1429 1363
f 1388 1408 1440
f 1363 1429 1441
f 1388 1352 1408
f 1441 1389 1363
f 1401 1430 1410
f 1430 1401 1391
f 1403 1378 1365
f 1365 1317 1355
f 1404 1426 1355
f 1404 1427 1426
f 1366 1397 1417
f 1382 1418 1404
f 1417 1450 1359
f 1361 1420 1436
f 1406 1400 1421
f 1421 1400 1428
f 1387 1485 1373
f 1372 1440 1439
f 1373 1485 1429
f 1352 1390 1409
f 1393 1412 1392
f 1391 1394 1430
f 1394 1395 1432
f 1396 1413 1414
f 1416 1448 1346
f 1449 1365 1355
f 1462 1417 1397
f 1358 1383 1418
f 1437 1438 1405
f 1385 1472 1399
f 1399 1472 1473
f 1472 1385 1406
f 1475 1387 1407
f 1428 1380 1439
f 1440 1408 1463
f 1342 1389 1456
f 1412 1393 1431
f 1411 1431 1393
f 1430 1443 1410
f 1412 1422 1396
f 1431 1422 1412
f 1430 1394 1423
f 1396 1422 1413
f 1423 1394 1432
f 1413 1424 1414
f 1424 1446 1414
f 1433 1403 1465
f 1346 1448 1425
f 1449 1355 1426
f 1462 1397 1425
f 1462 1434 1417
f 1417 1434 1450
f 1404 1418 1427
f 1359 1451 1419
f 1451 1471 1419
f 1471 1437 1419
f 1438 1436 1420
f 1405 1438 1420
f 1454 1399 1473
f 1454 1407 1399
f 1406 1421 1455
f 1485 1387 1475
f 1485 1487 1429
f 1352 1409 1408
f 1342 1442 1411
f 1411 1442 1457
f 1443 1477 1410
f 1411 1457 1431
f 1430 1444 1443
f 1458 1444 1430
f 1458 1430 1423
f 1413 1422 1424
f 1414 1461 1415
f 1460 1402 1433
f 1461 1496 1415
f 1496 1416 1415
f 1365 1449 1403
f 1435 1436 1452
f 1472 1406 1474
f 1406 1455 1474
f 1454 1475 1407
f 1455 1421 1510
f 1439 1440 1476
f 1409 1390 1477
f 1442 1342 1456
f 1431 1445 1422
f 1422 1445 1424
f 1423 1432 1458
f 1458 1432 1447
f 1445 1446 1424
f 1395 1447 1432
f 1395 1464 1447
f 1464 1395 1460
f 1395 1402 1460
f 1414 1446 1461
f 1433 1465 1460
f 1416 1499 1448
f 1427 1418 1468
f 1426 1427 1468
f 1435 1452 1530
f 1452 1436 1438
f 1453 1452 1438
f 1471 1438 1437
f 1453 1438 1471
f 1487 1519 1429
f 1476 1440 1463
f 1429 1521 1441
f 1409 1477 1523
f 1444 1477 1443
f 1458 1478 1444
f 1459 1478 1458
f 1459 1458 1447
f 1447 1464 1459
f 1496 1499 1416
f 1403 1449 1466
f 1426 1468 1467
f 1426 1467 1449
f 1504 1451 1359
f 1421 1428 1510
f 1428 1439 1510
f 1439 1476 1486
f 1389 1441 1456
f 1522 1409 1523
f 1478 1477 1444
f 1445 1431 1491
f 1457 1491 1431
f 1445 1491 1446
f 1491 1479 1446
f 1461 1446 1479
f 1464 1460 1494
f 1479 1480 1461
f 1461 1495 1496
f 1527 1425 1448
f 1467 1468 1470
f 1425 1527 1462
f 1462 1527 1469
f 1468 1418 1470
f 1462 1469 1434
f 1434 1469 1481
f 1434 1481 1450
f 1383 1435 1530
f 1451 1504 1482
f 1474 1507 1472
f 1473 1483 1454
f 1474 1455 1508
f 1455 1510 1508
f 1454 1509 1475
f 1454 1483 1509
f 1475 1511 1485
f 1476 1463 1536
f 1536 1463 1489
f 1429 1519 1521
f 1408 1409 1522
f 1459 1492 1478
f 1492 1459 1464
f 1495 1461 1480
f 1494 1460 1525
f 1496 1497 1499
f 1403 1466 1498
f 1449 1467 1466
f 1527 1501 1469
f 1501 1503 1469
f 1467 1470 1502
f 1469 1503 1481
f 1450 1549 1359
f 1451 1482 1471
f 1507 1506 1472
f 1570 1472 1506
f 1472 1570 1473
f 1508 1507 1474
f 1473 1570 1531
f 1473 1531 1483
f 1484 1511 1475
f 1486 1476 1513
f 1487 1485 1488
f 1536 1513 1476
f 1519 1487 1488
f 1489 1463 1520
f 1463 1408 1522
f 1442 1561 1457
f 1477 1478 1539
f 1457 1524 1491
f 1492 1539 1478
f 1490 1491 1524
f 1491 1490 1479
f 1493 1492 1464
f 1464 1494 1493
f 1479 1490 1480
f 1460 1465 1525
f 1495 1497 1496
f 1498 1526 1465
f 1403 1498 1465
f 1499 1527 1448
f 1502 1500 1467
f 1467 1500 1466
f 1503 1548 1481
f 1481 1548 1450
f 1530 1452 1550
f 1452 1453 1505
f 1452 1505 1550
f 1508 1601 1507
f 1510 1439 1533
f 1533 1439 1512
f 1486 1512 1439
f 1535 1486 1513
f 1575 1516 1556
f 1534 1556 1516
f 1485 1534 1488
f 1534 1516 1488
f 1535 1513 1514
f 1514 1515 1535
f 1517 1516 1575
f 1518 1515 1514
f 1514 1513 1518
f 1488 1516 1519
f 1519 1516 1517
f 1518 1513 1536
f 1559 1519 1517
f 1520 1463 1522
f 1606 1477 1539
f 1457 1561 1524
f 1492 1540 1539
f 1540 1492 1493
f 1493 1541 1540
f 1524 1562 1490
f 1493 1494 1541
f 1541 1494 1525
f 1490 1542 1480
f 1480 1542 1495
f 1525 1465 1526
f 1498 1466 1500
f 1546 1527 1499
f 1502 1545 1500
f 1546 1501 1527
f 1501 1546 1528
f 1501 1528 1503
f 1502 1470 1529
f 1547 1502 1529
f 1528 1548 1503
f 1549 1504 1359
f 1418 1383 1599
f 1504 1549 1482
f 1588 1471 1482
f 1471 1505 1453
f 1508 1510 1601
f 1532 1509 1483
f 1532 1483 1531
f 1552 1657 1510
f 1533 1552 1510
f 1484 1553 1511
f 1511 1553 1534
f 1511 1534 1485
f 1555 1512 1535
f 1535 1512 1486
f 1535 1515 1590
f 1515 1518 1576
f 1559 1517 1558
f 1536 1489 1538
f 1518 1536 1538
f 1518 1538 1537
f 1537 1576 1518
f 1559 1560 1519
f 1519 1560 1521
f 1489 1520 1538
f 1521 1596 1441
f 1456 1583 1442
f 1583 1561 1442
f 1541 1564 1540
f 1490 1562 1542
f 1541 1525 1543
f 1495 1542 1497
f 1525 1526 1543
f 1543 1526 1544
f 1542 1567 1497
f 1499 1497 1567
f 1526 1498 1544
f 1500 1545 1544
f 1544 1498 1500
f 1545 1502 1547
f 1548 1549 1450
f 1383 1530 1599
f 1599 1530 1586
f 1586 1530 1550
f 1619 1506 1507
f 1607 1570 1506
f 1510 1551 1601
f 1551 1510 1657
f 1553 1554 1534
f 1574 1556 1554
f 1534 1554 1556
f 1555 1535 1557
f 1535 1590 1557
f 1556 1574 1575
f 1590 1515 1623
f 1623 1515 1576
f 1578 1559 1558
f 1538 1520 1579
f 1521 1560 1596
f 1520 1522 1597
f 1628 1522 1523
f 1441 1581 1456
f 1523 1477 1582
f 1582 1477 1606
f 1606 1539 1540
f 1563 1540 1564
f 1541 1543 1564
f 1565 1563 1564
f 1543 1565 1564
f 1562 1568 1542
f 1543 1566 1565
f 1568 1567 1542
f 1543 1544 1566
f 1546 1499 1567
f 1546 1567 1568
f 1569 1546 1568
f 1544 1545 1566
f 1545 1547 1566
f 1546 1569 1528
f 1547 1529 1630
f 1653 1549 1548
f 1529 1470 1418
f 1471 1588 1505
f 1475 1637 1484
f 1573 1484 1589
f 1573 1553 1484
f 1533 1512 1571
f 1555 1571 1512
f 1574 1554 1572
f 1573 1572 1554
f 1553 1573 1554
f 1557 1590 1659
f 1638 1575 1574
f 1575 1638 1517
f 1638 1610 1517
f 1517 1610 1558
f 1558 1611 1578
f 1576 1537 1591
f 1591 1537 1577
f 1538 1580 1537
f 1579 1580 1538
f 1537 1580 1577
f 1559 1578 1594
f 1594 1595 1559
f 1559 1595 1560
f 1560 1595 1596
f 1520 1597 1579
f 1522 1628 1597
f 1441 1596 1581
f 1456 1581 1583
f 1561 1629 1524
f 1629 1562 1524
f 1540 1563 1606
f 1562 1585 1568
f 1584 1563 1565
f 1585 1569 1568
f 1565 1566 1584
f 1547 1584 1566
f 1585 1548 1569
f 1569 1548 1528
f 1529 1418 1599
f 1619 1633 1506
f 1506 1633 1607
f 1570 1607 1531
f 1507 1601 1619
f 1637 1589 1484
f 1571 1552 1533
f 1555 1603 1571
f 1555 1609 1603
f 1573 1589 1572
f 1609 1555 1557
f 1610 1611 1558
f 1591 1577 1592
f 1577 1580 1592
f 1580 1593 1592
f 1580 1579 1604
f 1613 1580 1604
f 1593 1580 1613
f 1629 1585 1562
f 1563 1584 1630
f 1584 1547 1630
f 1653 1548 1585
f 1598 1549 1653
f 1482 1549 1617
f 1550 1587 1586
f 1617 1588 1482
f 1587 1550 1600
f 1550 1505 1600
f 1588 1600 1505
f 1531 1602 1532
f 1509 1637 1475
f 1621 1572 1589
f 1572 1622 1574
f 1659 1590 1623
f 1623 1576 1624
f 1591 1624 1576
f 1578 1611 1612
f 1625 1591 1592
f 1592 1593 1625
f 1613 1639 1593
f 1593 1639 1625
f 1579 1597 1604
f 1594 1627 1595
f 1595 1627 1596
f 1597 1641 1604
f 1596 1642 1581
f 1628 1523 1582
f 1549 1598 1668
f 1529 1599 1615
f 1549 1644 1617
f 1531 1607 1647
f 1634 1619 1601
f 1608 1657 1552
f 1608 1552 1636
f 1621 1589 1637
f 1636 1571 1603
f 1636 1552 1571
f 1603 1609 1665
f 1659 1609 1557
f 1625 1624 1591
f 1578 1612 1594
f 1627 1594 1640
f 1613 1604 1641
f 1626 1613 1641
f 1627 1642 1596
f 1597 1628 1641
f 1582 1606 1605
f 1629 1561 1614
f 1629 1653 1585
f 1630 1529 1615
f 1631 1615 1599
f 1599 1616 1631
f 1668 1644 1549
f 1586 1616 1599
f 1617 1644 1645
f 1586 1587 1616
f 1645 1588 1617
f 1618 1588 1645
f 1587 1600 1618
f 1588 1618 1600
f 1602 1531 1647
f 1602 1635 1532
f 1532 1635 1509
f 1621 1637 1620
f 1636 1603 1670
f 1572 1648 1622
f 1648 1572 1621
f 1622 1649 1574
f 1649 1638 1574
f 1650 1659 1623
f 1639 1613 1626
f 1641 1697 1626
f 1583 1581 1663
f 1561 1583 1614
f 1606 1563 1630
f 1587 1632 1616
f 1618 1632 1587
f 1669 1633 1619
f 1619 1634 1669
f 1634 1601 1551
f 1670 1603 1665
f 1620 1648 1621
f 1658 1622 1685
f 1665 1609 1671
f 1622 1658 1649
f 1609 1659 1671
f 1610 1651 1611
f 1611 1651 1612
f 1640 1594 1612
f 1641 1628 1661
f 1628 1582 1605
f 1630 1615 1652
f 1643 1631 1616
f 1643 1616 1632
f 1618 1646 1632
f 1607 1655 1647
f 1633 1655 1607
f 1669 1634 1682
f 1647 1656 1602
f 1656 1635 1602
f 1634 1551 1711
f 1551 1743 1711
f 1635 1693 1509
f 1551 1657 1743
f 1649 1702 1638
f 1624 1625 1660
f 1625 1639 1660
f 1660 1639 1626
f 1697 1641 1661
f 1627 1640 1667
f 1642 1627 1667
f 1661 1628 1662
f 1628 1605 1662
f 1652 1615 1706
f 1688 1615 1631
f 1643 1654 1631
f 1664 1645 1644
f 1618 1645 1646
f 1634 1711 1682
f 1656 1693 1635
f 1637 1695 1684
f 1684 1620 1637
f 1672 1623 1624
f 1612 1651 1640
f 1626 1666 1660
f 1697 1666 1626
f 1667 1640 1673
f 1581 1642 1663
f 1614 1727 1629
f 1605 1606 1675
f 1653 1676 1598
f 1706 1615 1688
f 1644 1668 1677
f 1677 1664 1644
f 1664 1646 1645
f 1633 1669 1710
f 1647 1655 1681
f 1509 1695 1637
f 1683 1608 1636
f 1622 1648 1685
f 1684 1648 1620
f 1650 1623 1672
f 1642 1667 1674
f 1661 1662 1686
f 1642 1674 1663
f 1629 1727 1653
f 1630 1652 1687
f 1643 1678 1699
f 1632 1678 1643
f 1632 1680 1678
f 1646 1680 1632
f 1647 1681 1656
f 1743 1657 1694
f 1683 1657 1608
f 1636 1670 1683
f 1648 1713 1685
f 1648 1684 1713
f 1650 1671 1659
f 1696 1651 1610
f 1697 1661 1686
f 1667 1673 1674
f 1727 1676 1653
f 1606 1630 1675
f 1668 1598 1689
f 1689 1677 1668
f 1699 1654 1643
f 1677 1679 1664
f 1677 1690 1679
f 1664 1679 1646
f 1646 1679 1680
f 1719 1710 1669
f 1710 1729 1655
f 1710 1655 1633
f 1656 1681 1712
f 1656 1712 1693
f 1693 1701 1509
f 1701 1695 1509
f 1657 1683 1694
f 1670 1665 1721
f 1671 1722 1665
f 1638 1702 1696
f 1638 1696 1610
f 1672 1624 1752
f 1624 1660 1752
f 1651 1723 1640
f 1675 1630 1687
f 1677 1689 1690
f 1699 1678 1691
f 1691 1678 1680
f 1655 1729 1681
f 1670 1721 1683
f 1721 1665 1722
f 1752 1660 1703
f 1703 1660 1666
f 1640 1723 1673
f 1673 1723 1715
f 1697 1704 1666
f 1583 1663 1614
f 1687 1652 1706
f 1688 1631 1716
f 1631 1654 1716
f 1716 1654 1699
f 1689 1698 1690
f 1691 1680 1709
f 1700 1680 1679
f 1709 1680 1700
f 1692 1710 1719
f 1669 1730 1719
f 1730 1669 1682
f 1711 1743 1742
f 1720 1694 1683
f 1713 1735 1685
f 1713 1684 1695
f 1650 1672 1714
f 1666 1704 1703
f 1705 1697 1686
f 1705 1704 1697
f 1726 1663 1674
f 1662 1605 1675
f 1755 1706 1688
f 1676 1767 1598
f 1716 1699 1707
f 1699 1691 1707
f 1679 1690 1698
f 1708 1707 1691
f 1691 1709 1708
f 1718 1708 1709
f 1709 1700 1739
f 1682 1711 1730
f 1693 1731 1701
f 1696 1723 1651
f 1704 1705 1724
f 1725 1673 1715
f 1673 1725 1674
f 1662 1675 1798
f 1798 1675 1687
f 1767 1689 1598
f 1698 1717 1679
f 1700 1679 1717
f 1709 1750 1718
f 1700 1717 1740
f 1739 1700 1740
f 1739 1750 1709
f 1711 1742 1730
f 1695 1701 1733
f 1683 1721 1734
f 1683 1734 1720
f 1735 1713 1733
f 1733 1713 1695
f 1721 1722 1734
f 1732 1722 1671
f 1649 1795 1702
f 1714 1672 1796
f 1796 1672 1752
f 1723 1696 1736
f 1703 1867 1752
f 1704 1724 1703
f 1715 1737 1725
f 1686 1747 1705
f 1674 1725 1726
f 1686 1662 1748
f 1765 1727 1663
f 1663 1727 1614
f 1755 1688 1716
f 1810 1698 1689
f 1698 1828 1717
f 1718 1750 1728
f 1710 1692 1729
f 1735 1733 1761
f 1734 1722 1745
f 1745 1722 1732
f 1685 1816 1658
f 1671 1793 1732
f 1658 1794 1649
f 1795 1649 1794
f 1737 1715 1723
f 1725 1737 1763
f 1726 1725 1763
f 1686 1748 1747
f 1727 1754 1676
f 1687 1706 1755
f 1716 1707 1784
f 1707 1708 1848
f 1708 1718 1848
f 1740 1717 1757
f 1741 1693 1712
f 1694 1720 1743
f 1743 1720 1744
f 1685 1735 1816
f 1816 1794 1658
f 1671 1650 1793
f 1793 1650 1714
f 1702 1795 1696
f 1817 1746 1696
f 1746 1736 1696
f 1724 1705 1797
f 1748 1753 1747
f 1726 1836 1663
f 1836 1765 1663
f 1765 1754 1727
f 1798 1687 1766
f 1767 1738 1689
f 1698 1810 1828
f 1784 1707 1848
f 1848 1718 1728
f 1751 1728 1750
f 1750 1739 1758
f 1740 1759 1739
f 1791 1681 1729
f 1712 1681 1791
f 1791 1741 1712
f 1720 1734 1744
f 1696 1795 1817
f 1736 1762 1723
f 1723 1762 1737
f 1724 1797 1703
f 1797 1705 1835
f 1705 1747 1835
f 1726 1763 1764
f 1748 1662 1778
f 1755 1716 1779
f 1848 1728 1751
f 1757 1717 1749
f 1740 1757 1771
f 1759 1758 1739
f 1731 1760 1701
f 1752 1818 1796
f 1762 1776 1737
f 1737 1776 1763
f 1747 1753 1777
f 1747 1777 1835
f 1726 1764 1836
f 1676 1819 1767
f 1687 1755 1766
f 1779 1716 1782
f 1767 1756 1738
f 1782 1716 1784
f 1689 1738 1810
f 1828 1749 1717
f 1750 1785 1751
f 1758 1770 1750
f 1814 1791 1729
f 1730 1742 1831
f 1741 1731 1693
f 1743 1744 1854
f 1733 1774 1761
f 1701 1774 1733
f 1744 1734 1833
f 1735 1761 1775
f 1732 1793 1896
f 1818 1752 1867
f 1703 1797 1867
f 1753 1748 1859
f 1753 1859 1777
f 1859 1748 1778
f 1754 1819 1676
f 1755 1837 1766
f 1800 1755 1779
f 1767 1802 1756
f 1750 1770 1785
f 1740 1771 1759
f 1787 1773 1772
f 1773 1790 1772
f 1813 1773 1787
f 1692 1719 1830
f 1729 1692 1814
f 1830 1719 1730
f 1730 1831 1830
f 1792 1741 1791
f 1744 1832 1854
f 1832 1744 1833
f 1760 1774 1701
f 1833 1734 1745
f 1775 1816 1735
f 1745 1732 1896
f 1943 1714 1796
f 1755 1800 1837
f 1779 1782 1780
f 1781 1756 1807
f 1782 1768 1780
f 1781 1738 1756
f 1783 1768 1782
f 1782 1784 1783
f 1810 1738 1781
f 1757 1749 1829
f 1751 1785 1769
f 1757 1829 1771
f 1785 1770 1788
f 1759 1771 1786
f 1771 1787 1786
f 1874 1787 1771
f 1772 1788 1770
f 1772 1770 1758
f 1786 1758 1759
f 1874 1849 1787
f 1787 1772 1758
f 1786 1787 1758
f 1772 1790 1788
f 1788 1790 1812
f 1849 1813 1787
f 1790 1773 1877
f 1877 1773 1813
f 1790 1850 1789
f 1814 1692 1878
f 1742 1743 1853
f 1855 1833 1745
f 1897 1794 1816
f 1762 1881 1776
f 1778 1662 1798
f 1958 1911 1765
f 1765 1911 1754
f 1819 1820 1767
f 1767 1820 1802
f 1779 1801 1800
f 1801 1779 1780
f 1805 1801 1780
f 1803 1822 1802
f 1844 1804 1805
f 1807 1822 1823
f 1802 1822 1756
f 1756 1822 1807
f 1805 1780 1806
f 1806 1844 1805
f 1780 1768 1806
f 1808 1807 1823
f 1768 1809 1806
f 1809 1844 1806
f 1807 1808 1781
f 1809 1768 1783
f 1809 1783 1825
f 1783 1784 1825
f 1784 1848 1827
f 1771 1829 1874
f 1788 1811 1785
f 1812 1811 1788
f 1790 1789 1812
f 1790 1877 1850
f 1851 1791 1814
f 1852 1791 1851
f 1852 1792 1791
f 1853 1743 1854
f 1855 1745 1857
f 1896 1857 1745
f 1793 1714 1943
f 1794 1898 1795
f 1777 1882 1835
f 1763 1776 1764
f 1754 1911 1799
f 1837 1800 1839
f 1820 1803 1802
f 1821 1800 1801
f 1821 1801 1805
f 1805 1841 1821
f 1841 1805 1804
f 1822 1842 1823
f 1823 1845 1808
f 1844 1809 1824
f 1809 1846 1824
f 1781 1808 1826
f 1781 1826 1810
f 1846 1809 1825
f 1825 1784 1827
f 1864 1828 1810
f 1769 1785 1811
f 1692 1830 1878
f 1741 1792 1731
f 1775 1815 1816
f 1815 1897 1816
f 1896 1793 1858
f 1897 1898 1794
f 1898 1817 1795
f 1736 1834 1762
f 1909 1867 1797
f 1797 1835 1909
f 1777 1901 1882
f 1859 1901 1777
f 1778 1798 1868
f 1836 1958 1765
f 1798 1766 1868
f 1970 1883 1819
f 1883 1820 1819
f 1869 1839 1821
f 1838 1840 1803
f 1820 1838 1803
f 1821 1839 1800
f 1822 1840 1842
f 1803 1840 1822
f 1862 1808 1845
f 1825 1827 1846
f 1808 1862 1826
f 1862 1847 1826
f 1826 1864 1810
f 1826 1847 1864
f 1827 1848 1865
f 1828 1873 1749
f 1874 1891 1849
f 1811 1812 1875
f 1831 1742 1853
f 1761 1856 1775
f 1774 1879 1761
f 1761 1879 1856
f 1879 1774 1760
f 1793 1943 1858
f 1746 1834 1736
f 1909 1835 1882
f 1764 1776 1899
f 1899 1900 1764
f 1799 1819 1754
f 1799 1860 1819
f 1860 1970 1819
f 1861 1837 1884
f 1838 1820 1883
f 1837 1839 1884
f 1869 1821 1902
f 1902 1821 1841
f 1823 1842 1843
f 1804 1844 1949
f 1844 1824 1885
f 1824 1846 1885
f 1827 1886 1846
f 1827 1865 1886
f 1862 1863 1847
f 1828 1864 1872
f 1848 1890 1865
f 1872 1873 1828
f 1848 1751 1890
f 1749 1933 1829
f 1769 1811 1963
f 1812 1876 1875
f 1813 1849 1917
f 1917 1849 1891
f 1789 1876 1812
f 1813 1894 1877
f 1920 1854 1832
f 1866 1833 1855
f 1855 1857 1866
f 1775 1856 1815
f 1817 1923 1746
f 1818 1867 1908
f 1899 1776 1881
f 1764 1900 1836
f 1766 1837 2003
f 1861 1987 1837
f 1884 1839 1869
f 1838 1912 1840
f 1949 1902 1841
f 1840 1870 1842
f 1841 1804 1949
f 1844 1871 1949
f 1845 1823 1843
f 1844 1885 1871
f 1845 1913 1862
f 1888 1886 1865
f 1888 1865 1890
f 1872 1847 1903
f 1864 1847 1872
f 1872 1903 1889
f 1889 1873 1872
f 1751 1769 1932
f 1829 1933 1874
f 1963 1811 1875
f 1917 1894 1813
f 1850 1892 1789
f 1935 1878 1830
f 1878 1935 1851
f 1851 1814 1878
f 1852 1851 1906
f 1833 1866 1832
f 1832 1866 1920
f 1921 1879 1760
f 1856 1880 1815
f 1857 1896 1940
f 1817 1898 1923
f 1746 1923 1834
f 1969 1778 1868
f 1799 1947 1860
f 1883 1912 1838
f 1912 1948 1840
f 1840 1948 1927
f 1842 1870 1843
f 1846 1886 1885
f 1888 1887 1886
f 1847 1863 1903
f 1749 1873 1904
f 1749 1904 1933
f 1933 1891 1874
f 1850 1893 1892
f 1877 1893 1850
f 1877 1894 1893
f 1853 1936 1831
f 1938 1792 1852
f 1792 1938 1731
f 1760 1996 1921
f 1940 1866 1857
f 1815 1880 1895
f 1796 1818 1907
f 1882 1901 1910
f 1899 1968 1900
f 1859 1778 1901
f 1927 1870 1840
f 1902 1949 1959
f 1863 1862 1913
f 1888 1914 1887
f 1863 1915 1903
f 1888 1890 1930
f 1904 1976 1933
f 1789 1892 1876
f 1893 1905 1892
f 1894 1905 1893
f 1853 1854 1937
f 1731 1996 1760
f 1920 1866 1980
f 1866 1940 1980
f 1895 1922 1815
f 1815 1922 1897
f 1898 1897 1984
f 1943 1796 1907
f 1867 1909 1908
f 1834 1945 1762
f 1882 1910 1966
f 1966 1909 1882
f 1924 1900 1968
f 1901 1778 1969
f 1924 1836 1900
f 1868 1766 2003
f 1911 1947 1799
f 1884 1869 1925
f 1884 1925 1861
f 1925 1869 1902
f 2006 1871 1885
f 1843 1913 1845
f 1886 1887 1929
f 1914 1929 1887
f 1913 1950 1863
f 1863 1950 1915
f 1915 1916 1903
f 1903 1916 1889
f 1916 1873 1889
f 1873 1916 1904
f 1890 1751 1930
f 1930 1751 1932
f 1892 1919 1876
f 1905 1894 1918
f 1918 1894 1917
f 1919 1892 1905
f 1906 1851 1935
f 1956 1830 1831
f 1936 1853 1937
f 1879 1939 1856
f 1856 1939 1880
f 1939 1879 1921
f 1940 1896 1942
f 1896 1858 1942
f 1984 1897 1922
f 1818 1908 1907
f 1986 1966 1910
f 1883 1970 1926
f 1948 1912 1926
f 1926 1912 1883
f 1925 1902 1928
f 1959 1928 1902
f 1885 1886 1929
f 1950 1960 1915
f 1930 1931 1888
f 1888 1931 1914
f 1914 1931 1972
f 1961 1915 1960
f 1961 1916 1915
f 1904 1916 1961
f 1973 1930 1932
f 1891 1934 1917
f 1934 1918 1917
f 1875 1876 1919
f 1954 1905 1918
f 1953 1951 1919
f 1905 1953 1919
f 1830 1956 1935
f 1936 1956 1831
f 1936 1937 2011
f 1994 1938 1852
f 1921 1996 1939
f 1880 1939 1941
f 1880 1941 1895
f 1942 1858 1965
f 1858 1943 1944
f 1944 1943 1907
f 1923 1957 1834
f 1834 1957 1945
f 1908 1909 1999
f 1945 1881 1762
f 1899 1881 1946
f 1901 1969 1910
f 1836 1924 1958
f 1925 1971 1861
f 1948 1990 1927
f 1927 2034 1870
f 1870 1991 1843
f 1885 1929 2015
f 1972 1929 1914
f 1974 1931 1930
f 1974 1972 1931
f 1904 1961 1962
f 1933 1934 1891
f 1951 1875 1919
f 1951 1953 1952
f 1954 1918 1955
f 1934 1955 1918
f 1905 1954 1953
f 1940 1982 1980
f 1940 1942 1982
f 1941 1983 1895
f 1983 1922 1895
f 1965 1858 1944
f 1984 2062 1898
f 1909 1966 1999
f 1899 1946 1967
f 1967 1968 1899
f 1910 2001 1986
f 1910 1969 2001
f 1860 1988 1970
f 1971 1987 1861
f 1959 1949 2004
f 2004 1949 1871
f 1991 2005 1843
f 2006 1885 2015
f 1929 1972 2008
f 1974 1930 1973
f 1961 1960 1993
f 1973 1932 1975
f 1904 1962 1976
f 1932 1769 1963
f 1964 1963 1875
f 1964 1875 1951
f 1953 1978 1952
f 1953 1954 1978
f 1906 1935 2010
f 1906 2010 2040
f 1906 1994 1852
f 1938 1994 1979
f 1979 1731 1938
f 1979 2017 1731
f 1731 2017 1996
f 1981 1980 1982
f 1922 2044 1984
f 1898 2062 1923
f 1907 1908 2021
f 1881 1945 1946
f 1969 1868 2024
f 1990 1926 1988
f 1970 1988 1926
f 1926 1990 1948
f 1990 2046 1927
f 2034 1927 2046
f 2004 1871 2006
f 1843 2005 1913
f 1929 2050 2015
f 1913 2007 1950
f 1950 2007 1960
f 1993 1960 2007
f 1993 1962 1961
f 1973 1975 1992
f 1974 1973 1992
f 1933 1977 1934
f 1955 1934 1977
f 1952 1964 1951
f 2009 1955 1977
f 2009 1954 1955
f 1935 1956 2010
f 1906 2040 1994
f 2089 1936 2011
f 1937 1854 1995
f 1854 1920 1995
f 1995 1920 1980
f 2058 1941 1939
f 2042 1983 1941
f 2058 2042 1941
f 1982 1942 2012
f 2012 1942 1998
f 1965 1998 1942
f 1983 1997 1922
f 1923 2077 1957
f 1908 2013 2021
f 2013 1908 1999
f 1966 1986 2000
f 2000 1999 1966
f 1946 1985 1967
f 1868 2003 2024
f 1958 2002 1911
f 2002 1947 1911
f 1947 2045 1860
f 1837 1987 2068
f 1925 1928 1989
f 1928 1959 2085
f 2004 2085 1959
f 2008 2070 1929
f 1972 1974 2008
f 1962 1993 1976
f 1933 2053 1977
f 2089 1956 1936
f 2011 1937 1995
f 2017 2057 1996
f 1995 1980 2027
f 1939 1996 2058
f 1981 2027 1980
f 1997 2044 1922
f 2062 2077 1923
f 1945 1957 1946
f 1957 2022 1946
f 2000 1986 2031
f 1967 2023 1968
f 1967 1985 2023
f 2001 2066 2031
f 2031 1986 2001
f 2034 1991 1870
f 2005 2087 1913
f 1929 2070 2050
f 1993 2007 2016
f 1976 1993 2037
f 1975 1932 1992
f 2037 1933 1976
f 1933 2071 2053
f 1954 2009 2054
f 1978 1954 2054
f 1995 2089 2011
f 1982 2041 1981
f 2042 1997 1983
f 1965 2020 1998
f 1944 1907 2030
f 2030 1907 2021
f 1946 2022 1985
f 2066 2001 1969
f 2002 2045 1947
f 2003 1837 2068
f 1860 2045 1988
f 1971 2033 1987
f 1971 1925 2033
f 1990 1988 2084
f 2084 1988 2014
f 1990 2084 2046
f 1928 2085 1989
f 2006 2015 2049
f 2104 2007 1913
f 2008 1974 2051
f 1974 1992 2107
f 2107 2051 1974
f 1993 2016 2036
f 1993 2036 2037
f 1932 1963 2026
f 1933 2038 2071
f 1964 2026 1963
f 1977 2053 2073
f 1977 2073 2009
f 2009 2073 2054
f 2055 2040 2010
f 2055 2010 1956
f 2018 1995 2027
f 2041 2027 1981
f 1982 2019 2041
f 2019 1982 2012
f 2012 1998 2019
f 2019 1998 2020
f 1965 1944 2043
f 2062 1984 2095
f 2023 2032 1968
f 2032 1924 1968
f 1958 2081 2002
f 1925 2069 2033
f 2069 1925 1989
f 2004 2006 2048
f 2087 2104 1913
f 1992 1932 2025
f 2025 1932 2113
f 1952 2072 1964
f 1952 2039 2072
f 2039 1952 1978
f 1956 2089 2055
f 2090 1994 2040
f 1994 2090 1979
f 2090 2017 1979
f 2041 2028 2027
f 2041 2019 2059
f 2059 2019 2020
f 2042 2029 1997
f 2029 2044 1997
f 2020 1965 2043
f 2043 1944 2096
f 1944 2030 2096
f 2077 2022 1957
f 2013 1999 2063
f 2064 2023 1985
f 2023 2064 2032
f 2032 2081 1924
f 1987 2033 2068
f 2045 2014 1988
f 2104 2035 2007
f 2007 2035 2016
f 2051 2070 2008
f 2036 2016 2035
f 2107 1992 2025
f 2038 1933 2037
f 2026 1964 2052
f 2088 2054 2073
f 1978 2054 2039
f 2018 2027 2074
f 2057 2178 1996
f 2027 2028 2132
f 1996 2178 2058
f 2059 2020 2043
f 2044 2095 1984
f 2021 2013 2098
f 2063 2098 2013
f 2100 1985 2022
f 2100 2064 1985
f 2031 2066 2079
f 2000 2031 2079
f 2064 2065 2032
f 2065 2080 2032
f 2081 1958 1924
f 2002 2082 2045
f 2083 2014 2045
f 2033 2069 2102
f 2034 2046 2047
f 2085 2004 2048
f 2034 2086 1991
f 2048 2006 2049
f 2035 2105 2036
f 1964 2072 2052
f 2040 2055 2056
f 2040 2056 2090
f 1995 2018 2130
f 2074 2027 2132
f 2132 2028 2147
f 2029 2042 2075
f 2060 2029 2075
f 2059 2061 2041
f 2029 2060 2044
f 2095 2044 2060
f 2111 2062 2095
f 2062 2118 2077
f 2063 1999 2000
f 2079 2078 2000
f 2032 2080 2081
f 2024 2003 2067
f 2081 2082 2002
f 2067 2003 2068
f 2033 2123 2068
f 2084 2173 2046
f 1991 2086 2005
f 2143 2087 2005
f 2126 2015 2050
f 2037 2036 2038
f 2057 2017 2131
f 2028 2041 2091
f 2042 2058 2109
f 2061 2091 2041
f 2042 2109 2075
f 2059 2043 2076
f 2076 2043 2096
f 2077 2097 2022
f 2000 2078 2063
f 2066 2140 2079
f 2080 2159 2081
f 1969 2024 2066
f 2045 2188 2083
f 2047 2086 2034
f 2086 2143 2005
f 2015 2126 2049
f 2126 2125 2049
f 2166 2036 2105
f 2025 2113 2107
f 2113 1932 2026
f 2053 2071 2073
f 2129 2054 2088
f 2056 2114 2090
f 2130 2089 1995
f 2017 2090 2131
f 2147 2028 2091
f 2092 2091 2061
f 2059 2076 2061
f 2060 2075 2093
f 2093 2075 2094
f 2094 2075 2109
f 2076 2092 2061
f 2060 2093 2095
f 2096 2030 2116
f 2110 2030 2021
f 2118 2097 2077
f 2098 2112 2021
f 2097 2099 2022
f 2098 2063 2078
f 2100 2022 2099
f 2139 2064 2100
f 2064 2139 2065
f 2139 2080 2065
f 2024 2067 2101
f 2067 2068 2162
f 2082 2142 2045
f 2123 2033 2102
f 2069 2103 2102
f 2014 2083 2084
f 2085 2048 2226
f 2049 2125 2048
f 2070 2051 2106
f 2035 2174 2105
f 2051 2107 2106
f 2105 2174 2166
f 2113 2026 2052
f 2071 2128 2073
f 2128 2088 2073
f 2054 2129 2039
f 2089 2108 2055
f 2108 2056 2055
f 2130 2108 2089
f 2056 2108 2114
f 2018 2074 2130
f 2178 2109 2058
f 2147 2091 2115
f 2091 2092 2115
f 2093 2094 2133
f 2116 2092 2076
f 2116 2076 2096
f 2093 2111 2095
f 2116 2030 2110
f 2062 2111 2118
f 2110 2021 2112
f 2099 2139 2100
f 2066 2024 2121
f 2024 2101 2121
f 2081 2141 2082
f 2101 2067 2162
f 2162 2068 2169
f 2142 2188 2045
f 2164 2103 2069
f 2069 1989 2164
f 1989 2085 2164
f 2164 2085 2212
f 2046 2173 2047
f 2225 2086 2047
f 2226 2048 2125
f 2087 2144 2104
f 2104 2174 2035
f 2106 2107 2127
f 2107 2113 2145
f 2107 2145 2127
f 2038 2175 2071
f 2052 2072 2231
f 2108 2130 2168
f 2130 2074 2146
f 2146 2074 2132
f 2115 2092 2180
f 2134 2180 2092
f 2134 2092 2116
f 2117 2093 2133
f 2093 2117 2111
f 2112 2098 2119
f 2138 2120 2079
f 2119 2078 2120
f 2078 2079 2120
f 2119 2098 2078
f 2139 2137 2158
f 2079 2140 2138
f 2137 2139 2099
f 2161 2101 2122
f 2162 2122 2101
f 2184 2142 2141
f 2141 2142 2082
f 2068 2123 2163
f 2123 2102 2124
f 2102 2103 2124
f 2084 2083 2165
f 2085 2226 2212
f 2086 2225 2143
f 2113 2193 2145
f 2036 2166 2038
f 2168 2176 2108
f 2176 2114 2108
f 2131 2090 2114
f 2057 2131 2148
f 2196 2115 2180
f 2150 2180 2134
f 2117 2133 2135
f 2153 2134 2116
f 2153 2116 2110
f 2117 2135 2111
f 2135 2151 2111
f 2153 2110 2155
f 2111 2151 2118
f 2110 2112 2155
f 2151 2136 2118
f 2155 2112 2119
f 2120 2152 2119
f 2118 2136 2097
f 2097 2136 2099
f 2156 2137 2136
f 2137 2099 2136
f 2158 2137 2156
f 2139 2158 2080
f 2159 2160 2081
f 2161 2121 2101
f 2169 2068 2163
f 2163 2123 2171
f 2123 2124 2171
f 2084 2165 2173
f 2126 2050 2214
f 2214 2050 2070
f 2214 2070 2106
f 2104 2144 2174
f 2193 2113 2052
f 2167 2072 2039
f 2130 2177 2168
f 2177 2130 2146
f 2146 2132 2147
f 2178 2057 2148
f 2147 2115 2196
f 2109 2181 2094
f 2094 2181 2133
f 2181 2149 2133
f 2133 2149 2135
f 2154 2135 2149
f 2152 2150 2134
f 2153 2152 2134
f 2154 2151 2135
f 2153 2155 2152
f 2154 2136 2151
f 2154 2156 2136
f 2155 2119 2152
f 2120 2157 2152
f 2120 2138 2157
f 2138 2140 2198
f 2140 2066 2121
f 2160 2207 2141
f 2081 2160 2141
f 2122 2162 2222
f 2142 2170 2188
f 2083 2188 2189
f 2083 2189 2165
f 2106 2127 2203
f 2203 2127 2228
f 2127 2145 2228
f 2193 2052 2215
f 2167 2231 2072
f 2128 2216 2088
f 2148 2131 2205
f 2178 2148 2179
f 2149 2182 2154
f 2150 2152 2183
f 2154 2182 2156
f 2152 2157 2183
f 2158 2156 2182
f 2157 2138 2218
f 2158 2197 2080
f 2218 2138 2198
f 2080 2197 2159
f 2160 2159 2206
f 2162 2208 2222
f 2208 2162 2169
f 2260 2170 2142
f 2170 2261 2188
f 2124 2172 2171
f 2124 2103 2172
f 2201 2103 2164
f 2164 2246 2201
f 2164 2212 2246
f 2173 2190 2047
f 2190 2225 2047
f 2143 2213 2087
f 2144 2265 2174
f 2265 2248 2174
f 2038 2166 2192
f 2052 2231 2215
f 2128 2071 2216
f 2039 2129 2167
f 2176 2168 2204
f 2131 2176 2195
f 2131 2114 2176
f 2146 2147 2234
f 2148 2205 2179
f 2178 2181 2109
f 2183 2157 2239
f 2182 2254 2158
f 2157 2218 2239
f 2140 2121 2198
f 2159 2199 2206
f 2121 2161 2200
f 2207 2184 2141
f 2184 2185 2142
f 2186 2208 2169
f 2142 2185 2260
f 2186 2169 2187
f 2169 2163 2187
f 2103 2201 2172
f 2165 2202 2173
f 2211 2173 2202
f 2211 2190 2173
f 2125 2126 2264
f 2264 2126 2191
f 2126 2214 2191
f 2214 2106 2247
f 2247 2106 2203
f 2145 2193 2267
f 2145 2267 2228
f 2192 2175 2038
f 2216 2071 2269
f 2129 2088 2250
f 2168 2177 2194
f 2168 2194 2204
f 2195 2176 2204
f 2177 2146 2234
f 2131 2195 2205
f 2234 2147 2196
f 2196 2180 2217
f 2217 2180 2251
f 2181 2236 2149
f 2180 2150 2251
f 2150 2183 2255
f 2255 2183 2256
f 2183 2239 2256
f 2199 2159 2197
f 2198 2121 2200
f 2161 2221 2241
f 2161 2241 2200
f 2206 2223 2160
f 2161 2122 2221
f 2223 2207 2160
f 2122 2222 2221
f 2209 2186 2187
f 2210 2165 2189
f 2210 2202 2165
f 2291 2143 2225
f 2226 2125 2328
f 2264 2328 2125
f 2087 2213 2144
f 2166 2174 2227
f 2166 2227 2192
f 2216 2250 2088
f 2129 2308 2167
f 2195 2204 2232
f 2194 2177 2234
f 2271 2252 2179
f 2252 2178 2179
f 2252 2181 2178
f 2251 2150 2273
f 2149 2236 2182
f 2273 2150 2255
f 2200 2220 2198
f 2199 2197 2219
f 2199 2219 2206
f 2207 2223 2184
f 2222 2208 2242
f 2185 2286 2260
f 2172 2163 2171
f 2291 2337 2143
f 2143 2263 2213
f 2174 2248 2227
f 2267 2193 2280
f 2175 2229 2071
f 2249 2231 2167
f 2343 2250 2216
f 2308 2129 2250
f 2205 2195 2233
f 2179 2205 2233
f 2179 2233 2271
f 2196 2217 2235
f 2158 2237 2197
f 2238 2197 2237
f 2218 2198 2220
f 2219 2197 2238
f 2206 2219 2240
f 2206 2240 2223
f 2223 2240 2285
f 2243 2184 2223
f 2185 2184 2243
f 2242 2208 2277
f 2209 2187 2304
f 2170 2260 2244
f 2304 2187 2287
f 2170 2244 2261
f 2187 2163 2287
f 2202 2224 2211
f 2144 2213 2265
f 2229 2175 2192
f 2269 2230 2216
f 2216 2230 2343
f 2249 2167 2308
f 2204 2194 2232
f 2232 2233 2195
f 2234 2196 2235
f 2235 2217 2251
f 2252 2236 2181
f 2236 2253 2182
f 2182 2253 2254
f 2237 2158 2254
f 2283 2237 2254
f 2239 2218 2258
f 2258 2218 2220
f 2220 2200 2241
f 2259 2222 2242
f 2221 2222 2259
f 2242 2223 2259
f 2185 2243 2286
f 2208 2186 2277
f 2188 2261 2189
f 2163 2172 2245
f 2189 2261 2210
f 2201 2245 2172
f 2201 2289 2245
f 2289 2201 2246
f 2224 2262 2211
f 2262 2190 2211
f 2262 2290 2190
f 2190 2290 2225
f 2337 2263 2143
f 2247 2203 2266
f 2228 2266 2203
f 2294 2229 2192
f 2215 2280 2193
f 2229 2269 2071
f 2194 2234 2232
f 2234 2270 2232
f 2233 2232 2270
f 2272 2236 2252
f 2253 2236 2272
f 2283 2257 2237
f 2256 2239 2276
f 2238 2237 2257
f 2258 2276 2239
f 2219 2238 2257
f 2220 2241 2258
f 2241 2300 2258
f 2241 2221 2284
f 2221 2259 2284
f 2223 2285 2259
f 2223 2242 2243
f 2242 2277 2243
f 2243 2277 2286
f 2286 2375 2260
f 2278 2244 2260
f 2163 2245 2288
f 2210 2224 2202
f 2210 2305 2224
f 2212 2226 2318
f 2290 2291 2225
f 2191 2214 2292
f 2214 2247 2292
f 2267 2268 2228
f 2268 2266 2228
f 2231 2296 2215
f 2231 2249 2296
f 2272 2252 2271
f 2273 2255 2282
f 2253 2274 2254
f 2282 2255 2275
f 2255 2256 2275
f 2254 2274 2283
f 2276 2275 2256
f 2241 2301 2300
f 2284 2301 2241
f 2303 2277 2186
f 2260 2375 2278
f 2305 2210 2261
f 2246 2212 2279
f 2246 2279 2289
f 2212 2318 2279
f 2340 2265 2213
f 2292 2247 2329
f 2329 2247 2266
f 2306 2227 2248
f 2267 2293 2268
f 2192 2227 2294
f 2215 2296 2295
f 2296 2249 2297
f 2250 2343 2308
f 2308 2309 2249
f 2270 2234 2281
f 2234 2235 2298
f 2298 2281 2234
f 2233 2270 2281
f 2282 2299 2273
f 2283 2274 2333
f 2347 2275 2276
f 2258 2300 2276
f 2302 2219 2257
f 2219 2302 2240
f 2240 2302 2285
f 2286 2277 2349
f 2209 2303 2186
f 2287 2163 2314
f 2314 2163 2288
f 2245 2335 2288
f 2245 2289 2335
f 2289 2279 2317
f 2224 2290 2262
f 2318 2226 2328
f 2263 2339 2213
f 2265 2320 2306
f 2248 2265 2306
f 2268 2329 2266
f 2307 2227 2306
f 2307 2294 2227
f 2267 2280 2293
f 2280 2215 2383
f 2383 2215 2295
f 2233 2281 2271
f 2251 2299 2235
f 2273 2299 2251
f 2272 2312 2253
f 2282 2332 2299
f 2333 2274 2345
f 2324 2257 2283
f 2323 2276 2300
f 2324 2302 2257
f 2284 2285 2302
f 2285 2284 2259
f 2287 2314 2304
f 2315 2261 2244
f 2261 2334 2305
f 2224 2316 2290
f 2305 2316 2224
f 2336 2291 2290
f 2318 2328 2319
f 2340 2320 2265
f 2294 2307 2321
f 2230 2269 2342
f 2249 2309 2297
f 2281 2298 2311
f 2281 2311 2271
f 2298 2235 2310
f 2310 2311 2298
f 2235 2299 2310
f 2271 2331 2272
f 2331 2312 2272
f 2282 2313 2332
f 2253 2345 2274
f 2313 2282 2275
f 2323 2347 2276
f 2333 2324 2283
f 2302 2325 2301
f 2301 2284 2302
f 2349 2277 2303
f 2349 2375 2286
f 2361 2303 2304
f 2303 2209 2304
f 2361 2304 2314
f 2315 2244 2278
f 2314 2288 2326
f 2288 2335 2351
f 2289 2317 2335
f 2279 2318 2317
f 2316 2352 2290
f 2290 2352 2336
f 2337 2291 2336
f 2328 2264 2353
f 2264 2191 2354
f 2339 2340 2213
f 2320 2307 2306
f 2293 2280 2383
f 2311 2310 2322
f 2311 2322 2271
f 2331 2271 2322
f 2312 2345 2253
f 2325 2302 2324
f 2361 2314 2368
f 2314 2326 2368
f 2261 2402 2334
f 2305 2327 2316
f 2305 2334 2327
f 2327 2352 2316
f 2318 2379 2378
f 2317 2318 2378
f 2318 2319 2379
f 2353 2319 2328
f 2264 2354 2353
f 2320 2340 2330
f 2356 2268 2341
f 2341 2268 2293
f 2329 2268 2356
f 2321 2229 2294
f 2373 2393 2296
f 2297 2373 2296
f 2343 2230 2374
f 2322 2310 2299
f 2322 2299 2332
f 2275 2347 2313
f 2325 2323 2300
f 2300 2301 2325
f 2375 2315 2278
f 2363 2261 2315
f 2363 2402 2261
f 2362 2288 2417
f 2417 2288 2351
f 2335 2317 2351
f 2378 2351 2317
f 2337 2338 2263
f 2338 2339 2263
f 2354 2191 2292
f 2292 2329 2355
f 2355 2329 2356
f 2357 2321 2307
f 2341 2293 2383
f 2321 2357 2229
f 2372 2383 2295
f 2229 2367 2269
f 2372 2295 2393
f 2269 2367 2342
f 2296 2393 2295
f 2374 2230 2342
f 2343 2374 2309
f 2343 2309 2308
f 2385 2297 2309
f 2322 2344 2331
f 2322 2332 2344
f 2312 2331 2344
f 2358 2344 2332
f 2344 2345 2312
f 2332 2313 2358
f 2333 2345 2359
f 2346 2313 2347
f 2348 2333 2360
f 2346 2347 2323
f 2348 2346 2323
f 2348 2324 2333
f 2348 2323 2325
f 2348 2325 2324
f 2394 2375 2349
f 2349 2303 2361
f 2350 2315 2375
f 2315 2350 2363
f 2288 2362 2326
f 2369 2351 2378
f 2365 2356 2341
f 2307 2320 2330
f 2366 2357 2307
f 2385 2373 2297
f 2309 2374 2385
f 2344 2358 2359
f 2344 2359 2345
f 2358 2313 2346
f 2359 2358 2346
f 2333 2359 2360
f 2360 2359 2346
f 2346 2348 2360
f 2368 2326 2362
f 2334 2402 2377
f 2352 2371 2336
f 2327 2371 2352
f 2337 2336 2380
f 2380 2338 2337
f 2354 2292 2355
f 2340 2339 2389
f 2340 2364 2330
f 2330 2366 2307
f 2366 2384 2357
f 2384 2229 2357
f 2392 2342 2367
f 2415 2374 2342
f 2393 2373 2399
f 2349 2361 2394
f 2375 2416 2350
f 2402 2363 2350
f 2351 2369 2376
f 2334 2377 2327
f 2370 2369 2378
f 2327 2377 2386
f 2371 2380 2336
f 2353 2407 2319
f 2354 2423 2353
f 2340 2389 2364
f 2381 2356 2365
f 2381 2355 2356
f 2392 2415 2342
f 2368 2362 2417
f 2417 2351 2376
f 2371 2327 2386
f 2370 2379 2396
f 2379 2370 2378
f 2379 2319 2388
f 2319 2407 2388
f 2353 2423 2407
f 2355 2397 2354
f 2382 2366 2330
f 2382 2384 2366
f 2365 2341 2413
f 2341 2383 2413
f 2413 2383 2429
f 2429 2383 2372
f 2399 2373 2400
f 2373 2385 2400
f 2416 2375 2394
f 2368 2395 2361
f 2418 2402 2350
f 2371 2386 2387
f 2379 2405 2396
f 2405 2379 2388
f 2371 2387 2380
f 2397 2423 2354
f 2381 2397 2355
f 2364 2390 2330
f 2398 2381 2365
f 2390 2382 2330
f 2365 2413 2398
f 2382 2412 2384
f 2412 2229 2384
f 2429 2372 2391
f 2367 2414 2392
f 2372 2393 2430
f 2400 2385 2374
f 2368 2417 2395
f 2350 2416 2418
f 2376 2369 2419
f 2419 2369 2370
f 2386 2377 2404
f 2387 2408 2380
f 2408 2338 2380
f 2389 2339 2338
f 2412 2382 2390
f 2412 2436 2229
f 2393 2399 2430
f 2415 2400 2374
f 2361 2395 2394
f 2417 2401 2395
f 2417 2376 2401
f 2376 2419 2401
f 2370 2396 2403
f 2420 2396 2405
f 2387 2386 2404
f 2409 2387 2404
f 2406 2420 2405
f 2409 2408 2387
f 2406 2405 2407
f 2405 2388 2407
f 2409 2410 2408
f 2408 2410 2338
f 2338 2410 2389
f 2410 2411 2389
f 2423 2397 2426
f 2426 2397 2425
f 2389 2411 2364
f 2411 2390 2364
f 2413 2425 2398
f 2381 2398 2397
f 2397 2398 2425
f 2436 2367 2229
f 2392 2414 2443
f 2391 2372 2430
f 2394 2395 2444
f 2394 2444 2416
f 2402 2439 2377
f 2370 2403 2419
f 2409 2404 2432
f 2421 2420 2406
f 2424 2409 2432
f 2410 2409 2424
f 2422 2421 2406
f 2407 2423 2406
f 2423 2422 2406
f 2423 2426 2422
f 2426 2425 2422
f 2424 2411 2410
f 2411 2424 2427
f 2390 2411 2427
f 2425 2413 2428
f 2390 2427 2412
f 2427 2436 2412
f 2414 2367 2436
f 2443 2461 2392
f 2392 2461 2415
f 2399 2433 2430
f 2399 2400 2433
f 2434 2402 2418
f 2439 2402 2434
f 2377 2439 2404
f 2439 2435 2404
f 2396 2420 2403
f 2404 2435 2432
f 2421 2422 2431
f 2424 2432 2441
f 2431 2422 2440
f 2422 2425 2440
f 2424 2441 2427
f 2425 2428 2440
f 2454 2429 2391
f 2415 2433 2400
f 2416 2444 2437
f 2418 2416 2437
f 2401 2419 2438
f 2403 2420 2421
f 2421 2431 2450
f 2450 2431 2440
f 2441 2436 2427
f 2440 2428 2451
f 2428 2413 2451
f 2413 2429 2451
f 2454 2391 2447
f 2391 2430 2447
f 2415 2461 2433
f 2395 2401 2456
f 2418 2437 2449
f 2434 2418 2449
f 2419 2403 2438
f 2403 2421 2450
f 2442 2436 2441
f 2414 2436 2460
f 2460 2443 2414
f 2430 2433 2448
f 2433 2461 2448
f 2438 2456 2401
f 2434 2449 2457
f 2438 2403 2446
f 2445 2439 2434
f 2439 2445 2435
f 2403 2450 2446
f 2450 2440 2466
f 2459 2453 2436
f 2451 2429 2452
f 2436 2453 2460
f 2429 2454 2452
f 2460 2461 2443
f 2447 2430 2448
f 2444 2395 2455
f 2456 2455 2395
f 2444 2455 2437
f 2437 2455 2449
f 2445 2434 2457
f 2460 2479 2461
f 2447 2476 2454
f 2438 2469 2456
f 2446 2469 2438
f 2446 2450 2470
f 2465 2435 2445
f 2465 2458 2435
f 2458 2432 2435
f 2470 2450 2466
f 2432 2458 2441
f 2441 2458 2442
f 2467 2440 2451
f 2442 2459 2436
f 2475 2451 2452
f 2475 2452 2480
f 2476 2447 2448
f 2455 2456 2462
f 2449 2455 2462
f 2449 2462 2457
f 2457 2463 2445
f 2464 2465 2445
f 2470 2466 2471
f 2465 2472 2458
f 2466 2440 2467
f 2467 2451 2468
f 2451 2475 2468
f 2452 2454 2480
f 2453 2479 2460
f 2448 2461 2481
f 2463 2464 2445
f 2471 2493 2470
f 2471 2466 2473
f 2472 2474 2458
f 2466 2467 2473
f 2458 2474 2442
f 2473 2467 2478
f 2468 2478 2467
f 2442 2474 2459
f 2482 2459 2474
f 2476 2480 2454
f 2479 2481 2461
f 2462 2456 2477
f 2457 2462 2477
f 2456 2469 2477
f 2463 2457 2477
f 2446 2470 2469
f 2470 2493 2469
f 2464 2472 2465
f 2474 2472 2495
f 2475 2483 2468
f 2475 2480 2483
f 2484 2479 2453
f 2481 2480 2476
f 2481 2476 2448
f 2477 2485 2463
f 2488 2493 2471
f 2471 2473 2488
f 2489 2482 2474
f 2468 2490 2478
f 2482 2453 2459
f 2453 2482 2484
f 2479 2484 2486
f 2486 2487 2479
f 2487 2480 2481
f 2479 2487 2481
f 2477 2469 2485
f 2495 2472 2464
f 2489 2474 2495
f 2483 2490 2468
f 2491 2482 2502
f 2482 2491 2484
f 2486 2484 2491
f 2492 2483 2480
f 2480 2487 2492
f 2463 2485 2464
f 2469 2493 2485
f 2499 2488 2473
f 2478 2499 2473
f 2490 2499 2478
f 2483 2492 2496
f 2492 2486 2491
f 2486 2492 2487
f 2485 2494 2464
f 2493 2494 2485
f 2497 2494 2493
f 2493 2488 2497
f 2494 2495 2464
f 2482 2489 2502
f 2496 2490 2483
f 2496 2491 2502
f 2491 2496 2492
f 2498 2495 2494
f 2495 2498 2489
f 2497 2499 2500
f 2488 2499 2497
f 2498 2503 2489
f 2490 2500 2499
f 2503 2502 2489
f 2501 2500 2490
f 2502 2501 2496
f 2501 2490 2496
f 2494 2497 2504
f 2494 2504 2498
f 2497 2500 2504
f 2498 2504 2503
f 2500 2501 2504
f 2504 2501 2503
f 2503 2501 2502

